exp_id,model,batch_size,lr,weight_decay,dropout,seed,unique_id,duration,total_energy_J,accuracy_0,accuracy,precision_0,precision,recall_0,recall,specificity_0,specificity,epochs,optimizer,test_accuracy,Pg_0,Pg,EDP,EDPinv,EDPinv_per_epoch,EEDP,EEDPinv,EEDP2,EEDPinv2,FLOPS,FLOPS_,FPJ,n_samples,rate,tot_samples,SPJ,Eg,Eg2,Eg3
2001,vit_b_32,128,0.03,0.0,0.0,1,2001_vit_b_32,2528.1926074950024,320887.38775906584,0.6402,0.866,0.667974993818804,0.8644497833585908,0.6387066401267618,0.8644426863220543,0.9963656537925476,0.998646463613678,10,SGD,0.8599,0.2721423019282606,0.6462575569600165,811265121.5708526,1.23264266318229e-09,1.23264266318229e-10,81126512.15708525,1.2326426631822901e-08,8112651.215708526,1.23264266318229e-06,4398947904,43989479040,137086.9679459915,,,,,,,
2002,vit_b_32,128,0.03,0.0,0.0,2,2002_vit_b_32,2541.8128033060348,323416.05180422403,0.6618,0.8655,0.6789276094850042,0.8656228746173649,0.6637420865077768,0.865722912105451,0.9965838354136828,0.998641412960202,10,SGD,0.856,0.2972100069569683,0.6477154855268221,822063061.2706645,1.2164516897940872e-09,1.2164516897940872e-10,82206306.12706645,1.2164516897940871e-08,8220630.612706644,1.2164516897940871e-06,4398947904,43989479040,136015.1383785629,,,,,,,
2003,vit_b_32,128,0.03,0.0,0.0,3,2003_vit_b_32,2539.2511471599573,321319.80768309045,0.6527,0.8639,0.6652297234444375,0.8629309323802231,0.6530072406675016,0.8636776067536104,0.9964919159738084,0.9986252512641386,10,SGD,0.8574,0.2825381097371293,0.6429744472426702,815911690.2645043,1.2256228363094264e-09,1.2256228363094263e-10,81591169.02645043,1.2256228363094266e-08,8159116.902645043,1.2256228363094264e-06,4398947904,43989479040,136902.4815407138,,,,,,,
2004,vit_b_32,128,0.03,0.0,0.0,4,2004_vit_b_32,2530.1219474009704,322665.6806049614,0.6518,0.8578,0.6795607822471103,0.8588308894677632,0.6549262160759974,0.8580234905829459,0.996482825643184,0.9985636352856428,10,SGD,0.8564,0.2890712210534055,0.631202372217227,816383520.1716845,1.2249144860122864e-09,1.2249144860122865e-10,81638352.01716845,1.2249144860122864e-08,8163835.201716845,1.2249144860122864e-06,4398947904,43989479040,136331.4467083228,,,,,,,
2005,vit_b_32,128,0.03,0.0,0.0,5,2005_vit_b_32,2539.431720810011,325295.4371560085,0.6326,0.8632,0.663222370818268,0.8632964073982617,0.6359185293981333,0.8635827556082124,0.996288885050707,0.9986181803890491,10,SGD,0.8621,0.2658123280886957,0.6426504192565531,826065551.7487274,1.2105576825992374e-09,1.2105576825992376e-10,82606555.17487274,1.2105576825992376e-08,8260655.5174872745,1.2105576825992374e-06,4398947904,43989479040,135229.3146949463,,,,,,,
2006,vit_b_32,128,0.03,0.0,0.0,6,2006_vit_b_32,2551.300434932928,323600.48912271817,0.6731,0.859,0.6864444515783664,0.8597256084637772,0.6740008019620377,0.8588784339929973,0.9966979777785532,0.9985757567047294,10,SGD,0.8601,0.3103908998624552,0.633382037931092,825602068.6432991,1.2112372751721501e-09,1.2112372751721503e-10,82560206.86432992,1.2112372751721499e-08,8256020.686432992,1.2112372751721499e-06,4398947904,43989479040,135937.61603777425,,,,,,,
2007,vit_b_32,128,0.03,0.0,0.0,7,2007_vit_b_32,2546.5769042260945,325599.7234180979,0.6407,0.8611,0.6686827827124282,0.8604512077135728,0.642435476711666,0.8611626928218813,0.9963707045667644,0.998596968728983,10,SGD,0.8595,0.2742365461523373,0.637169953933189,829164735.6789323,1.2060329593988163e-09,1.2060329593988162e-10,82916473.56789324,1.2060329593988161e-08,8291647.3567893235,1.2060329593988161e-06,4398947904,43989479040,135102.93736802027,,,,,,,
2008,vit_b_32,128,0.03,0.0,0.0,8,2008_vit_b_32,2542.6076699959813,318623.29285627906,0.6491,0.8594,0.6653778757459411,0.8580044613651566,0.6452943812299777,0.8576654208625704,0.9964555527256472,0.9985797968458991,10,SGD,0.8592,0.2777127253972241,0.631517763871524,810134028.2557509,1.2343636548054125e-09,1.2343636548054125e-10,81013402.8255751,1.2343636548054124e-08,8101340.28255751,1.2343636548054124e-06,4398947904,43989479040,138061.08977676742,,,,,,,
2009,vit_b_32,128,0.03,0.0,0.0,9,2009_vit_b_32,2537.370563410106,323155.5060226259,0.6467,0.8643,0.6744264268591053,0.8646933053331114,0.6481698530055264,0.8646541686749568,0.9964313105465112,0.9986292919364892,10,SGD,0.8607,0.2816914296007607,0.6453173621912985,819965268.3857082,1.219563850513732e-09,1.219563850513732e-10,81996526.83857082,1.219563850513732e-08,8199652.683857081,1.2195638505137321e-06,4398947904,43989479040,136124.80128040913,,,,,,,
2011,vit_b_32,128,0.035,0.0,0.0,1,2011_vit_b_32,2526.29286248202,319000.8797567165,0.6435,0.8654,0.6685053759872294,0.8639662656602151,0.6419012222820808,0.8638706400403803,0.9963989871513153,0.9986404030029932,10,SGD,0.8619,0.2751407618060393,0.6450175378073097,805889645.654878,1.2408646833865014e-09,1.2408646833865013e-10,80588964.5654878,1.2408646833865015e-08,8058896.45654878,1.2408646833865013e-06,4398947904,43989479040,137897.67311472064,,,,,,,
2012,vit_b_32,128,0.035,0.0,0.0,2,2012_vit_b_32,2562.1847165599465,324885.48707398574,0.6709,0.866,0.6942815684684159,0.8664733523824854,0.6724872154326664,0.866190727878664,0.9966757546855208,0.9986464634696438,10,SGD,0.8575,0.3121988894739725,0.6490802605498511,832416629.6131003,1.2013215070736766e-09,1.2013215070736765e-10,83241662.96131004,1.2013215070736762e-08,8324166.296131005,1.2013215070736762e-06,4398947904,43989479040,135399.9510294602,,,,,,,
2013,vit_b_32,128,0.035,0.0,0.0,3,2013_vit_b_32,2547.006213780958,319746.2607330739,0.6629,0.8652,0.6766247107735184,0.8639049681303024,0.6629784642684717,0.8648549331468012,0.9965949463713528,0.9986383825893156,10,SGD,0.8603,0.2963561712871795,0.645556121087189,814395712.9203657,1.2279043027057086e-09,1.2279043027057086e-10,81439571.29203658,1.2279043027057084e-08,8143957.129203658,1.2279043027057083e-06,4398947904,43989479040,137576.2110216597,,,,,,,
2014,vit_b_32,128,0.035,0.0,0.0,4,2014_vit_b_32,2555.9407432179432,323805.0791710493,0.6519,0.8588,0.6798609596160506,0.8595884255018953,0.6547884774391872,0.8589809914848553,0.996483835744952,0.9985737363033244,10,SGD,0.8568,0.289182741514597,0.6332078460517357,827626594.7141967,1.2082743671925246e-09,1.2082743671925247e-10,82762659.47141966,1.2082743671925246e-08,8276265.947141967,1.2082743671925247e-06,4398947904,43989479040,135851.7264541198,,,,,,,
2015,vit_b_32,128,0.035,0.0,0.0,5,2015_vit_b_32,2533.438789554988,321997.49872141285,0.6464,0.8655,0.677876443064196,0.8653274813533876,0.6496787016599491,0.8661141232974368,0.996428279134268,0.9986414127363094,10,SGD,0.8611,0.2836589976020945,0.6477870488957007,815760953.40051,1.2258493077310052e-09,1.2258493077310052e-10,81576095.340051,1.2258493077310053e-08,8157609.5340051,1.2258493077310053e-06,4398947904,43989479040,136614.35015698368,,,,,,,
2016,vit_b_32,128,0.035,0.0,0.0,6,2016_vit_b_32,2532.4401104659773,322486.4253053477,0.6825,0.8603,0.6983289347745996,0.8607092761500277,0.6835968608281858,0.8601983377416738,0.9967929273315712,0.9985888880258914,10,SGD,0.8604,0.3247638643039032,0.6360506993470316,816677558.524053,1.2244734651546665e-09,1.2244734651546665e-10,81667755.8524053,1.2244734651546664e-08,8166775.58524053,1.2244734651546664e-06,4398947904,43989479040,136407.22705877732,,,,,,,
2017,vit_b_32,128,0.035,0.0,0.0,7,2017_vit_b_32,2538.662573425914,322067.8878699424,0.6561,0.8648,0.6845246711248797,0.8645054093302784,0.6572647563415985,0.8649289462320701,0.996526260229642,0.998634342492142,10,SGD,0.8602,0.2941631286459805,0.6457587876015188,817621693.0377568,1.2230595255914047e-09,1.2230595255914047e-10,81762169.30377568,1.2230595255914047e-08,8176216.930377568,1.2230595255914048e-06,4398947904,43989479040,136584.4925768068,,,,,,,
2018,vit_b_32,128,0.035,0.0,0.0,8,2018_vit_b_32,2551.5164309439715,322303.6652373115,0.6378,0.8604,0.6607455342862016,0.8588261054005616,0.6342141599175914,0.8586209977033207,0.9963414112203745,0.9985898978640648,10,SGD,0.8596,0.2662949110510659,0.6335695727086733,822363097.6064656,1.2160078715965693e-09,1.2160078715965692e-10,82236309.76064655,1.2160078715965694e-08,8223630.976064656,1.2160078715965693e-06,4398947904,43989479040,136484.57583506114,,,,,,,
2019,vit_b_32,128,0.035,0.0,0.0,9,2019_vit_b_32,2529.1504477909766,322358.69951971306,0.6477,0.8646,0.6750893361594404,0.865054937660557,0.6497970471084616,0.8645567422374911,0.9964414115639282,0.998632322241714,10,SGD,0.863,0.2831161518056286,0.6457405230058676,815293649.2395991,1.2265519312368877e-09,1.2265519312368876e-10,81529364.92395991,1.2265519312368877e-08,8152936.492395991,1.2265519312368876e-06,4398947904,43989479040,136461.27467799245,,,,,,,
2021,vit_b_32,128,0.04,0.0,0.0,1,2021_vit_b_32,2535.228120952961,322544.27899676806,0.6626,0.8678,0.687354900950901,0.8664580790214955,0.6613454958229933,0.8661748255457167,0.9965919165914552,0.9986646454457332,10,SGD,0.8607,0.3001775616454388,0.6504178236854982,817723326.365104,1.222907513773811e-09,1.2229075137738112e-10,81772332.63651039,1.2229075137738113e-08,8177233.2636510385,1.2229075137738112e-06,4398947904,43989479040,136382.76014947015,,,,,,,
2022,vit_b_32,128,0.04,0.0,0.0,2,2022_vit_b_32,2552.167818643968,319983.0763881485,0.6658,0.8649,0.687376263186332,0.864877590800852,0.6680921693735787,0.8650312609117243,0.996624239489216,0.9986353523488722,10,SGD,0.8584,0.304723640939842,0.6461885828978355,816650510.0685271,1.2245140212011716e-09,1.2245140212011717e-10,81665051.00685272,1.2245140212011714e-08,8166505.100685271,1.2245140212011716e-06,4398947904,43989479040,137474.3925101824,,,,,,,
2023,vit_b_32,128,0.04,0.0,0.0,3,2023_vit_b_32,2528.920557445963,320427.18310687307,0.6495,0.8662,0.6638392574012437,0.8650898291118421,0.6498042821149242,0.8657612239077372,0.9964595927118336,0.9986484836086827,10,SGD,0.8599,0.2791800292448761,0.6478734202175891,810334890.523473,1.2340576861425824e-09,1.2340576861425825e-10,81033489.0523473,1.2340576861425825e-08,8103348.90523473,1.2340576861425825e-06,4398947904,43989479040,137283.85530052878,,,,,,,
2024,vit_b_32,128,0.04,0.0,0.0,4,2024_vit_b_32,2544.9558514020173,322040.2017179038,0.668,0.8585,0.6943493996427875,0.8591609803840692,0.6697982165785777,0.8589181367407785,0.9966464621296298,0.99857070599802,10,SGD,0.8586,0.3096275833461829,0.6326236727828105,819578095.7486652,1.2201399783464486e-09,1.2201399783464486e-10,81957809.57486652,1.2201399783464487e-08,8195780.957486652,1.2201399783464487e-06,4398947904,43989479040,136596.23489657755,,,,,,,
2025,vit_b_32,128,0.04,0.0,0.0,5,2025_vit_b_32,2549.7490009280154,325408.92753524147,0.6645,0.8666,0.6862644901824894,0.867249641320744,0.6676125967089195,0.8672352216177209,0.9966111076061848,0.998652523858912,10,SGD,0.8633,0.3034147982275259,0.6508997809213688,829711087.8760389,1.2052388049433934e-09,1.2052388049433935e-10,82971108.78760388,1.2052388049433935e-08,8297110.878760388,1.2052388049433936e-06,4398947904,43989479040,135182.15180262987,,,,,,,
2026,vit_b_32,128,0.04,0.0,0.0,6,2026_vit_b_32,2543.730599707924,321021.4672476835,0.6776,0.8621,0.6932016683397041,0.8625050011755084,0.6787794771722399,0.8618227951877969,0.9967434323518068,0.9986070698551928,10,SGD,0.859,0.3177935528397537,0.639929130694968,816592129.4010676,1.2246015654515965e-09,1.2246015654515966e-10,81659212.94010675,1.2246015654515966e-08,8165921.2940106755,1.2246015654515964e-06,4398947904,43989479040,137029.71149297003,,,,,,,
2027,vit_b_32,128,0.04,0.0,0.0,7,2027_vit_b_32,2532.579820955056,322033.8011239728,0.6514,0.8636,0.6777582945014439,0.8630598967860372,0.6526204979330877,0.8635059023300518,0.996478785449413,0.998622221271658,10,SGD,0.8601,0.2871120122385683,0.6427174729815103,815576306.3920273,1.226126840814972e-09,1.226126840814972e-10,81557630.63920271,1.2261268408149722e-08,8155763.063920272,1.226126840814972e-06,4398947904,43989479040,136598.94981975958,,,,,,,
2028,vit_b_32,128,0.04,0.0,0.0,8,2028_vit_b_32,2542.229243156966,322226.9248963327,0.6449,0.8632,0.6747232154431443,0.8623929606397236,0.6409608308961284,0.8612572944090373,0.9964131284493511,0.9986181807149288,10,SGD,0.8599,0.2779002656435531,0.6402491583744788,819174711.4040004,1.2207408091078391e-09,1.2207408091078391e-10,81917471.14040004,1.2207408091078391e-08,8191747.114040004,1.220740809107839e-06,4398947904,43989479040,136517.0804834275,,,,,,,
2029,vit_b_32,128,0.04,0.0,0.0,9,2029_vit_b_32,2536.537906149053,322410.27760109206,0.6468,0.8662,0.6737867489325463,0.866109235842019,0.648244226477088,0.8662599253452179,0.9964323206482528,0.9986484838695816,10,SGD,0.8628,0.2815003507844821,0.6490104951429742,817805890.467209,1.2227840513947684e-09,1.2227840513947684e-10,81780589.04672089,1.2227840513947685e-08,8178058.904672089,1.2227840513947684e-06,4398947904,43989479040,136439.44407512585,,,,,,,
2031,vit_b_32,128,0.025,0.0,0.0,1,2031_vit_b_32,2541.9703083529603,322144.5854101151,0.6318,0.8657,0.6594722613531303,0.8640089851867029,0.630278047962132,0.8639544742481219,0.9962808052429571,0.9986434333083356,10,SGD,0.8574,0.2616315408711211,0.6453376230542733,818881971.1091868,1.221177209024991e-09,1.221177209024991e-10,81888197.11091867,1.221177209024991e-08,8188819.711091868,1.221177209024991e-06,4398947904,43989479040,136551.97396534844,,,,,,,
2032,vit_b_32,128,0.025,0.0,0.0,2,2032_vit_b_32,2543.196064963005,323045.66808451473,0.6495,0.862,0.6682778512871036,0.8614451192432103,0.6511611934190542,0.8622784717138053,0.9964595928814188,0.9986060593941108,10,SGD,0.8542,0.2816335735828019,0.639405872769441,821568471.8758829,1.217184001373258e-09,1.2171840013732579e-10,82156847.18758829,1.2171840013732578e-08,8215684.718758829,1.2171840013732578e-06,4398947904,43989479040,136171.08472877444,,,,,,,
2033,vit_b_32,128,0.025,0.0,0.0,3,2033_vit_b_32,2551.347170769004,320518.1745225198,0.634,0.8597,0.6554948541967462,0.8587386056757551,0.6346563860953043,0.8594758683631945,0.9963030269116436,0.9985828269827968,10,SGD,0.8582,0.2627777857268181,0.6336153571107443,817753137.7480768,1.2228629323927677e-09,1.2228629323927678e-10,81775313.77480768,1.2228629323927676e-08,8177531.377480768,1.2228629323927677e-06,4398947904,43989479040,137244.88199626032,,,,,,,
2034,vit_b_32,128,0.025,0.0,0.0,4,2034_vit_b_32,2546.575373007916,323485.1596889471,0.6438,0.8528,0.6641859157270615,0.8532878047022645,0.6467857060540336,0.8530703211428338,0.9964020175017292,0.9985131301972334,10,SGD,0.8525,0.2755723539612482,0.61984248949422,823779341.1974057,1.2139173076936458e-09,1.2139173076936458e-10,82377934.11974058,1.2139173076936457e-08,8237793.411974058,1.2139173076936458e-06,4398947904,43989479040,135986.08072870751,,,,,,,
2035,vit_b_32,128,0.025,0.0,0.0,5,2035_vit_b_32,2531.680784825003,321316.68690440425,0.6095,0.8611,0.6373014398432859,0.8611002152359905,0.6128558496503124,0.8615041666767409,0.9960555514760508,0.9985969682458988,10,SGD,0.857,0.2371158065252597,0.6379033934554798,813471282.0795119,1.2292996962887942e-09,1.2292996962887943e-10,81347128.20795119,1.2292996962887942e-08,8134712.820795119,1.2292996962887942e-06,4398947904,43989479040,136903.81120196046,,,,,,,
2036,vit_b_32,128,0.025,0.0,0.0,6,2036_vit_b_32,2526.618629344972,321626.94272038044,0.6566,0.8555,0.6699614125288678,0.8554719302145254,0.6577183633702652,0.8553737821309642,0.9965313110099578,0.9985404031477544,10,SGD,0.8586,0.288324524305226,0.6250969136638302,812628625.1765814,1.2305744211049709e-09,1.2305744211049708e-10,81262862.51765814,1.2305744211049708e-08,8126286.251765814,1.2305744211049709e-06,4398947904,43989479040,136771.74762763595,,,,,,,
2037,vit_b_32,128,0.025,0.0,0.0,7,2037_vit_b_32,2540.616124146967,322570.0886421899,0.6388,0.8606,0.6659455586788501,0.860333722701165,0.6407089910715549,0.860789130879607,0.9963515126343316,0.998591918220448,10,SGD,0.858,0.2715670266610596,0.6364336143317304,819526768.3718642,1.2202163963316025e-09,1.2202163963316026e-10,81952676.83718643,1.2202163963316024e-08,8195267.683718642,1.2202163963316023e-06,4398947904,43989479040,136371.84782125047,,,,,,,
2038,vit_b_32,128,0.025,0.0,0.0,8,2038_vit_b_32,2533.404760773061,321455.81799719925,0.6356,0.8579,0.6532532117079372,0.8568377976368633,0.6314704204021814,0.8561808036530932,0.9963191889804096,0.9985646453186506,10,SGD,0.8584,0.2612263299717302,0.6284590086204364,814377699.6923032,1.2279314627326247e-09,1.2279314627326247e-10,81437769.96923031,1.2279314627326249e-08,8143776.996923031,1.2279314627326248e-06,4398947904,43989479040,136844.55709674934,,,,,,,
2039,vit_b_32,128,0.025,0.0,0.0,9,2039_vit_b_32,2542.632167528034,319236.8714743241,0.6206,0.8601,0.6517443648292552,0.8600049955050244,0.6226637102436221,0.8604024842376472,0.9961676739919226,0.9985868676633368,10,SGD,0.8592,0.2508852076632225,0.6355320070429609,811701938.4716291,1.2319793172884635e-09,1.2319793172884634e-10,81170193.8471629,1.2319793172884636e-08,8117019.384716291,1.2319793172884635e-06,4398947904,43989479040,137795.73404802656,,,,,,,
2041,vit_b_32,128,0.02,0.0,0.0,1,2041_vit_b_32,2525.9912058849586,319028.2072566069,0.6149,0.8627,0.641689437883092,0.8614494209452945,0.6132236374740248,0.861253964154419,0.996110098041996,0.9986131302549104,10,SGD,0.8548,0.2410214049387545,0.6391725087451406,805862445.959433,1.2409065653995494e-09,1.2409065653995494e-10,80586244.5959433,1.2409065653995493e-08,8058624.45959433,1.2409065653995495e-06,4398947904,43989479040,137885.86099729274,,,,,,,
2042,vit_b_32,128,0.02,0.0,0.0,2,2042_vit_b_32,2540.152300472022,323949.82695924386,0.6252,0.8587,0.6636435635173856,0.8584766663229233,0.6269266403428493,0.8590171180202766,0.996214138122556,0.998572726031796,10,SGD,0.8511,0.2591333334878941,0.6323411964250655,822881898.1880368,1.215241217727565e-09,1.215241217727565e-10,82288189.81880368,1.2152412177275649e-08,8228818.981880368,1.215241217727565e-06,4398947904,43989479040,135791.02496490703,,,,,,,
2043,vit_b_32,128,0.02,0.0,0.0,3,2043_vit_b_32,2533.627163646044,320919.42378440377,0.6189,0.8589,0.6385984815656658,0.8578139136164518,0.6198237863478685,0.8583123897100394,0.9961505015192006,0.998574746167303,10,SGD,0.8543,0.2440290677957681,0.6314829790353327,813090169.4418018,1.229875895174719e-09,1.2298758951747192e-10,81309016.94418018,1.229875895174719e-08,8130901.694418018,1.2298758951747192e-06,4398947904,43989479040,137073.28313524733,,,,,,,
2044,vit_b_32,128,0.02,0.0,0.0,4,2044_vit_b_32,2553.818865014008,322382.4877601892,0.6194,0.8508,0.6480851136438006,0.8503096127142514,0.6222268921201703,0.8508743794830704,0.9961555526702924,0.9984929281618696,10,SGD,0.8491,0.2488165041958502,0.6146317774633511,823306478.9921188,1.214614515391871e-09,1.214614515391871e-10,82330647.89921188,1.214614515391871e-08,8233064.789921189,1.214614515391871e-06,4398947904,43989479040,136451.2053543134,,,,,,,
2045,vit_b_32,128,0.02,0.0,0.0,5,2045_vit_b_32,2545.2727657050127,319311.3524176062,0.5876,0.8574,0.6136417994617797,0.8572057121199159,0.5906967693823788,0.857772050889091,0.995834339126052,0.9985595944698716,10,SGD,0.8571,0.2121037834586882,0.6295270787215109,812734489.0889686,1.230414130844805e-09,1.230414130844805e-10,81273448.90889686,1.230414130844805e-08,8127344.890889686,1.2304141308448052e-06,4398947904,43989479040,137763.59251539878,,,,,,,
2046,vit_b_32,128,0.02,0.0,0.0,6,2046_vit_b_32,2544.406471724971,319033.32069073577,0.6363,0.8525,0.6530547542134668,0.8525092532679799,0.6377111476600689,0.8524599482104963,0.996326260379504,0.998510100098919,10,SGD,0.8549,0.2640201690436717,0.6186142711995742,811750445.8614162,1.2319056984795573e-09,1.2319056984795572e-10,81175044.58614162,1.2319056984795574e-08,8117504.458614162,1.2319056984795574e-06,4398947904,43989479040,137883.65097651503,,,,,,,
2047,vit_b_32,128,0.02,0.0,0.0,7,2047_vit_b_32,2529.4931800869526,320839.91446288605,0.6133,0.857,0.6385660625407472,0.8563970350060768,0.6153727429706822,0.8569552838727678,0.996093936699048,0.998555554558996,10,SGD,0.8561,0.2400586451914024,0.6280386475441644,811562375.5335515,1.2321911785801585e-09,1.2321911785801585e-10,81156237.55335514,1.2321911785801586e-08,8115623.755335514,1.2321911785801585e-06,4398947904,43989479040,137107.2521124506,,,,,,,
2048,vit_b_32,128,0.02,0.0,0.0,8,2048_vit_b_32,2540.7083639600314,321901.82387374464,0.6127,0.8554,0.6337531027676396,0.8541788403469792,0.6080787858465768,0.8536445515763431,0.9960878756644148,0.9985393927732362,10,SGD,0.855,0.2351935921496132,0.6228168163874342,817858656.2900119,1.2227051609824877e-09,1.2227051609824876e-10,81785865.6290012,1.2227051609824875e-08,8178586.562900119,1.2227051609824875e-06,4398947904,43989479040,136654.95432934677,,,,,,,
2049,vit_b_32,128,0.02,0.0,0.0,9,2049_vit_b_32,2536.7267626280664,323806.4498082881,0.6084,0.8562,0.6374111447317828,0.8560374644100566,0.6098663505219971,0.8565918445415673,0.9960444415794332,0.99854747369541,10,SGD,0.8586,0.2355712280403032,0.6269178679364525,821408487.1402661,1.2174210708261615e-09,1.2174210708261616e-10,82140848.71402662,1.2174210708261613e-08,8214084.871402661,1.2174210708261614e-06,4398947904,43989479040,135851.1514086402,,,,,,,
20501,vit_small_patch16_224,128,0.03,0.0,0.0,1,20501_vit_small_patch16_224,972.0298475329764,165439.53889942574,0.8613,0.9015,0.8652063474799649,0.9016067489220372,0.8604776593862336,0.9006338233404678,0.9985989888299788,0.9990050497458752,10,SGD,0.905,0.6403314979232708,0.7313054691665541,160812169.77233472,6.218434844923252e-09,6.218434844923253e-10,16081216.977233475,6.218434844923251e-08,1608121.6977233475,6.218434844923252e-06,4448370696,44483706960,268881.9568521803,,,,,,,
20502,vit_small_patch16_224,128,0.03,0.0,0.0,2,20502_vit_small_patch16_224,966.022996300133,163913.14193468148,0.8649,0.9011,0.8683882635310971,0.9012172253865002,0.8641376660795039,0.9009434065279338,0.9986353523488722,0.999001009232446,10,SGD,0.9071,0.6481413274133578,0.730913379757505,158343864.50470996,6.315369421656719e-09,6.31536942165672e-10,15834386.450470999,6.315369421656717e-08,1583438.6450470998,6.315369421656718e-06,4448370696,44483706960,271385.8476199945,,,,,,,
20503,vit_small_patch16_224,128,0.03,0.0,0.0,3,20503_vit_small_patch16_224,960.7155663031152,163526.45726737872,0.8698,0.9074,0.876458678618113,0.9066439780218184,0.8686173861705452,0.9068689372641464,0.9986848472784045,0.9990646456066072,10,SGD,0.9047,0.6613141685509278,0.7453730278085268,157102412.9991719,6.365274605968471e-09,6.365274605968471e-10,15710241.299917191,6.365274605968471e-08,1571024.129991719,6.365274605968471e-06,4448370696,44483706960,272027.58320181555,,,,,,,
20504,vit_small_patch16_224,128,0.03,0.0,0.0,4,20504_vit_small_patch16_224,969.1035818110686,164080.08834968015,0.8594,0.8989,0.8659085365368471,0.8987543658643876,0.8595048748193278,0.8992015043602044,0.9985797969139336,0.9989787871123664,10,SGD,0.907,0.6387023144959025,0.7257143062405765,159010601.32355163,6.288888864492876e-09,6.288888864492876e-10,15901060.132355161,6.288888864492876e-08,1590106.0132355161,6.288888864492877e-06,4448370696,44483706960,271109.72091384,,,,,,,
20505,vit_small_patch16_224,128,0.03,0.0,0.0,5,20505_vit_small_patch16_224,967.9007743438706,163889.54565560177,0.8592,0.9063,0.8734750368163283,0.906780892987599,0.8612005861534695,0.9071815235063538,0.9985777763068576,0.9990535343746632,10,SGD,0.9068,0.645402999241991,0.7448302344192567,158628818.14692208,6.3040247773503524e-09,6.304024777350352e-10,15862881.814692207,6.304024777350352e-08,1586288.1814692207,6.304024777350353e-06,4448370696,44483706960,271424.92086394737,,,,,,,
20506,vit_small_patch16_224,128,0.03,0.0,0.0,6,20506_vit_small_patch16_224,973.9773877640256,164412.78370332226,0.8656,0.9001,0.8711212828451385,0.9005080940728927,0.8656796251021268,0.9004078483297506,0.9986424234121676,0.9989909084737764,10,SGD,0.9061,0.6518731293264284,0.729086723915562,160134333.58637357,6.244756996229157e-09,6.244756996229156e-10,16013433.358637359,6.244756996229156e-08,1601343.335863736,6.244756996229156e-06,4448370696,44483706960,270561.1203583139,,,,,,,
20507,vit_small_patch16_224,128,0.03,0.0,0.0,7,20507_vit_small_patch16_224,965.2341176930348,163727.32200147142,0.8615,0.9007,0.8694305023008364,0.9010849860093146,0.8621387639347762,0.9008322151226156,0.998601009135811,0.9989969690049532,10,SGD,0.9049,0.6448509253795061,0.7303886160521695,158035197.19433367,6.327704320008624e-09,6.327704320008625e-10,15803519.719433367,6.327704320008624e-08,1580351.9719433368,6.3277043200086245e-06,4448370696,44483706960,271693.85302472743,,,,,,,
20508,vit_small_patch16_224,128,0.03,0.0,0.0,8,20508_vit_small_patch16_224,972.7957356520928,164563.18080088717,0.8596,0.9063,0.8699749821474011,0.905260108796341,0.8582861302454086,0.9051437731440112,0.9985818170495322,0.9990535345978716,10,SGD,0.9058,0.6409422770051736,0.7419107978333724,160086360.5284474,6.246628361710427e-09,6.246628361710427e-10,16008636.05284474,6.246628361710426e-08,1600863.605284474,6.2466283617104255e-06,4448370696,44483706960,270313.8499359887,,,,,,,
20509,vit_small_patch16_224,128,0.03,0.0,0.0,9,20509_vit_small_patch16_224,956.2952592680232,163484.98636961952,0.8586,0.9013,0.8673035242249608,0.9011714101741154,0.8591616141646338,0.9015259363388398,0.9985717161372112,0.9990030295809246,10,SGD,0.909,0.6388753344744132,0.7315125934129018,156339917.42676455,6.396319100452623e-09,6.396319100452623e-10,15633991.742676456,6.396319100452623e-08,1563399.1742676455,6.396319100452623e-06,4448370696,44483706960,272096.587875218,,,,,,,
205010,vit_small_patch16_224,128,0.03,0.0,0.0,10,205010_vit_small_patch16_224,959.828134180978,163279.57864513356,0.8658,0.9054,0.8697987099024066,0.9046733063545572,0.865464512711619,0.9046399758840908,0.9986444433683586,0.999044443685892,10,SGD,0.903,0.6508733584893989,0.7402746032310819,156720333.32081482,6.380792962920434e-09,6.380792962920434e-10,15672033.332081482,6.380792962920433e-08,1567203.3332081481,6.380792962920434e-06,4448370696,44483706960,272438.88873990433,,,,,,,
205011,vit_small_patch16_224,128,0.03,0.0,0.0,11,205011_vit_small_patch16_224,979.6640500531066,165213.83420814888,0.8583,0.9011,0.865422819375697,0.902211670720977,0.8590914189510602,0.9017750568490408,0.998568685519101,0.999001009159062,10,SGD,0.9022,0.6372132221276837,0.7323953458762975,161854053.94515762,6.178405641534555e-09,6.178405641534555e-10,16185405.39451576,6.178405641534555e-08,1618540.539451576,6.178405641534555e-06,4448370696,44483706960,269249.2863760795,,,,,,,
205012,vit_small_patch16_224,128,0.03,0.0,0.0,12,205012_vit_small_patch16_224,963.3018190159928,163669.12746944005,0.8713,0.9049,0.8734808740302321,0.9052294651694224,0.8720854089398632,0.9056565352863934,0.998699998867456,0.9990393931025258,10,SGD,0.9079,0.662849882578236,0.7411487979536708,157662768.208072,6.342651542691879e-09,6.342651542691879e-10,15766276.820807198,6.34265154269188e-08,1576627.6820807199,6.3426515426918794e-06,4448370696,44483706960,271790.45705064875,,,,,,,
205013,vit_small_patch16_224,128,0.03,0.0,0.0,13,205013_vit_small_patch16_224,969.5103703939822,164355.4035371113,0.8564,0.9018,0.8615880230716246,0.9022989422385596,0.8570417260904493,0.9025407635648832,0.99854949386784,0.9990080800683976,10,SGD,0.9043,0.6314629501855096,0.7336628121621118,159344268.15951717,6.275719933640255e-09,6.275719933640255e-10,15934426.815951718,6.275719933640254e-08,1593442.6815951718,6.275719933640254e-06,4448370696,44483706960,270655.5793278535,,,,,,,
205014,vit_small_patch16_224,128,0.03,0.0,0.0,14,205014_vit_small_patch16_224,968.1549996309914,164239.9284663925,0.8668,0.9006,0.8717576365834254,0.899950438168774,0.8656158957473279,0.9001646935946057,0.9986545443496684,0.9989959587714492,10,SGD,0.9021,0.6532135255369972,0.7288467838400354,159009707.88377428,6.288924200344641e-09,6.288924200344641e-10,15900970.78837743,6.28892420034464e-08,1590097.078837743,6.28892420034464e-06,4448370696,44483706960,270845.87393194373,,,,,,,
205015,vit_small_patch16_224,128,0.03,0.0,0.0,15,205015_vit_small_patch16_224,960.4606531299652,163290.20850193716,0.8672,0.9024,0.8713074503203235,0.90241206732609,0.8667747865058436,0.9021460129107952,0.998658584867563,0.9990141406857994,10,SGD,0.9068,0.6540546026856832,0.7339262994644362,156833820.30749875,6.376175738366469e-09,6.37617573836647e-10,15683382.030749876,6.376175738366469e-08,1568338.2030749875,6.3761757383664696e-06,4448370696,44483706960,272421.15352845716,,,,,,,
205016,vit_small_patch16_224,128,0.03,0.0,0.0,16,205016_vit_small_patch16_224,966.1671125108842,163938.17205155123,0.8614,0.9005,0.8701630035220198,0.901284391069384,0.8621696914589176,0.9005009183723598,0.998599998939019,0.9989949487332784,10,SGD,0.9043,0.6453417982964836,0.7301179391821002,158391670.32135978,6.313463315154811e-09,6.313463315154811e-10,15839167.032135978,6.313463315154811e-08,1583916.7032135979,6.31346331515481e-06,4448370696,44483706960,271344.4123679253,,,,,,,
205017,vit_small_patch16_224,128,0.03,0.0,0.0,17,205017_vit_small_patch16_224,970.3183218680788,164401.25600794752,0.8583,0.899,0.8650755153406334,0.8990068948563353,0.8588220177992314,0.8989802995628957,0.9985686860761488,0.998979797414898,10,SGD,0.9036,0.636757759039157,0.725821108607614,159521550.84263605,6.268745474938835e-09,6.268745474938835e-10,15952155.084263604,6.268745474938836e-08,1595215.5084263603,6.2687454749388354e-06,4448370696,44483706960,270580.0919054387,,,,,,,
205018,vit_small_patch16_224,128,0.03,0.0,0.0,18,205018_vit_small_patch16_224,959.84469870897,163475.89916788045,0.8657,0.9043,0.8700970123972154,0.9040773161115878,0.8651994073794219,0.9041684609714704,0.9986434333000788,0.9990333325898552,10,SGD,0.901,0.6508213012305402,0.7384947905999553,156911475.18297216,6.373020193927274e-09,6.373020193927274e-10,15691147.518297218,6.373020193927273e-08,1569114.7518297217,6.373020193927275e-06,4448370696,44483706960,272111.71301965293,,,,,,,
205019,vit_small_patch16_224,128,0.035,0.0,0.0,19,205019_vit_small_patch16_224,965.772801109124,163979.0111168964,0.8557,0.8971,0.8616198571911619,0.8978053790185224,0.8576529762593177,0.8974539584394968,0.9985424232306814,0.9989606053391344,10,SGD,0.9071,0.6314156632223991,0.7220771450720874,158366468.88946924,6.314467999522948e-09,6.314467999522948e-10,15836646.88894692,6.314467999522949e-08,1583664.688894692,6.314467999522949e-06,4448370696,44483706960,271276.8338887512,,,,,,,
205020,vit_small_patch16_224,128,0.035,0.0,0.0,20,205020_vit_small_patch16_224,952.5903601269238,162770.76644903747,0.8688,0.9015,0.8730072046178463,0.9008389022375316,0.868859822573148,0.9011470006080502,0.9986747464034408,0.9990050497007538,10,SGD,0.9042,0.6581295987864847,0.7310989980946259,155053863.02982402,6.4493717245061725e-09,6.449371724506172e-10,15505386.302982401,6.449371724506173e-08,1550538.63029824,6.4493717245061724e-06,4448370696,44483706960,273290.5172743508,,,,,,,
20511,vit_small_patch16_224,128,0.035,0.0,0.0,1,20511_vit_small_patch16_224,976.0556413601151,164727.56942931673,0.8575,0.8988,0.8623827121300106,0.8991194273644244,0.8565377090569173,0.8981802500198879,0.9985606049623068,0.9989777769977928,10,SGD,0.9031,0.6324920722627935,0.7251031197342027,160783273.42902464,6.219552436475521e-09,6.219552436475521e-10,16078327.342902461,6.219552436475522e-08,1607832.7342902462,6.219552436475521e-06,4448370696,44483706960,270044.09227981477,,,,,,,
20512,vit_small_patch16_224,128,0.035,0.0,0.0,2,20512_vit_small_patch16_224,962.3273790080566,163596.60856415017,0.8664,0.9021,0.8697056649571274,0.9022470867006178,0.8663887316055784,0.9021814248090904,0.9986505038771972,0.9990111102513292,10,SGD,0.905,0.6519541635046426,0.73357474355034,157433495.53414562,6.351888437763302e-09,6.351888437763302e-10,15743349.553414563,6.351888437763302e-08,1574334.9553414562,6.351888437763302e-06,4448370696,44483706960,271910.9359932536,,,,,,,
20513,vit_small_patch16_224,128,0.035,0.0,0.0,3,20513_vit_small_patch16_224,956.738941499032,163228.21937114146,0.8672,0.9053,0.874275872743224,0.9045719358501522,0.8662277388772545,0.9049291193106676,0.99865858462805,0.9990434334659362,10,SGD,0.9041,0.65586867507951,0.7403457082001951,156166793.82391766,6.403409940832411e-09,6.403409940832412e-10,15616679.382391766,6.403409940832412e-08,1561667.9382391765,6.403409940832412e-06,4448370696,44483706960,272524.6108263597,,,,,,,
20514,vit_small_patch16_224,128,0.035,0.0,0.0,4,20514_vit_small_patch16_224,966.9026607540436,164007.10987525946,0.8556,0.9009,0.8638775277556519,0.9010548045735908,0.8558906076921755,0.9012316934654232,0.9985414130467428,0.99899898914773,10,SGD,0.9022,0.631694789323703,0.7308517623112452,158578910.92096916,6.30600875105246e-09,6.30600875105246e-10,15857891.092096914,6.30600875105246e-08,1585789.1092096914,6.3060087510524605e-06,4448370696,44483706960,271230.3569877758,,,,,,,
20515,vit_small_patch16_224,128,0.035,0.0,0.0,5,20515_vit_small_patch16_224,953.3999685219025,162839.38647506686,0.858,0.9045,0.8726848103693914,0.9046474156596888,0.8600722281225728,0.9053014963894178,0.9985656550822004,0.999035352537677,10,SGD,0.9046,0.6430670448031955,0.7400516189250766,155251065.93945464,6.441179607681299e-09,6.441179607681299e-10,15525106.593945464,6.4411796076813e-08,1552510.6593945464,6.4411796076813e-06,4448370696,44483706960,273175.3534751319,,,,,,,
20516,vit_small_patch16_224,128,0.035,0.0,0.0,6,20516_vit_small_patch16_224,944.7635030120146,162191.83275909504,0.8643,0.9017,0.8708481175186873,0.9019997868947888,0.8646728153465656,0.901543693508622,0.9986292920910056,0.999007070099822,10,SGD,0.9067,0.6499246911092237,0.7325273530168144,153232924.07742146,6.526012643958596e-09,6.526012643958596e-10,15323292.407742143,6.526012643958597e-08,1532329.2407742143,6.5260126439585974e-06,4448370696,44483706960,274266.01082973176,,,,,,,
20517,vit_small_patch16_224,128,0.035,0.0,0.0,7,20517_vit_small_patch16_224,970.7672192719764,164021.2128946116,0.8612,0.8997,0.8720163195505978,0.900131500932533,0.8617737107687305,0.8998681455260477,0.99859797883069,0.9989868679878832,10,SGD,0.901,0.6462678595517293,0.7280183713871036,159226416.74331895,6.280364907112434e-09,6.280364907112434e-10,15922641.674331894,6.280364907112435e-08,1592264.1674331895,6.280364907112434e-06,4448370696,44483706960,271207.0358154349,,,,,,,
20518,vit_small_patch16_224,128,0.035,0.0,0.0,8,20518_vit_small_patch16_224,973.153165597003,164425.01815719286,0.8539,0.9055,0.8646726314100119,0.9046765669114144,0.8527725281758766,0.9045650424075934,0.9985242412459876,0.999045453783339,10,SGD,0.9015,0.6287102494759185,0.7402984565215918,160010726.9230169,6.249581007660268e-09,6.249581007660268e-10,16001072.692301692,6.249581007660267e-08,1600107.2692301692,6.249581007660268e-06,4448370696,44483706960,270540.9885828499,,,,,,,
20519,vit_small_patch16_224,128,0.035,0.0,0.0,9,20519_vit_small_patch16_224,954.6794075090438,163487.91426226703,0.8555,0.9035,0.8643999970528539,0.9039777511715108,0.8558110454771908,0.9036214360902473,0.9985404029832178,0.9990252518192424,10,SGD,0.9031,0.6319435710421664,0.7373079034321193,156078545.12279046,6.407030506424043e-09,6.407030506424043e-10,15607854.512279045,6.407030506424043e-08,1560785.4512279045,6.4070305064240435e-06,4448370696,44483706960,272091.7149180784,,,,,,,
205110,vit_small_patch16_224,128,0.035,0.0,0.0,10,205110_vit_small_patch16_224,965.6732453738804,163823.03171559214,0.8638,0.8993,0.8682301601474591,0.8981819681065911,0.8633070574135557,0.8986263505719804,0.9986242413321196,0.9989828274753628,10,SGD,0.905,0.6465698707479736,0.7251136780393538,158199518.703784,6.3211317467559455e-09,6.321131746755945e-10,15819951.870378397,6.321131746755947e-08,1581995.1870378398,6.3211317467559465e-06,4448370696,44483706960,271535.1223460858,,,,,,,
205111,vit_small_patch16_224,128,0.035,0.0,0.0,11,205111_vit_small_patch16_224,968.8643380419816,164078.96408260704,0.8625,0.9014,0.8695572893986574,0.902374490600986,0.8634862552808991,0.9018378422312108,0.998611109801527,0.9990040394649496,10,SGD,0.9055,0.6467093295367298,0.7328246387280115,158970256.92250913,6.290484895469818e-09,6.290484895469818e-10,15897025.692250917,6.290484895469816e-08,1589702.5692250917,6.290484895469816e-06,4448370696,44483706960,271111.57855436165,,,,,,,
205112,vit_small_patch16_224,128,0.035,0.0,0.0,12,205112_vit_small_patch16_224,956.9071878420656,163426.98207409956,0.8729,0.9032,0.8762762375997691,0.9031480690965022,0.8738588501937024,0.9037636028571648,0.9987161604976972,0.9990222213703942,10,SGD,0.9035,0.6675578307697103,0.7365002220863959,156384453.83404228,6.394497505878789e-09,6.394497505878789e-10,15638445.383404225,6.394497505878791e-08,1563844.5383404226,6.39449750587879e-06,4448370696,44483706960,272193.1617132268,,,,,,,
205113,vit_small_patch16_224,128,0.035,0.0,0.0,13,205113_vit_small_patch16_224,965.1259839909616,163940.4649352394,0.8588,0.9025,0.8644238620631305,0.9032004594242754,0.8597829760374046,0.9035704047595258,0.9985737363101604,0.999015150780741,10,SGD,0.9015,0.637364343465428,0.7358095713748875,158223202.53655866,6.3201855604518085e-09,6.320185560451809e-10,15822320.253655866,6.320185560451809e-08,1582232.0253655866,6.3201855604518084e-06,4448370696,44483706960,271340.6173245402,,,,,,,
205114,vit_small_patch16_224,128,0.035,0.0,0.0,14,205114_vit_small_patch16_224,954.4549964559264,163115.0084469456,0.8677,0.9012,0.8728893335844445,0.9011703657868132,0.8665991864870074,0.900730373005077,0.9986636352662248,0.9990020193824868,10,SGD,0.9017,0.6554903418560736,0.730784384354153,155685934.80913788,6.423187818642341e-09,6.423187818642341e-10,15568593.480913788,6.423187818642341e-08,1556859.3480913788,6.423187818642341e-06,4448370696,44483706960,272713.75812403345,,,,,,,
205115,vit_small_patch16_224,128,0.035,0.0,0.0,15,205115_vit_small_patch16_224,956.270070807077,162924.26378126652,0.8645,0.8963,0.8687744184376568,0.8967222441868445,0.8636174355425574,0.8957117347538301,0.9986313121201414,0.998952524478662,10,SGD,0.9025,0.6477368470361882,0.719158225554393,155799597.26230264,6.418501829092729e-09,6.418501829092729e-10,15579959.726230262,6.41850182909273e-08,1557995.9726230262,6.418501829092729e-06,4448370696,44483706960,273033.0395705913,,,,,,,
205116,vit_small_patch16_224,128,0.035,0.0,0.0,16,205116_vit_small_patch16_224,957.6222803138662,163040.94722677642,0.8607,0.8944,0.8703676261383214,0.8951853600228188,0.8612656761067534,0.8941476401174623,0.9985929282265896,0.9989333325249669,10,SGD,0.9087,0.6442881706517878,0.7151390631887148,156131643.66783836,6.404851550320228e-09,6.404851550320228e-10,15613164.366783837,6.404851550320228e-08,1561316.4366783837,6.404851550320228e-06,4448370696,44483706960,272837.6381310325,,,,,,,
205117,vit_small_patch16_224,128,0.035,0.0,0.0,17,205117_vit_small_patch16_224,959.6631832960992,163123.08742184186,0.8626,0.9,0.870284748911224,0.9002163989451764,0.8629774360334275,0.9001299672769376,0.9986121204436336,0.998989898430592,10,SGD,0.904,0.6469446118410469,0.7285439344918471,156543221.34433264,6.388012150333862e-09,6.388012150333862e-10,15654322.134433266,6.388012150333861e-08,1565432.2134433265,6.388012150333861e-06,4448370696,44483706960,272700.2514669405,,,,,,,
205118,vit_small_patch16_224,128,0.035,0.0,0.0,18,205118_vit_small_patch16_224,968.4121864920016,163916.0089905132,0.8659,0.9043,0.8706408238916329,0.9037949893611272,0.8655906031612904,0.904054166936155,0.9986454535036527,0.9990333325898552,10,SGD,0.9027,0.651674352386229,0.738170849809984,158738260.66754547,6.299678450517715e-09,6.299678450517715e-10,15873826.066754546,6.299678450517715e-08,1587382.6066754546,6.299678450517715e-06,4448370696,44483706960,271381.1008086132,,,,,,,
205119,vit_small_patch16_224,128,0.035,0.0,0.0,19,205119_vit_small_patch16_224,962.9708823980764,163751.04546594122,0.8557,0.8971,0.8616198571911619,0.8978053790185224,0.8576529762593177,0.8974539584394968,0.9985424232306814,0.9989606053391344,10,SGD,0.9071,0.6314156632223991,0.7220771450720874,157687488.74594495,6.341657210427963e-09,6.341657210427963e-10,15768748.874594495,6.341657210427963e-08,1576874.8874594495,6.341657210427963e-06,4448370696,44483706960,271654.4913250781,,,,,,,
205120,vit_small_patch16_224,128,0.035,0.0,0.0,20,205120_vit_small_patch16_224,963.6333828219211,163682.6648733162,0.8688,0.9015,0.8730072046178463,0.9008389022375316,0.868859822573148,0.9011470006080502,0.9986747464034408,0.9990050497007538,10,SGD,0.9042,0.6581295987864847,0.7310989980946259,157730080.06118053,6.33994479437352e-09,6.33994479437352e-10,15773008.006118054,6.33994479437352e-08,1577300.8006118054,6.339944794373519e-06,4448370696,44483706960,271767.97857261554,,,,,,,
20521,vit_small_patch16_224,128,0.04,0.0,0.0,1,20521_vit_small_patch16_224,972.6764172250404,164458.69775821763,0.8533,0.9009,0.859472128676434,0.9001083681164462,0.8523312828678772,0.9000652936744145,0.998518180687512,0.9989989891351904,10,SGD,0.9023,0.6241628969626092,0.7291392054783924,159965096.9169589,6.25136369916445e-09,6.25136369916445e-10,15996509.691695891,6.25136369916445e-08,1599650.9691695892,6.2513636991644494e-06,4448370696,44483706960,270485.58432220254,,,,,,,
20522,vit_small_patch16_224,128,0.04,0.0,0.0,2,20522_vit_small_patch16_224,969.9552056971006,164130.58340714555,0.8571,0.8998,0.8627536280488237,0.8998538552423655,0.8567804184256217,0.8999117693353926,0.9985565644015828,0.998987877907898,10,SGD,0.9038,0.6326456010065589,0.7279107287475794,159199313.789863,6.281434110450763e-09,6.281434110450763e-10,15919931.378986297,6.281434110450764e-08,1591993.1378986298,6.281434110450764e-06,4448370696,44483706960,271026.31353995035,,,,,,,
20523,vit_small_patch16_224,128,0.04,0.0,0.0,3,20523_vit_small_patch16_224,963.3236293781084,163582.90885854073,0.8652,0.9028,0.8721958220337791,0.9020824283317316,0.8637633775027527,0.9023371960275184,0.9986383825893156,0.9990181809175184,10,SGD,0.9027,0.6509288994276912,0.7341419242152062,157583281.46583778,6.345850845965461e-09,6.345850845965461e-10,15758328.146583777,6.34585084596546e-08,1575832.8146583778,6.345850845965461e-06,4448370696,44483706960,271933.70793074445,,,,,,,
20524,vit_small_patch16_224,128,0.04,0.0,0.0,4,20524_vit_small_patch16_224,971.8625859920868,164528.9930982679,0.8516,0.8987,0.860306192030353,0.8983844831500803,0.8518683724026755,0.8988775435354626,0.9985010089760152,0.99897676690883,10,SGD,0.9062,0.6231745430482503,0.7249914795786928,159899572.70315686,6.253925405144358e-09,6.253925405144358e-10,15989957.270315684,6.253925405144359e-08,1598995.7270315685,6.253925405144358e-06,4448370696,44483706960,270370.01881748164,,,,,,,
20525,vit_small_patch16_224,128,0.04,0.0,0.0,5,20525_vit_small_patch16_224,965.283689570846,163778.89461188292,0.8542,0.9058,0.8703930585147246,0.9061575612000128,0.8561569342386816,0.9067043492846292,0.9985272712041184,0.9990484838643892,10,SGD,0.9049,0.6356064489577923,0.7435125423146105,158093095.6647931,6.325386923413236e-09,6.325386923413236e-10,15809309.56647931,6.325386923413235e-08,1580930.9566479311,6.325386923413235e-06,4448370696,44483706960,271608.2988923318,,,,,,,
20526,vit_small_patch16_224,128,0.04,0.0,0.0,6,20526_vit_small_patch16_224,972.9378818180412,164547.7688018052,0.8597,0.8989,0.8667268054650346,0.8993946850231558,0.8601988751995235,0.8989799723792388,0.9985828274161244,0.9989787872542422,10,SGD,0.901,0.6400473718268873,0.726052424653681,160094757.63591313,6.246300720690655e-09,6.246300720690655e-10,16009475.763591312,6.246300720690656e-08,1600947.5763591311,6.246300720690656e-06,4448370696,44483706960,270339.1682787253,,,,,,,
20527,vit_small_patch16_224,128,0.04,0.0,0.0,7,20527_vit_small_patch16_224,969.6582727769857,164096.25942237876,0.8528,0.9038,0.8631406613906116,0.904464184948625,0.8530733166850033,0.9040383711772586,0.9985131302873024,0.99902828215787,10,SGD,0.9041,0.6270019706399838,0.7382923333097684,159117295.48066795,6.284671926952753e-09,6.284671926952753e-10,15911729.548066795,6.284671926952753e-08,1591172.9548066794,6.284671926952753e-06,4448370696,44483706960,271083.0040647075,,,,,,,
20528,vit_small_patch16_224,128,0.04,0.0,0.0,8,20528_vit_small_patch16_224,973.2639479970094,164508.38434335383,0.8568,0.9046,0.8675156752031825,0.9035576281380496,0.8555041952036625,0.9035349543149428,0.9985535341986682,0.9990363628669898,10,SGD,0.9057,0.6349657283958744,0.7378000740482492,160110079.62462196,6.24570297100907e-09,6.245702971009069e-10,16011007.962462194,6.24570297100907e-08,1601100.7962462194,6.24570297100907e-06,4448370696,44483706960,270403.889367461,,,,,,,
20529,vit_small_patch16_224,128,0.04,0.0,0.0,9,20529_vit_small_patch16_224,964.7741285730152,163799.45782755263,0.8533,0.8995,0.8643936285377231,0.8995058352042993,0.853486642431401,0.8997622440266178,0.9985181807449,0.9989848477495736,10,SGD,0.9044,0.6285878872387259,0.7272635457675967,158029479.18630946,6.327933276430318e-09,6.327933276430318e-10,15802947.918630943,6.327933276430319e-08,1580294.7918630943,6.327933276430319e-06,4448370696,44483706960,271574.20146550337,,,,,,,
205210,vit_small_patch16_224,128,0.04,0.0,0.0,10,205210_vit_small_patch16_224,946.5252406802028,162534.07397315485,0.8614,0.8996,0.8662670618871426,0.8990811110436515,0.8608461447264244,0.8990650983207803,0.9985999988886326,0.9989858577807988,10,SGD,0.9019,0.6414661873661139,0.7264384100196176,153842603.4861743,6.50015000617088e-09,6.50015000617088e-10,15384260.348617427,6.50015000617088e-08,1538426.0348617428,6.500150006170881e-06,4448370696,44483706960,273688.5003408406,,,,,,,
205211,vit_small_patch16_224,128,0.04,0.0,0.0,11,205211_vit_small_patch16_224,968.5601897309534,163749.66488723736,0.86,0.903,0.8689014458661981,0.9032029432317692,0.8606141493570582,0.9034296606605762,0.998585857252464,0.99902020109635,10,SGD,0.9048,0.6421890027011774,0.7361082911878525,158601406.49156266,6.3051143247786925e-09,6.305114324778692e-10,15860140.649156265,6.305114324778693e-08,1586014.0649156265,6.3051143247786925e-06,4448370696,44483706960,271656.7816528524,,,,,,,
205212,vit_small_patch16_224,128,0.04,0.0,0.0,12,205212_vit_small_patch16_224,968.3291704889853,163980.74249960866,0.869,0.9011,0.8729189863207455,0.901678129205866,0.8698698421821638,0.9021197416718674,0.9986767665239838,0.9990010092307025,10,SGD,0.9066,0.6589810666777256,0.7322420061958325,158787336.36081395,6.297731437018949e-09,6.297731437018949e-10,15878733.636081396,6.297731437018949e-08,1587873.3636081396,6.297731437018948e-06,4448370696,44483706960,271273.96962546476,,,,,,,
205213,vit_small_patch16_224,128,0.04,0.0,0.0,13,205213_vit_small_patch16_224,958.2094853960444,163112.07855041893,0.8539,0.9029,0.8604001214635764,0.9036619775831564,0.8545128541226172,0.9036309400311372,0.9985242413237564,0.9990191911877944,10,SGD,0.8996,0.6268803970522319,0.7365641652370434,156295540.8496761,6.398135190317378e-09,6.398135190317378e-10,15629554.08496761,6.398135190317379e-08,1562955.408496761,6.398135190317379e-06,4448370696,44483706960,272718.6567379179,,,,,,,
205214,vit_small_patch16_224,128,0.04,0.0,0.0,14,205214_vit_small_patch16_224,966.891303795157,163900.4606772811,0.8651,0.902,0.8716214225706577,0.9018571022627372,0.8638126803322187,0.9017326462027664,0.9986373726183956,0.9990101001972036,10,SGD,0.9027,0.6504615019508079,0.7328109319795566,158473930.1168832,6.310186156564965e-09,6.310186156564965e-10,15847393.01168832,6.310186156564965e-08,1584739.301168832,6.3101861565649645e-06,4448370696,44483706960,271406.84520459105,,,,,,,
205215,vit_small_patch16_224,128,0.04,0.0,0.0,15,205215_vit_small_patch16_224,956.0965180671774,163191.6001790773,0.8646,0.8987,0.8690189853709928,0.8980926307951063,0.8639237072609796,0.8979499029511622,0.9986323222218978,0.9989767669208144,10,SGD,0.9038,0.6482245965368331,0.7240080089878745,156026920.70902675,6.409150391840978e-09,6.409150391840978e-10,15602692.070902677,6.409150391840977e-08,1560269.2070902677,6.409150391840977e-06,4448370696,44483706960,272585.76367402537,,,,,,,
205216,vit_small_patch16_224,128,0.04,0.0,0.0,16,205216_vit_small_patch16_224,955.128415944986,163068.11982278316,0.8545,0.9021,0.8648442885918081,0.9032928759454764,0.8551593158997873,0.902045662325098,0.9985303019165024,0.999011110361688,10,SGD,0.9025,0.6310420047991876,0.7343145076765007,155750994.97746205,6.420504730288914e-09,6.420504730288914e-10,15575099.497746207,6.420504730288913e-08,1557509.9497746206,6.420504730288913e-06,4448370696,44483706960,272792.17426645604,,,,,,,
205217,vit_small_patch16_224,128,0.04,0.0,0.0,17,205217_vit_small_patch16_224,960.6803490789608,163369.1199434112,0.8566,0.8997,0.8649971455382973,0.9000214301927311,0.8565985627996555,0.8997656463798319,0.9985515143494692,0.998986868125884,10,SGD,0.904,0.633782962794129,0.7278464327285417,156945503.1759589,6.371638433494036e-09,6.371638433494035e-10,15694550.31759589,6.371638433494036e-08,1569455.031759589,6.371638433494036e-06,4448370696,44483706960,272289.5671801901,,,,,,,
205218,vit_small_patch16_224,128,0.04,0.0,0.0,18,205218_vit_small_patch16_224,959.6163404399996,163520.2469929302,0.8553,0.9046,0.8640771036403396,0.9044564496333236,0.8550786350108879,0.9043675287374578,0.9985383827142322,0.999036362895216,10,SGD,0.9022,0.6310180583542598,0.7392145389360998,156916701.0072005,6.372807952125584e-09,6.372807952125583e-10,15691670.100720052,6.372807952125584e-08,1569167.0100720052,6.372807952125583e-06,4448370696,44483706960,272037.91443590017,,,,,,,
205219,vit_small_patch16_224,128,0.04,0.0,0.0,19,205219_vit_small_patch16_224,966.1412119700108,163952.6586522127,0.8505,0.895,0.8583935661017645,0.8953254312914001,0.8525884959106481,0.8957816769693511,0.9984898979416968,0.9989393932031986,10,SGD,0.9056,0.6215039818799278,0.7170431158156494,158401420.33595425,6.313074705258929e-09,6.313074705258929e-10,15840142.033595426,6.313074705258928e-08,1584014.2033595426,6.313074705258928e-06,4448370696,44483706960,271320.4367997582,,,,,,,
205220,vit_small_patch16_224,128,0.04,0.0,0.0,20,205220_vit_small_patch16_224,967.9255248680712,164263.15760305896,0.8649,0.8994,0.8699833789942075,0.8989193060172205,0.8648920180439288,0.8988283918507112,0.9986353524322016,0.9989838375623942,10,SGD,0.9024,0.6498987146748602,0.7259535531871323,158994503.03942755,6.2895256180776226e-09,6.289525618077623e-10,15899450.303942757,6.289525618077622e-08,1589945.0303942757,6.289525618077622e-06,4448370696,44483706960,270807.57248983753,,,,,,,
20531,vit_small_patch16_224,128,0.025,0.0,0.0,1,20531_vit_small_patch16_224,963.7303340539802,163971.30494920607,0.8623,0.9019,0.8656066010353688,0.9018651658709612,0.8613130145270952,0.9009119487779128,0.9986090898477872,0.9990090901529988,10,SGD,0.9031,0.6420006535418422,0.732068612276129,158024120.49396542,6.328147860428609e-09,6.328147860428608e-10,15802412.049396541,6.32814786042861e-08,1580241.204939654,6.32814786042861e-06,4448370696,44483706960,271289.58309979824,,,,,,,
20532,vit_small_patch16_224,128,0.025,0.0,0.0,2,20532_vit_small_patch16_224,954.7260436438957,163076.85532484713,0.8666,0.9024,0.8691373883395189,0.9028601130303104,0.8664250148820968,0.9021978137143364,0.9986525240809736,0.9990141405569942,10,SGD,0.9065,0.6517071772281827,0.734332854871864,155693720.89417925,6.422866601535411e-09,6.422866601535411e-10,15569372.089417927,6.42286660153541e-08,1556937.2089417926,6.4228666015354115e-06,4448370696,44483706960,272777.5616680184,,,,,,,
20533,vit_small_patch16_224,128,0.025,0.0,0.0,3,20533_vit_small_patch16_224,954.7402941170149,163220.42508835357,0.8726,0.9056,0.8776560979039694,0.9049001709768456,0.8713810548467132,0.9050686567741316,0.9987131301326324,0.9990464637717464,10,SGD,0.9034,0.6664820485802632,0.740976263941473,155833116.65475887,6.4171212221562265e-09,6.417121222156227e-10,15583311.665475888,6.417121222156226e-08,1558331.1665475888,6.417121222156226e-06,4448370696,44483706960,272537.6247238685,,,,,,,
20534,vit_small_patch16_224,128,0.025,0.0,0.0,4,20534_vit_small_patch16_224,971.2321513788776,164522.6794426453,0.8613,0.9002,0.8676583233749088,0.9001745789267777,0.8615746697419278,0.9005187489518517,0.9985989888475292,0.9989919184353526,10,SGD,0.9048,0.6429648461736525,0.7289881807932072,159789715.90569785,6.258225032392974e-09,6.258225032392974e-10,15978971.590569783,6.258225032392974e-08,1597897.1590569783,6.258225032392975e-06,4448370696,44483706960,270380.3944276727,,,,,,,
20535,vit_small_patch16_224,128,0.025,0.0,0.0,5,20535_vit_small_patch16_224,963.8672825319228,163532.06362794386,0.8602,0.9072,0.8721731392972675,0.9077423735342762,0.8620530341463594,0.9076237424811424,0.9985878773274056,0.9990626252931564,10,SGD,0.9049,0.6458362530950074,0.746731051119366,157623205.77590373,6.344243508292309e-09,6.344243508292309e-10,15762320.577590372,6.344243508292309e-08,1576232.0577590372,6.344243508292309e-06,4448370696,44483706960,272018.25729543815,,,,,,,
20536,vit_small_patch16_224,128,0.025,0.0,0.0,6,20536_vit_small_patch16_224,961.1513916361146,163331.63141216076,0.8677,0.9009,0.8719475234189118,0.9011002080795346,0.8673829920243864,0.9008795909829048,0.9986636355463524,0.9989989892867992,10,SGD,0.9049,0.6553753221190783,0.7306030384258105,156986424.82999524,6.369977538394969e-09,6.369977538394969e-10,15698642.482999524,6.36997753839497e-08,1569864.2482999524,6.369977538394969e-06,4448370696,44483706960,272352.0641739454,,,,,,,
20537,vit_small_patch16_224,128,0.025,0.0,0.0,7,20537_vit_small_patch16_224,969.3464911000336,164108.70224058526,0.8647,0.9023,0.8717231269961323,0.9026371010565832,0.8655426061379656,0.902625618939642,0.998633332390435,0.9990131306322652,10,SGD,0.9016,0.6515361776683745,0.7344174545199129,159078194.67589155,6.286216674996947e-09,6.286216674996946e-10,15907819.467589155,6.286216674996947e-08,1590781.9467589154,6.286216674996947e-06,4448370696,44483706960,271062.45039209665,,,,,,,
20538,vit_small_patch16_224,128,0.025,0.0,0.0,8,20538_vit_small_patch16_224,973.5247915610672,164573.5603343461,0.8622,0.9057,0.8719531930025307,0.9047316136612004,0.8606193884253764,0.9048524369083256,0.9986080796967632,0.999047473986972,10,SGD,0.9039,0.6461113828916387,0.740743791430756,160216441.02095702,6.241556694354455e-09,6.241556694354455e-10,16021644.102095703,6.241556694354455e-08,1602164.4102095703,6.241556694354455e-06,4448370696,44483706960,270296.80144020286,,,,,,,
20539,vit_small_patch16_224,128,0.025,0.0,0.0,9,20539_vit_small_patch16_224,948.800830504857,162723.34167120288,0.8618,0.9024,0.8684415432734567,0.9026811959867344,0.8626152201865652,0.9026459572337188,0.998604039392946,0.9990141407000834,10,SGD,0.9038,0.6446997700787535,0.7345520231103158,154392041.7201629,6.477017784456208e-09,6.477017784456208e-10,15439204.17201629,6.477017784456208e-08,1543920.417201629,6.477017784456209e-06,4448370696,44483706960,273370.16621673934,,,,,,,
205310,vit_small_patch16_224,128,0.025,0.0,0.0,10,205310_vit_small_patch16_224,960.641199880978,163291.31219845547,0.8661,0.9031,0.8700514118525726,0.9025317019364324,0.8657620227920098,0.9023994528501832,0.9986474736737944,0.9990212113442172,10,SGD,0.9054,0.6515139118268162,0.7348045563436179,156864362.08046365,6.37493428550106e-09,6.374934285501059e-10,15686436.208046366,6.374934285501059e-08,1568643.6208046365,6.374934285501059e-06,4448370696,44483706960,272419.3122162978,,,,,,,
205311,vit_small_patch16_224,128,0.025,0.0,0.0,11,205311_vit_small_patch16_224,968.2208236570004,164152.97051412528,0.8586,0.9032,0.8652660712660715,0.9037503718907834,0.8596748507010419,0.9037199191461934,0.9985717158249884,0.9990222213002752,10,SGD,0.9072,0.6377552482634637,0.7369557658862341,158936324.3169297,6.291827902134775e-09,6.291827902134775e-10,15893632.431692965,6.291827902134777e-08,1589363.2431692965,6.291827902134777e-06,4448370696,44483706960,270989.3510953687,,,,,,,
205312,vit_small_patch16_224,128,0.025,0.0,0.0,12,205312_vit_small_patch16_224,965.0981363179162,163898.5220669142,0.8731,0.9042,0.8740906291061005,0.9043329229246224,0.8735280767480306,0.9048237682200768,0.9987181807014774,0.9990323223892952,10,SGD,0.9021,0.6657946130077214,0.739156472832233,158178158.1920398,6.321985357712456e-09,6.321985357712456e-10,15817815.819203977,6.321985357712456e-08,1581781.5819203977,6.321985357712456e-06,4448370696,44483706960,271410.055435636,,,,,,,
205313,vit_small_patch16_224,128,0.025,0.0,0.0,13,205313_vit_small_patch16_224,946.9420439240056,162526.34333235133,0.8583,0.9041,0.8648369068792318,0.9047920628045218,0.8590737682935656,0.9048796452113418,0.9985686858013436,0.9990313124089546,10,SGD,0.9067,0.6367687301664153,0.7394948790826956,153903027.74663144,6.4975979656897134e-09,6.497597965689713e-10,15390302.774663147,6.497597965689712e-08,1539030.2774663146,6.497597965689713e-06,4448370696,44483706960,273701.518461133,,,,,,,
205314,vit_small_patch16_224,128,0.025,0.0,0.0,14,205314_vit_small_patch16_224,948.1484244079328,162495.0145434996,0.8653,0.8981,0.870976027671666,0.897791987154642,0.8643378769534494,0.8976937627288845,0.9986393928220744,0.9989707062254596,10,SGD,0.904,0.6505267266072472,0.723071730004775,154069392.01356328,6.4905818536102644e-09,6.490581853610264e-10,15406939.201356329,6.490581853610264e-08,1540693.9201356329,6.490581853610264e-06,4448370696,44483706960,273754.28769288055,,,,,,,
205315,vit_small_patch16_224,128,0.025,0.0,0.0,15,205315_vit_small_patch16_224,960.3269799479748,163693.49303838602,0.865,0.9031,0.8692759999326709,0.9029652518149904,0.8637647435337931,0.9026970054999128,0.9986363626289232,0.999021211398094,10,SGD,0.9025,0.6485995540747369,0.7353999421804128,157199277.80668807,6.3613523799373006e-09,6.3613523799373e-10,15719927.780668808,6.3613523799373e-08,1571992.7780668808,6.3613523799373e-06,4448370696,44483706960,271750.00138562993,,,,,,,
205316,vit_small_patch16_224,128,0.025,0.0,0.0,16,205316_vit_small_patch16_224,969.8420582008548,164070.28126354932,0.8597,0.9016,0.8682434177785143,0.9024873529088372,0.8606990127997841,0.9014026608985144,0.9985828272088336,0.99900605985281,10,SGD,0.9073,0.6415401248254151,0.7327266473824221,159122259.2702338,6.284475877769698e-09,6.284475877769697e-10,15912225.927023383,6.284475877769696e-08,1591222.5927023382,6.2844758777696965e-06,4448370696,44483706960,271125.92614225455,,,,,,,
205317,vit_small_patch16_224,128,0.025,0.0,0.0,17,205317_vit_small_patch16_224,966.8007996180096,164237.55965576245,0.8595,0.9022,0.8669779807391236,0.9028665405416938,0.859777495424941,0.902362656508674,0.9985808072949818,0.999012120665119,10,SGD,0.9096,0.6397690648434472,0.7343079886950273,158785004.0025017,6.297823943023264e-09,6.297823943023264e-10,15878500.400250167,6.297823943023265e-08,1587850.0400250168,6.297823943023265e-06,4448370696,44483706960,270849.78036227927,,,,,,,
205318,vit_small_patch16_224,128,0.025,0.0,0.0,18,205318_vit_small_patch16_224,964.1668645790778,164081.85616495763,0.8658,0.9017,0.8703236918670494,0.9013654829868636,0.8654790806100511,0.9013589055457444,0.998644443401866,0.9990070699433934,10,SGD,0.9037,0.6512771667299266,0.7318621859572757,158202288.7928824,6.321021065056743e-09,6.321021065056743e-10,15820228.879288245,6.321021065056742e-08,1582022.8879288244,6.321021065056742e-06,4448370696,44483706960,271106.79998207034,,,,,,,
205319,vit_small_patch16_224,128,0.025,0.0,0.0,19,205319_vit_small_patch16_224,962.6379150419962,163933.48870445232,0.8643,0.9,0.8698941967777084,0.9005571735936023,0.8659848646072424,0.9008647139819638,0.998629291977848,0.9989898982887604,10,SGD,0.908,0.6501978797192332,0.7294146346035661,157808591.77201462,6.336790594042532e-09,6.336790594042532e-10,15780859.177201461,6.336790594042533e-08,1578085.917720146,6.336790594042533e-06,4448370696,44483706960,271352.1642926632,,,,,,,
205320,vit_small_patch16_224,128,0.025,0.0,0.0,20,205320_vit_small_patch16_224,964.6873355940916,164085.0457193226,0.8702,0.9017,0.8725352981045041,0.9012241677141184,0.8698194492232081,0.9010534571287728,0.9986888878290138,0.9990070699044072,10,SGD,0.9061,0.6595707930492241,0.7314994739762688,158290765.56580803,6.317487924361946e-09,6.317487924361946e-10,15829076.5565808,6.317487924361947e-08,1582907.65565808,6.317487924361947e-06,4448370696,44483706960,271101.53009368124,,,,,,,
20541,vit_small_patch16_224,128,0.02,0.0,0.0,1,20541_vit_small_patch16_224,959.3066582819448,163401.06208277846,0.8632,0.9001,0.865397818754447,0.9000962987844242,0.8619426193091371,0.8990207304440537,0.9986181807638146,0.9989909083209436,10,SGD,0.9024,0.6429912332154749,0.7276306416301829,156751726.8263508,6.379515047434199e-09,6.379515047434199e-10,15675172.68263508,6.3795150474342e-08,1567517.268263508,6.379515047434199e-06,4448370696,44483706960,272236.33918281813,,,,,,,
20542,vit_small_patch16_224,128,0.02,0.0,0.0,2,20542_vit_small_patch16_224,972.4362988278737,164446.95203363628,0.8655,0.9006,0.8684215786804543,0.9007039940532684,0.8655165775132261,0.9007308446899914,0.9986414129602024,0.9989959587230044,10,SGD,0.9071,0.6496547841436148,0.7299158553485444,159914185.38911414,6.2533539320900865e-09,6.253353932090087e-10,15991418.53891141,6.253353932090089e-08,1599141.853891141,6.253353932090088e-06,4448370696,44483706960,270504.90392124275,,,,,,,
20543,vit_small_patch16_224,128,0.02,0.0,0.0,3,20543_vit_small_patch16_224,967.0841031961608,163913.92147251684,0.8683,0.9063,0.8726014164500849,0.9051833973272102,0.8667012450547688,0.9057940762853468,0.9986696957493536,0.9990535344853032,10,SGD,0.8992,0.6558084476943716,0.7423809112251971,158518547.74861488,6.308410051711049e-09,6.308410051711049e-10,15851854.774861487,6.30841005171105e-08,1585185.4774861487,6.308410051711049e-06,4448370696,44483706960,271384.5569697904,,,,,,,
20544,vit_small_patch16_224,128,0.02,0.0,0.0,4,20544_vit_small_patch16_224,964.4138687769882,163684.64726595,0.8567,0.8981,0.863618161074158,0.8983536281621152,0.8563715530744312,0.8982662602456779,0.9985525241661926,0.9989707062982206,10,SGD,0.9024,0.6326793791417399,0.7239854915999097,157859743.92915154,6.334737249091234e-09,6.334737249091234e-10,15785974.392915152,6.334737249091235e-08,1578597.4392915152,6.334737249091234e-06,4448370696,44483706960,271764.687177559,,,,,,,
20545,vit_small_patch16_224,128,0.02,0.0,0.0,5,20545_vit_small_patch16_224,972.6274409790058,164268.13730985252,0.8661,0.9046,0.8764712965925995,0.9046133966196502,0.86742483974702,0.9052466119856966,0.998647473348638,0.9990363626397316,10,SGD,0.9054,0.6575818212714912,0.7400614842025979,159771698.0260698,6.258930789086506e-09,6.258930789086506e-10,15977169.802606981,6.258930789086506e-08,1597716.9802606981,6.258930789086506e-06,4448370696,44483706960,270799.3630931124,,,,,,,
20546,vit_small_patch16_224,128,0.02,0.0,0.0,6,20546_vit_small_patch16_224,969.9744157730602,163740.37015640593,0.8711,0.8988,0.8760565840579104,0.8988556735215313,0.8708812064183199,0.8989243420763458,0.9986979790016994,0.9989777771526142,10,SGD,0.9047,0.6637327715538953,0.7254909442650954,158823969.88092446,6.296278834672958e-09,6.296278834672958e-10,15882396.988092447,6.296278834672958e-08,1588239.6988092447,6.296278834672958e-06,4448370696,44483706960,271672.20226452925,,,,,,,
20547,vit_small_patch16_224,128,0.02,0.0,0.0,7,20547_vit_small_patch16_224,964.0167924677952,163713.40697019166,0.8606,0.9018,0.8664466727886959,0.9024031271984638,0.861410957057139,0.9021030004871784,0.998591918220448,0.9990080801237304,10,SGD,0.9013,0.6414187020521864,0.7333916328070595,157822473.47137895,6.336233224613285e-09,6.336233224613285e-10,15782247.347137894,6.336233224613285e-08,1578224.7347137895,6.336233224613285e-06,4448370696,44483706960,271716.94599269703,,,,,,,
20548,vit_small_patch16_224,128,0.02,0.0,0.0,8,20548_vit_small_patch16_224,961.1471449809616,163483.09508424095,0.8646,0.9066,0.8718453182500759,0.9055449955041692,0.8630119468410854,0.9056168398724076,0.9986323221403608,0.9990565649033212,10,SGD,0.9025,0.6496464913631051,0.7427801976750107,157131310.09286925,6.364104005808711e-09,6.364104005808711e-10,15713131.009286929,6.36410400580871e-08,1571313.1009286928,6.3641040058087104e-06,4448370696,44483706960,272099.7356765118,,,,,,,
20549,vit_small_patch16_224,128,0.02,0.0,0.0,9,20549_vit_small_patch16_224,973.858539181063,164584.88896507057,0.8591,0.903,0.864679924532078,0.9030031199628022,0.8596494400751818,0.9030996504204658,0.9985767666459195,0.9990202013105338,10,SGD,0.9063,0.6376787385324745,0.7356766052562654,160282399.53880107,6.2389882038041276e-09,6.238988203804127e-10,16028239.953880107,6.238988203804127e-08,1602823.9953880107,6.238988203804127e-06,4448370696,44483706960,270278.1964961599,,,,,,,
205410,vit_small_patch16_224,128,0.02,0.0,0.0,10,205410_vit_small_patch16_224,967.560116326902,163962.10494153973,0.8664,0.9057,0.8699488181262442,0.9047319423665272,0.8660852788885824,0.905087129438403,0.9986505039792304,0.999047473991328,10,SGD,0.9042,0.6519080267252232,0.740936188127146,158643193.3304399,6.3034535488521555e-09,6.303453548852155e-10,15864319.333043989,6.303453548852156e-08,1586431.9333043988,6.303453548852156e-06,4448370696,44483706960,271304.8053137678,,,,,,,
205411,vit_small_patch16_224,128,0.02,0.0,0.0,11,205411_vit_small_patch16_224,974.0979505560828,164764.6098509466,0.863,0.9031,0.868694035264062,0.9032542991126558,0.8639780875402849,0.9033942202448836,0.9986161603113396,0.9990212111983124,10,SGD,0.9048,0.6468133171931092,0.7362035317508546,160496868.77997965,6.230651149779564e-09,6.230651149779564e-10,16049686.877997965,6.230651149779564e-08,1604968.6877997965,6.230651149779564e-06,4448370696,44483706960,269983.384176019,,,,,,,
205412,vit_small_patch16_224,128,0.02,0.0,0.0,12,205412_vit_small_patch16_224,968.1688448379282,164015.1660653107,0.8711,0.9003,0.8726561718102853,0.900315171183986,0.8719168009674361,0.9010724214658284,0.998697978663676,0.9989929284155818,10,SGD,0.9032,0.6619426973646728,0.7296320965091336,158794373.86535284,6.297452331956887e-09,6.297452331956887e-10,15879437.386535283,6.297452331956888e-08,1587943.7386535283,6.2974523319568874e-06,4448370696,44483706960,271217.03454110224,,,,,,,
205413,vit_small_patch16_224,128,0.02,0.0,0.0,13,205413_vit_small_patch16_224,971.2440875759348,164567.0026091963,0.8587,0.9063,0.8634171340161579,0.90664747303002,0.8595304617782225,0.907123165349022,0.998572726208397,0.999053534647748,10,SGD,0.9058,0.6363603300644346,0.7446727362119315,159834728.29427534,6.256462601537241e-09,6.256462601537241e-10,15983472.829427533,6.256462601537242e-08,1598347.2829427533,6.256462601537242e-06,4448370696,44483706960,270307.57232443005,,,,,,,
205414,vit_small_patch16_224,128,0.02,0.0,0.0,14,205414_vit_small_patch16_224,964.2240931808484,163929.02024304972,0.8655,0.9014,0.8697028175778568,0.9005746128399766,0.864806140801413,0.9006337152067484,0.9986414130257536,0.999004039586166,10,SGD,0.9028,0.6500792232583257,0.7303864352517504,158064310.88987955,6.326538826950514e-09,6.326538826950514e-10,15806431.088987954,6.326538826950515e-08,1580643.1088987954,6.3265388269505145e-06,4448370696,44483706960,271359.56094928243,,,,,,,
205415,vit_small_patch16_224,128,0.02,0.0,0.0,15,205415_vit_small_patch16_224,965.5310739099514,163980.4899030307,0.8695,0.9027,0.8725057614012782,0.902192139082418,0.8685227781793374,0.9023666538191892,0.9986818172079592,0.9990171709910683,10,SGD,0.9064,0.6580308358508251,0.734173106854352,158328258.5163532,6.315991910545226e-09,6.315991910545226e-10,15832825.851635318,6.315991910545226e-08,1583282.5851635318,6.3159919105452265e-06,4448370696,44483706960,271274.38749759365,,,,,,,
205416,vit_small_patch16_224,128,0.02,0.0,0.0,16,205416_vit_small_patch16_224,954.4681159409228,163329.86837373552,0.8617,0.902,0.8695278747313643,0.9030336782191394,0.8624083683868038,0.9019350856712248,0.998603029244346,0.9990101002599124,10,SGD,0.904,0.645275896718489,0.7339316989601455,155893151.74355826,6.414649962590942e-09,6.414649962590942e-10,15589315.174355825,6.414649962590942e-08,1558931.5174355826,6.414649962590942e-06,4448370696,44483706960,272355.00403521577,,,,,,,
205417,vit_small_patch16_224,128,0.02,0.0,0.0,17,205417_vit_small_patch16_224,972.947110699024,164574.9370284703,0.8572,0.8999,0.8662753277548194,0.9003041825434909,0.857689058646544,0.8999370213955903,0.9985575749588856,0.9989888883290228,10,SGD,0.9043,0.6359765293097303,0.7283771202280721,160122709.475324,6.2452103344785504e-09,6.24521033447855e-10,16012270.9475324,6.24521033447855e-08,1601227.09475324,6.245210334478551e-06,4448370696,44483706960,270294.540366767,,,,,,,
205418,vit_small_patch16_224,128,0.02,0.0,0.0,18,205418_vit_small_patch16_224,956.4571876078844,163324.79683846128,0.8666,0.9036,0.8702769167061178,0.9032226671317456,0.8660893973631552,0.9032784182754676,0.9986525242161616,0.9990262618773462,10,SGD,0.903,0.6523088567337323,0.7364946375517224,156213175.85074377,6.401508672709305e-09,6.401508672709304e-10,15621317.585074378,6.401508672709304e-08,1562131.7585074378,6.401508672709304e-06,4448370696,44483706960,272363.4611589154,,,,,,,
205419,vit_small_patch16_224,128,0.02,0.0,0.0,19,205419_vit_small_patch16_224,967.126850723056,164187.95725744488,0.8645,0.8986,0.8681079354693887,0.8991345050930643,0.8659818471935297,0.8995738157585683,0.9986313121812704,0.998975756864803,10,SGD,0.9049,0.6490119471282559,0.7260772567278331,158790582.0290444,6.297602711835202e-09,6.297602711835202e-10,15879058.20290444,6.297602711835201e-08,1587905.820290444,6.2976027118352014e-06,4448370696,44483706960,270931.6060875893,,,,,,,
205420,vit_small_patch16_224,128,0.02,0.0,0.0,20,205420_vit_small_patch16_224,972.091389961075,164597.58036049822,0.8622,0.9028,0.8650148311803723,0.9017878662248164,0.8620247100444791,0.9024043341090172,0.998608079682882,0.9990181810245004,10,SGD,0.9084,0.6420167561468356,0.7339568064899943,160003890.67686647,6.24984802413046e-09,6.24984802413046e-10,16000389.067686645,6.24984802413046e-08,1600038.9067686645,6.2498480241304604e-06,4448370696,44483706960,270257.35653326556,,,,,,,
20551,vit_small_patch32_224,128,0.03,0.0,0.0,1,20551_vit_small_patch32_224,645.1427999949083,77266.01743641683,0.8365,0.8824,0.8411836615936004,0.8817933621088265,0.8366087049228532,0.8814953445339975,0.9983484835883312,0.9988121203057356,10,SGD,0.8806,0.5877076120289867,0.6850718956796744,49847614.83338536,2.0061140404460266e-08,2.0061140404460266e-09,4984761.483338536,2.006114040446027e-07,498476.1483338536,2.0061140404460268e-05,1137790752,11377907520,147256.2958141724,,,,,,,
20552,vit_small_patch32_224,128,0.03,0.0,0.0,2,20552_vit_small_patch32_224,640.5130188809708,77179.34942627329,0.8385,0.8774,0.8445423015999113,0.8772164099401232,0.8390095712991633,0.8777112982663869,0.9983686854503544,0.9987616150849128,10,SGD,0.8819,0.5931743188681976,0.6747111842144113,49434378.096291624,2.022883747120541e-08,2.022883747120541e-09,4943437.809629162,2.0228837471205414e-07,494343.78096291615,2.0228837471205414e-05,1137790752,11377907520,147421.656240688,,,,,,,
20553,vit_small_patch32_224,128,0.03,0.0,0.0,3,20553_vit_small_patch32_224,629.630714260973,76317.1940483478,0.8478,0.8809,0.8510070384021249,0.880810874797594,0.8474420546818822,0.8802581110333958,0.9984626248523284,0.9987969685933792,10,SGD,0.8819,0.6104757107787807,0.6821761458124531,48051649.399054505,2.0810940155150566e-08,2.0810940155150565e-09,4805164.93990545,2.081094015515057e-07,480516.493990545,2.0810940155150568e-05,1137790752,11377907520,149087.07876225072,,,,,,,
20554,vit_small_patch32_224,128,0.03,0.0,0.0,4,20554_vit_small_patch32_224,650.2445431551896,77756.8981605498,0.837,0.8773,0.8452532961508941,0.8774152588759815,0.8379963653234305,0.8777618067684319,0.9983535341178604,0.9987606051304384,10,SGD,0.8825,0.5918870330209126,0.6748253612632898,50560998.721571304,1.977809033217061e-08,1.977809033217061e-09,5056099.872157131,1.9778090332170606e-07,505609.98721571313,1.9778090332170606e-05,1137790752,11377907520,146326.66411804754,,,,,,,
20555,vit_small_patch32_224,128,0.03,0.0,0.0,5,20555_vit_small_patch32_224,653.3075742898509,78048.89310259584,0.8319,0.8804,0.8460392762816461,0.8805092765795984,0.83358982660797,0.8811568237871823,0.9983020184459004,0.9987919179424732,10,SGD,0.8811,0.5857010522836603,0.682247884925129,50989933.02886476,1.9611714324745486e-08,1.9611714324745486e-09,5098993.302886478,1.961171432474548e-07,509899.33028864773,1.9611714324745482e-05,1137790752,11377907520,145779.22975850097,,,,,,,
20556,vit_small_patch32_224,128,0.03,0.0,0.0,6,20556_vit_small_patch32_224,645.597365914844,77417.24167519488,0.8337,0.8769,0.8394457483671607,0.8781404840516587,0.8334155743922532,0.877174326959613,0.9983202009928828,0.9987565648961148,10,SGD,0.8811,0.5822827259964937,0.6746206470673419,49980367.301898696,2.000785616399444e-08,2.000785616399444e-09,4998036.730189869,2.0007856163994443e-07,499803.6730189869,2.0007856163994444e-05,1137790752,11377907520,146968.65031353314,,,,,,,
20557,vit_small_patch32_224,128,0.03,0.0,0.0,7,20557_vit_small_patch32_224,655.5435801129788,78271.72657422264,0.8352,0.8797,0.8424722917115113,0.8805969867050062,0.8356906984639971,0.8797394354735191,0.9983353523868712,0.9987848476464842,10,SGD,0.8873,0.5870405894472658,0.6806718533749018,51310527.86009009,1.9489177790700753e-08,1.9489177790700752e-09,5131052.78600901,1.948917779070075e-07,513105.27860090096,1.948917779070075e-05,1137790752,11377907520,145364.2077156773,,,,,,,
20558,vit_small_patch32_224,128,0.03,0.0,0.0,8,20558_vit_small_patch32_224,630.7617523591034,76324.83550284457,0.8387,0.8843,0.8454571656268208,0.8830141623706607,0.8377111103175217,0.8828142217408359,0.9983707057698686,0.9988313121982256,10,SGD,0.8816,0.5930405053451258,0.6885393472899028,48142786.990294546,2.0771543620887534e-08,2.0771543620887535e-09,4814278.699029455,2.077154362088753e-07,481427.8699029455,2.0771543620887534e-05,1137790752,11377907520,149072.1525312158,,,,,,,
20559,vit_small_patch32_224,128,0.03,0.0,0.0,9,20559_vit_small_patch32_224,650.4365731729195,77819.16298054824,0.8372,0.8797,0.8465956949361158,0.8801906934993663,0.8373014736976504,0.8792539946378253,0.9983555543644834,0.9987848476047134,10,SGD,0.8835,0.5924781920159093,0.679982380452337,50616429.69625271,1.9756430984977848e-08,1.9756430984977848e-09,5061642.969625271,1.975643098497785e-07,506164.2969625271,1.975643098497785e-05,1137790752,11377907520,146209.58494303047,,,,,,,
205510,vit_small_patch32_224,128,0.03,0.0,0.0,10,205510_vit_small_patch32_224,648.6678637510631,77771.52324398485,0.8441,0.8816,0.8498927901890242,0.8807351698781285,0.8433103841351226,0.8811132953470316,0.9984252512751648,0.9988040394546472,10,SGD,0.8805,0.6040335336101389,0.6833276042619958,50447887.843341805,1.9822435442794887e-08,1.982243544279489e-09,5044788.784334181,1.9822435442794887e-07,504478.87843341805,1.982243544279489e-05,1137790752,11377907520,146299.14710947894,,,,,,,
205511,vit_small_patch32_224,128,0.03,0.0,0.0,11,205511_vit_small_patch32_224,642.9324504488613,77192.41399432416,0.8349,0.8829,0.8461976527946129,0.8832576833274528,0.836670005014874,0.8835192391394009,0.99833232165987,0.9988171706018824,10,SGD,0.8794,0.5901135799385697,0.6881782640881183,49629507.88543381,2.0149303158685936e-08,2.0149303158685935e-09,4962950.788543381,2.0149303158685936e-07,496295.0788543381,2.0149303158685936e-05,1137790752,11377907520,147396.70559903205,,,,,,,
205512,vit_small_patch32_224,128,0.03,0.0,0.0,12,205512_vit_small_patch32_224,642.9446676780935,77208.52947737112,0.8435,0.8803,0.8505678990170553,0.8802773710802909,0.8450019755400346,0.8809174842104533,0.9984191905420112,0.998790908037564,10,SGD,0.8848,0.6052917008035387,0.6818047927666387,49640812.326742664,2.0144714663770253e-08,2.014471466377025e-09,4964081.232674266,2.014471466377025e-07,496408.1232674266,2.0144714663770253e-05,1137790752,11377907520,147365.93996826123,,,,,,,
205513,vit_small_patch32_224,128,0.03,0.0,0.0,13,205513_vit_small_patch32_224,645.0480860569514,77610.53918953368,0.8333,0.8813,0.8425590455312179,0.8817648148597518,0.8342537209622239,0.882423022907643,0.998316160360508,0.9988010092069124,10,SGD,0.879,0.5847469712519482,0.6849081566914642,50062529.76205672,1.9975019335876983e-08,1.9975019335876985e-09,5006252.976205673,1.9975019335876982e-07,500625.29762056726,1.9975019335876983e-05,1137790752,11377907520,146602.60885720517,,,,,,,
205514,vit_small_patch32_224,128,0.03,0.0,0.0,14,205514_vit_small_patch32_224,647.7107315689791,77794.08601058747,0.8393,0.8773,0.845658949305093,0.8765307460170182,0.8385743639998929,0.8768579749479956,0.9983767663437816,0.9987606050428252,10,SGD,0.883,0.5942217165988852,0.6734509094752787,50388064.361657694,1.9845969728516505e-08,1.9845969728516505e-09,5038806.43616577,1.9845969728516505e-07,503880.64361657697,1.9845969728516505e-05,1137790752,11377907520,146256.71568982134,,,,,,,
205515,vit_small_patch32_224,128,0.03,0.0,0.0,15,205515_vit_small_patch32_224,635.4500817470253,76732.12154425969,0.8459,0.8798,0.852171602286157,0.8794005290160533,0.8447676071346932,0.8792551132425982,0.9984434331934596,0.9987858576888636,10,SGD,0.883,0.608004508906186,0.6794507261371379,48759432.9079225,2.050885214125447e-08,2.050885214125447e-09,4875943.290792249,2.0508852141254472e-07,487594.32907922496,2.0508852141254472e-05,1137790752,11377907520,148280.89320373,,,,,,,
205516,vit_small_patch32_224,128,0.03,0.0,0.0,16,205516_vit_small_patch32_224,635.68849903089,76914.49312152289,0.8263,0.8785,0.8369654446928274,0.8792821673386733,0.8272859852302321,0.8785004480556495,0.9982454532157834,0.9987727263426468,10,SGD,0.8818,0.5711343600485568,0.6777643055689377,48893658.68614259,2.0452550021244764e-08,2.0452550021244766e-09,4889365.868614259,2.0452550021244767e-07,488936.5868614259,2.0452550021244767e-05,1137790752,11377907520,147929.30510538767,,,,,,,
205517,vit_small_patch32_224,128,0.03,0.0,0.0,17,205517_vit_small_patch32_224,647.9263785770163,77876.40077943372,0.8386,0.8794,0.8461971734895438,0.8794552001545725,0.8380039740127287,0.8790837993087115,0.9983696960669756,0.998781817507294,10,SGD,0.8834,0.593695690906436,0.679048957074076,50458174.33363082,1.981839440697899e-08,1.981839440697899e-09,5045817.433363083,1.9818394406978988e-07,504581.7433363083,1.981839440697899e-05,1137790752,11377907520,146102.123443342,,,,,,,
205518,vit_small_patch32_224,128,0.03,0.0,0.0,18,205518_vit_small_patch32_224,645.9454159368761,77603.19946428924,0.8351,0.8783,0.8435169796218304,0.8788659157243903,0.8346535432382316,0.8782679256084645,0.9983343421532612,0.998770706125239,10,SGD,0.8795,0.5869681889750005,0.6771085898391542,50127430.95599267,1.9949157196543926e-08,1.9949157196543927e-09,5012743.095599267,1.994915719654393e-07,501274.3095599267,1.9949157196543927e-05,1137790752,11377907520,146616.47455960608,,,,,,,
205519,vit_small_patch32_224,128,0.035,0.0,0.0,19,205519_vit_small_patch32_224,641.6678775069304,77208.37031344608,0.8309,0.8784,0.8399975575011227,0.878562528196195,0.8319917491557135,0.8793042682690863,0.998291918006294,0.9987717163191328,10,SGD,0.8818,0.5797000753147512,0.677751394471008,49542131.10479804,2.0184840209733173e-08,2.0184840209733173e-09,4954213.110479804,2.0184840209733173e-07,495421.3110479804,2.0184840209733174e-05,1137790752,11377907520,147366.243760989,,,,,,,
205520,vit_small_patch32_224,128,0.035,0.0,0.0,20,205520_vit_small_patch32_224,642.531666219933,77291.68282789139,0.8353,0.8741,0.8429195618468591,0.8738163292080486,0.8354423119572801,0.8735178296405423,0.9983363622915143,0.998728281800253,10,SGD,0.878,0.5872485736968023,0.6663469261943133,49662353.75234763,2.0135976739780042e-08,2.013597673978004e-09,4966235.375234764,2.013597673978004e-07,496623.5375234764,2.013597673978004e-05,1137790752,11377907520,147207.39805000313,,,,,,,
20561,vit_small_patch32_224,128,0.035,0.0,0.0,1,20561_vit_small_patch32_224,650.8542107110843,78080.41793094767,0.8382,0.8816,0.842865692164197,0.88114623485134,0.8386374330963371,0.8807525282340284,0.9983656553186054,0.9988040394914884,10,SGD,0.8816,0.5915206483286649,0.6833666179447887,50818968.78443854,1.9677691695039148e-08,1.967769169503915e-09,5081896.878443855,1.9677691695039146e-07,508189.68784438545,1.9677691695039148e-05,1137790752,11377907520,145720.37165659553,,,,,,,
20562,vit_small_patch32_224,128,0.035,0.0,0.0,2,20562_vit_small_patch32_224,645.5607169282157,77472.33647808492,0.8387,0.8783,0.8441934733018437,0.8778759683732065,0.8388132156177162,0.8787767969878792,0.9983707056541308,0.998770706001908,10,SGD,0.8811,0.5929331432115031,0.6767377772809161,50013097.07889646,1.999476254034986e-08,1.999476254034986e-09,5001309.707889646,1.999476254034986e-07,500130.97078896465,1.999476254034986e-05,1137790752,11377907520,146864.1328923717,,,,,,,
20563,vit_small_patch32_224,128,0.035,0.0,0.0,3,20563_vit_small_patch32_224,646.2115456240717,77610.1415301486,0.8411,0.8826,0.8464006946257964,0.8816302110091204,0.8401308781985635,0.8821758441575197,0.9983949480225688,0.9988141403263032,10,SGD,0.8818,0.5971356030677505,0.6856306609588152,50152569.51430029,1.9939157847433208e-08,1.9939157847433207e-09,5015256.951430028,1.993915784743321e-07,501525.6951430028,1.993915784743321e-05,1137790752,11377907520,146603.3600206761,,,,,,,
20564,vit_small_patch32_224,128,0.035,0.0,0.0,4,20564_vit_small_patch32_224,635.9853320058901,76797.62623544617,0.8306,0.8766,0.8395091677100802,0.8769995377387864,0.8312645458575655,0.8770819551931227,0.9982888876046968,0.9987535344180613,10,SGD,0.8821,0.5786458791065157,0.6734406631335097,48842163.81861448,2.047411338518309e-08,2.047411338518309e-09,4884216.381861448,2.0474113385183089e-07,488421.6381861449,2.047411338518309e-05,1137790752,11377907520,148154.4167148814,,,,,,,
20565,vit_small_patch32_224,128,0.035,0.0,0.0,5,20565_vit_small_patch32_224,633.6994159310125,76811.9548253634,0.8359,0.8834,0.8512780704413493,0.8836362721457743,0.838334433252291,0.8840900272465562,0.998342422528092,0.9988222210041168,10,SGD,0.8801,0.5955559960342242,0.6893116475659437,48675690.9093521,2.0544135713703227e-08,2.054413571370323e-09,4867569.09093521,2.054413571370323e-07,486756.909093521,2.0544135713703227e-05,1137790752,11377907520,148126.77982051566,,,,,,,
20566,vit_small_patch32_224,128,0.035,0.0,0.0,6,20566_vit_small_patch32_224,649.7324867700227,77938.00350865524,0.8368,0.8762,0.8445642518490085,0.8769156062755914,0.8369736052960544,0.8762523658814206,0.9983515141433464,0.99874949418472,10,SGD,0.8845,0.590540394398034,0.6724296021261303,50638852.83356932,1.9747682738521353e-08,1.974768273852135e-09,5063885.283356931,1.9747682738521356e-07,506388.5283356931,1.9747682738521357e-05,1137790752,11377907520,145986.64332909748,,,,,,,
20567,vit_small_patch32_224,128,0.035,0.0,0.0,7,20567_vit_small_patch32_224,650.8777659831103,77882.62315075813,0.8298,0.8791,0.840245316983071,0.8791185191236062,0.830595498366373,0.8792827371872243,0.9982808068946932,0.9987787870362422,10,SGD,0.8859,0.5781251004360608,0.6787089333204037,50692067.76526991,1.972695224488591e-08,1.972695224488591e-09,5069206.776526991,1.972695224488591e-07,506920.6776526991,1.972695224488591e-05,1137790752,11377907520,146090.45072834383,,,,,,,
20568,vit_small_patch32_224,128,0.035,0.0,0.0,8,20568_vit_small_patch32_224,632.1934666240122,76805.59907620224,0.8337,0.8837,0.8432397023380233,0.8821354435434963,0.8325628379256702,0.8823452809962857,0.99832020067904,0.9988252515873264,10,SGD,0.8826,0.584315932978608,0.6870181453832964,48555997.93611833,2.0594778039895893e-08,2.0594778039895894e-09,4855599.793611832,2.0594778039895896e-07,485559.97936118324,2.0594778039895893e-05,1137790752,11377907520,148139.03747709165,,,,,,,
20569,vit_small_patch32_224,128,0.035,0.0,0.0,9,20569_vit_small_patch32_224,621.7678869750816,76196.32778504881,0.8315,0.8831,0.843712511020756,0.8835988018344854,0.8312739434892785,0.8832963227842628,0.9982979785652056,0.998819191063932,10,SGD,0.881,0.5821851211422534,0.6884276479197688,47376429.7221705,2.1107542418546477e-08,2.1107542418546475e-09,4737642.97221705,2.1107542418546478e-07,473764.297221705,2.1107542418546476e-05,1137790752,11377907520,149323.56782465,,,,,,,
205610,vit_small_patch32_224,128,0.035,0.0,0.0,10,205610_vit_small_patch32_224,642.0164728721138,77139.11652664068,0.838,0.8771,0.8437391835732799,0.8764741975517611,0.8371583175015758,0.8767377260385187,0.9983636350646355,0.9987585848731092,10,SGD,0.8828,0.5909470746883899,0.6731602552923934,49524583.51290483,2.0191992119215414e-08,2.0191992119215416e-09,4952458.351290483,2.0191992119215414e-07,495245.8351290483,2.0191992119215416e-05,1137790752,11377907520,147498.54590401668,,,,,,,
205611,vit_small_patch32_224,128,0.035,0.0,0.0,11,205611_vit_small_patch32_224,638.2641423428431,76790.98881231011,0.8324,0.8848,0.8444599022280634,0.8852779959772752,0.8340042740191371,0.8853249757937587,0.9983070691108068,0.9988363625391704,10,SGD,0.8802,0.5852528359982447,0.6926627684347083,49012934.61394797,2.04027775091725e-08,2.0402777509172503e-09,4901293.461394798,2.0402777509172497e-07,490129.3461394798,2.04027775091725e-05,1137790752,11377907520,148167.22243034907,,,,,,,
205612,vit_small_patch32_224,128,0.035,0.0,0.0,12,205612_vit_small_patch32_224,648.5601284219883,77684.1269660748,0.8383,0.8789,0.8441034693777112,0.8789954988418994,0.8393397326261979,0.879225054302672,0.9983666652437266,0.9987767666111028,10,SGD,0.8809,0.5929567338525294,0.678413688396504,50382827.36146752,1.9848032600980904e-08,1.9848032600980904e-09,5038282.736146752,1.9848032600980904e-07,503828.27361467516,1.9848032600980906e-05,1137790752,11377907520,146463.73672923958,,,,,,,
205613,vit_small_patch32_224,128,0.035,0.0,0.0,13,205613_vit_small_patch32_224,641.2489085299894,76997.02813138187,0.8259,0.8798,0.8353881976258206,0.8802981758068021,0.8268367646446171,0.8806754206047341,0.9982414128300208,0.9987858576804624,10,SGD,0.8773,0.5694704105875935,0.6812429475328214,49374260.249301516,2.025346800034633e-08,2.025346800034633e-09,4937426.024930152,2.0253468000346326e-07,493742.6024930152,2.025346800034633e-05,1137790752,11377907520,147770.73604172884,,,,,,,
205614,vit_small_patch32_224,128,0.035,0.0,0.0,14,205614_vit_small_patch32_224,653.3351000598632,78088.58760708469,0.8409,0.8789,0.8476871258397981,0.8782807707817128,0.8399122837809887,0.8786651633106871,0.998392927973215,0.9987767666722586,10,SGD,0.8824,0.5977441973293819,0.6774303943599955,51018015.197808065,1.9600919324728336e-08,1.960091932472834e-09,5101801.519780805,1.9600919324728338e-07,510180.15197808057,1.9600919324728338e-05,1137790752,11377907520,145705.12630155095,,,,,,,
205615,vit_small_patch32_224,128,0.035,0.0,0.0,15,205615_vit_small_patch32_224,650.8252301139291,77886.81178348356,0.8393,0.8787,0.8460078387340277,0.8790819738020574,0.8379692927063137,0.8784858118773926,0.9983767664775404,0.9987747465695436,10,SGD,0.8814,0.5940379357364763,0.6777543375816154,50690702.20182598,1.9727483671827653e-08,1.9727483671827653e-09,5069070.220182597,1.9727483671827657e-07,506907.0220182597,1.9727483671827656e-05,1137790752,11377907520,146082.59420900786,,,,,,,
205616,vit_small_patch32_224,128,0.035,0.0,0.0,16,205616_vit_small_patch32_224,637.0798966139555,76732.29905763672,0.8276,0.8764,0.8377453069488964,0.8764905793746743,0.8286601607383026,0.8765596357846228,0.9982585845388662,0.9987515142053588,10,SGD,0.885,0.5735245318567218,0.6724941959264745,48884605.150590315,2.045633787814126e-08,2.0456337878141262e-09,4888460.515059032,2.045633787814126e-07,488846.0515059032,2.045633787814126e-05,1137790752,11377907520,148280.5501690181,,,,,,,
205617,vit_small_patch32_224,128,0.035,0.0,0.0,17,205617_vit_small_patch32_224,629.133600810077,76389.89217548615,0.8413,0.8788,0.8482812417570895,0.879143490424265,0.8404315559943943,0.8788080074880783,0.9983969688093496,0.9987757568978776,10,SGD,0.8837,0.5988200825889282,0.6781282090279561,48059447.929857135,2.080756319672049e-08,2.080756319672049e-09,4805944.792985713,2.080756319672049e-07,480594.4792985713,2.080756319672049e-05,1137790752,11377907520,148945.19675276123,,,,,,,
205618,vit_small_patch32_224,128,0.035,0.0,0.0,18,205618_vit_small_patch32_224,647.6401351920795,77636.33983298375,0.8361,0.8788,0.843284761150646,0.8783078412241995,0.835459949294735,0.878588578638406,0.9983444431711312,0.9987757566341736,10,SGD,0.88,0.5880828521619436,0.6773144696731495,50280409.62525182,1.988846167827917e-08,1.988846167827917e-09,5028040.962525182,1.988846167827917e-07,502804.09625251824,1.988846167827917e-05,1137790752,11377907520,146553.8888679822,,,,,,,
205619,vit_small_patch32_224,128,0.035,0.0,0.0,19,205619_vit_small_patch32_224,626.7367845519911,76138.1232615846,0.8309,0.8784,0.8399975575011227,0.878562528196195,0.8319917491557135,0.8793042682690863,0.998291918006294,0.9987717163191328,10,SGD,0.8818,0.5797000753147512,0.677751394471008,47718562.55478869,2.095620543581624e-08,2.095620543581624e-09,4771856.255478869,2.095620543581624e-07,477185.62554788694,2.0956205435816237e-05,1137790752,11377907520,149437.71966783833,,,,,,,
205620,vit_small_patch32_224,128,0.035,0.0,0.0,20,205620_vit_small_patch32_224,642.5336772098672,77238.88019416944,0.8353,0.8741,0.8429195618468591,0.8738163292080486,0.8354423119572801,0.8735178296405423,0.9983363622915143,0.998728281800253,10,SGD,0.878,0.5872485736968023,0.6663469261943133,49628581.714732066,2.0149679185838058e-08,2.014967918583806e-09,4962858.171473207,2.0149679185838057e-07,496285.8171473207,2.0149679185838057e-05,1137790752,11377907520,147308.03309676787,,,,,,,
20571,vit_small_patch32_224,128,0.04,0.0,0.0,1,20571_vit_small_patch32_224,636.2318975860253,76721.92831189945,0.8332,0.8813,0.8386537005130615,0.880591681810746,0.8331916562492994,0.8803289253445914,0.9983151502295636,0.9988010091861462,10,SGD,0.8806,0.5812252902064788,0.6823737209068543,48812938.036338784,2.0486371856075333e-08,2.0486371856075334e-09,4881293.803633878,2.0486371856075334e-07,488129.3803633878,2.0486371856075334e-05,1137790752,11377907520,148300.59372002652,,,,,,,
20572,vit_small_patch32_224,128,0.04,0.0,0.0,2,20572_vit_small_patch32_224,643.5453101398889,77262.56603397541,0.8355,0.8755,0.8419746519876878,0.875840677511285,0.8358500977019798,0.8754721572555081,0.9983383823937044,0.9987424231490348,10,SGD,0.8808,0.5870182958533412,0.6704665236403761,49721962.02053835,2.011183709096065e-08,2.011183709096065e-09,4972196.202053836,2.0111837090960648e-07,497219.6202053835,2.011183709096065e-05,1137790752,11377907520,147262.87391227315,,,,,,,
20573,vit_small_patch32_224,128,0.04,0.0,0.0,3,20573_vit_small_patch32_224,647.5106205230113,77587.65240357709,0.8438,0.8851,0.8472049333376028,0.8848693787824599,0.8433644731514494,0.8849153567140265,0.99842222077486,0.9988393928747208,10,SGD,0.8771,0.601946006406955,0.6922594628658765,50238828.95276391,1.990492256378489e-08,1.990492256378489e-09,5023882.895276391,1.9904922563784892e-07,502388.2895276391,1.990492256378489e-05,1137790752,11377907520,146645.8536574492,,,,,,,
20574,vit_small_patch32_224,128,0.04,0.0,0.0,4,20574_vit_small_patch32_224,627.2109252358787,76363.46548404552,0.8256,0.873,0.8341283721633878,0.8730402413248237,0.8259235028108892,0.8733416149260442,0.9982383825162876,0.9987171707544068,10,SGD,0.8803,0.5677755245784106,0.6647757635385331,47895999.840466276,2.0878570305053367e-08,2.0878570305053367e-09,4789599.984046628,2.0878570305053368e-07,478959.99840466277,2.0878570305053368e-05,1137790752,11377907520,148996.74141133847,,,,,,,
20575,vit_small_patch32_224,128,0.04,0.0,0.0,5,20575_vit_small_patch32_224,642.0991003080271,77260.43955522636,0.8341,0.8785,0.8513786752603313,0.8794749289129008,0.8362897262386676,0.8792734628873882,0.9983242406911058,0.998772726003432,10,SGD,0.8801,0.5928833679314179,0.6785094016935783,49608858.72781356,2.015769009093013e-08,2.015769009093013e-09,4960885.872781356,2.015769009093013e-07,496088.5872781356,2.015769009093013e-05,1137790752,11377907520,147266.9271039674,,,,,,,
20576,vit_small_patch32_224,128,0.04,0.0,0.0,6,20576_vit_small_patch32_224,643.6918657219503,77485.08507447636,0.8342,0.875,0.8435038828350152,0.8756532910116809,0.8345132694857114,0.8751450019721397,0.998325251501022,0.9987373729651856,10,SGD,0.8797,0.5862226232887797,0.6696865176690293,49876518.97721373,2.0049514691609765e-08,2.0049514691609766e-09,4987651.8977213735,2.0049514691609765e-07,498765.1897721373,2.0049514691609764e-05,1137790752,11377907520,146839.96938331932,,,,,,,
20577,vit_small_patch32_224,128,0.04,0.0,0.0,7,20577_vit_small_patch32_224,648.0696898510214,77837.92247823876,0.8186,0.8797,0.8308232702188597,0.8800965003111381,0.8187684106575207,0.8799556539861783,0.9981676755035098,0.9987848476464842,10,SGD,0.8808,0.5558338256533365,0.6804521916974378,50444398.27912004,1.9823806688440967e-08,1.982380668844097e-09,5044439.827912005,1.9823806688440968e-07,504443.98279120045,1.9823806688440967e-05,1137790752,11377907520,146174.34738421923,,,,,,,
20578,vit_small_patch32_224,128,0.04,0.0,0.0,8,20578_vit_small_patch32_224,643.215540416073,77336.251760709,0.8398,0.8807,0.8479092600866176,0.8792307253408922,0.8384815650999166,0.879048739384194,0.998381816889851,0.9987949485328288,10,SGD,0.8798,0.5960949326833574,0.6798610261349418,49743878.97001792,2.0102975897853263e-08,2.010297589785326e-09,4974387.897001792,2.0102975897853263e-07,497438.7897001792,2.0102975897853263e-05,1137790752,11377907520,147122.56232956707,,,,,,,
20579,vit_small_patch32_224,128,0.04,0.0,0.0,9,20579_vit_small_patch32_224,634.322007086128,76613.25137299777,0.832,0.8781,0.843875865623878,0.8786763422348447,0.8327137625287928,0.8782614982196028,0.998303029073914,0.998768685976846,10,SGD,0.8786,0.5836601253535907,0.6768020609896548,48597471.38031399,2.0577202302856502e-08,2.05772023028565e-09,4859747.138031399,2.0577202302856502e-07,485974.7138031399,2.05772023028565e-05,1137790752,11377907520,148510.96012889134,,,,,,,
205710,vit_small_patch32_224,128,0.04,0.0,0.0,10,205710_vit_small_patch32_224,646.0896818039473,77657.57706175452,0.8357,0.8777,0.8430331629271354,0.8772167565495197,0.8352971628870044,0.8773016215593055,0.9983404027229608,0.998764645483981,10,SGD,0.881,0.5875092583286567,0.674629161544571,50173759.25349449,1.99307370003445e-08,1.99307370003445e-09,5017375.925349449,1.9930737000344503e-07,501737.5925349449,1.9930737000344502e-05,1137790752,11377907520,146513.8103774743,,,,,,,
205711,vit_small_patch32_224,128,0.04,0.0,0.0,11,205711_vit_small_patch32_224,653.2975046590436,78076.53416375784,0.8335,0.8832,0.8465557713419508,0.8835576208101006,0.8352005302261675,0.8839268708132682,0.9983181802323944,0.99882020090777,10,SGD,0.879,0.5883298997868762,0.6889656840153003,51007204.94160957,1.9605073462557863e-08,1.9605073462557863e-09,5100720.494160958,1.960507346255786e-07,510072.0494160957,1.960507346255786e-05,1137790752,11377907520,145727.62023652278,,,,,,,
205712,vit_small_patch32_224,128,0.04,0.0,0.0,12,205712_vit_small_patch32_224,642.0981710280757,76891.75981657128,0.839,0.8768,0.8471938832479675,0.8773276532578592,0.8400348681901356,0.8773710453479314,0.9983737359569572,0.9987555544714108,10,SGD,0.8808,0.5961221142037633,0.6740697922702815,49372058.34535051,2.025437126816027e-08,2.025437126816027e-09,4937205.834535051,2.0254371268160273e-07,493720.5834535051,2.025437126816027e-05,1137790752,11377907520,147973.04089726266,,,,,,,
205713,vit_small_patch32_224,128,0.04,0.0,0.0,13,205713_vit_small_patch32_224,636.9407967668958,76628.93847234947,0.8265,0.876,0.8376641995831604,0.8771214577221145,0.8269159745932947,0.8769444195490383,0.9982474734406008,0.9987474738134552,10,SGD,0.8803,0.5714949724855599,0.6729636467574727,48808097.12597971,2.048840374618328e-08,2.048840374618328e-09,4880809.712597971,2.048840374618328e-07,488080.9712597971,2.0488403746183277e-05,1137790752,11377907520,148480.5576956487,,,,,,,
205714,vit_small_patch32_224,128,0.04,0.0,0.0,14,205714_vit_small_patch32_224,657.4560046789702,78233.52168459793,0.8325,0.877,0.8393125380184222,0.8765916454316034,0.83144217724989,0.8764341039200226,0.9983080794186896,0.9987575747373064,10,SGD,0.8782,0.5799687460451933,0.6729398936555262,51435098.59872133,1.9441976923222226e-08,1.9441976923222225e-09,5143509.8598721335,1.9441976923222226e-07,514350.9859872133,1.9441976923222225e-05,1137790752,11377907520,145435.1954890969,,,,,,,
205715,vit_small_patch32_224,128,0.04,0.0,0.0,15,205715_vit_small_patch32_224,645.8138678348623,77376.28405313376,0.8361,0.8754,0.8416399223956778,0.8755633919095299,0.8347857271639395,0.8748214912228076,0.9983444432213372,0.9987414132115838,10,SGD,0.8804,0.5864621269771181,0.6696789366203684,49970677.28304329,2.001173596939286e-08,2.001173596939286e-09,4997067.728304329,2.0011735969392856e-07,499706.7728304329,2.0011735969392856e-05,1137790752,11377907520,147046.4452930677,,,,,,,
205716,vit_small_patch32_224,128,0.04,0.0,0.0,16,205716_vit_small_patch32_224,644.765721393982,77281.08632469972,0.8297,0.87,0.8365287898685025,0.8697918748556197,0.8305730306241145,0.8700140995023253,0.998279796676154,0.9986868676917204,10,SGD,0.8831,0.5754824571749413,0.6574916307214965,49828195.374255605,2.006895879911122e-08,2.006895879911122e-09,4982819.537425561,2.0068958799111218e-07,498281.9537425561,2.0068958799111217e-05,1137790752,11377907520,147227.58259628035,,,,,,,
205717,vit_small_patch32_224,128,0.04,0.0,0.0,17,205717_vit_small_patch32_224,650.3856646588538,77729.62545778572,0.8361,0.8795,0.8439903163759095,0.8798751854323291,0.8359531736328109,0.8793204874573152,0.9983444435277404,0.9987828276088634,10,SGD,0.8826,0.58892235917767,0.6796341175879016,50554234.11704572,1.9780736815926227e-08,1.9780736815926228e-09,5055423.411704573,1.9780736815926224e-07,505542.34117045725,1.9780736815926225e-05,1137790752,11377907520,146378.00520702678,,,,,,,
205718,vit_small_patch32_224,128,0.04,0.0,0.0,18,205718_vit_small_patch32_224,644.1348828149494,76989.01603193065,0.8289,0.8754,0.8358830598000863,0.8753964638050148,0.8285306101567685,0.8753849540227503,0.9982717158424682,0.9987414131734164,10,SGD,0.8799,0.573066455749407,0.6699825113446162,49591310.8197659,2.0164822898801538e-08,2.0164822898801536e-09,4959131.081976591,2.0164822898801537e-07,495913.108197659,2.0164822898801538e-05,1137790752,11377907520,147786.1142592223,,,,,,,
205719,vit_small_patch32_224,128,0.04,0.0,0.0,19,205719_vit_small_patch32_224,644.8965238081291,77124.6385820154,0.8327,0.8757,0.8430541347914899,0.8761915191280926,0.8337541192316809,0.8765195575579432,0.9983100998370964,0.9987444435729292,10,SGD,0.8794,0.5843156049110556,0.6716923188391981,49737411.32150005,2.0105590006203818e-08,2.010559000620382e-09,4973741.132150005,2.0105590006203818e-07,497374.1132150005,2.0105590006203817e-05,1137790752,11377907520,147526.23453658816,,,,,,,
205720,vit_small_patch32_224,128,0.04,0.0,0.0,20,205720_vit_small_patch32_224,643.6855655219406,77057.21173656167,0.8378,0.8744,0.8439860451081656,0.8737458892904715,0.8376451379382948,0.8736555660088482,0.9983616148371806,0.998731312105733,10,SGD,0.8797,0.5913213622106193,0.6666290092459212,49600614.91419262,2.0161040376817225e-08,2.0161040376817224e-09,4960061.491419262,2.0161040376817222e-07,496006.14914192626,2.016104037681722e-05,1137790752,11377907520,147655.3234095476,,,,,,,
20581,vit_small_patch32_224,128,0.025,0.0,0.0,1,20581_vit_small_patch32_224,648.9758503199555,77653.39204470672,0.8343,0.8792,0.8378522213607592,0.8786673021423548,0.8342235343004916,0.8782881998991013,0.9983262613491528,0.9987797970487486,10,SGD,0.8813,0.5821630029520986,0.6776710633918481,50395176.132442415,1.9843169063878707e-08,1.9843169063878707e-09,5039517.613244241,1.984316906387871e-07,503951.7613244241,1.984316906387871e-05,1137790752,11377907520,146521.70652699235,,,,,,,
20582,vit_small_patch32_224,128,0.025,0.0,0.0,2,20582_vit_small_patch32_224,648.3948369340505,77514.18254930952,0.8408,0.8831,0.8471104497227349,0.8827368095115317,0.8409095381186715,0.8835061066336479,0.9983919177937858,0.9988191908925476,10,SGD,0.8825,0.5979750686166397,0.6879193969686597,50259795.75413577,1.9896618857980775e-08,1.9896618857980775e-09,5025979.575413578,1.9896618857980774e-07,502597.9575413578,1.9896618857980775e-05,1137790752,11377907520,146784.8482148684,,,,,,,
20583,vit_small_patch32_224,128,0.025,0.0,0.0,3,20583_vit_small_patch32_224,648.2747133900411,77493.66372692748,0.8449,0.883,0.8479685705495068,0.8824949833879892,0.8446383807699002,0.8827419288107915,0.9984333318961636,0.9988181807340502,10,SGD,0.883,0.6041919700615126,0.6870575922710381,50237182.64211814,1.9905574863221216e-08,1.9905574863221217e-09,5023718.264211815,1.9905574863221212e-07,502371.82642118144,1.9905574863221214e-05,1137790752,11377907520,146823.71400187662,,,,,,,
20584,vit_small_patch32_224,128,0.025,0.0,0.0,4,20584_vit_small_patch32_224,632.8167427531444,76333.43682626545,0.8314,0.8793,0.837663993766045,0.8791319023087689,0.8321643184003829,0.8795458896951844,0.9982969684188422,0.9987808071658022,10,SGD,0.8821,0.5785604079330762,0.6790782252973525,48305076.855550215,2.070175776741572e-08,2.070175776741572e-09,4830507.685555022,2.0701757767415718e-07,483050.7685555022,2.070175776741572e-05,1137790752,11377907520,149055.3549409293,,,,,,,
20585,vit_small_patch32_224,128,0.025,0.0,0.0,5,20585_vit_small_patch32_224,650.8467557909898,77723.82017947872,0.8376,0.8829,0.8497258091431367,0.8835496044152028,0.8391004153495577,0.8836219734167046,0.9983595942630236,0.9988171704938426,10,SGD,0.8828,0.5962335500174928,0.6884857571484378,50586296.211495996,1.976819958945215e-08,1.976819958945215e-09,5058629.6211496,1.976819958945215e-07,505862.96211495996,1.976819958945215e-05,1137790752,11377907520,146388.93834253517,,,,,,,
20586,vit_small_patch32_224,128,0.025,0.0,0.0,6,20586_vit_small_patch32_224,644.0174141360912,76946.28321666311,0.8418,0.8781,0.8459377524861554,0.8787666534594244,0.8416269504557163,0.8782300450336689,0.9984020192247388,0.998768686115649,10,SGD,0.8847,0.5983735844734556,0.6768473826609985,49554746.3445787,2.0179701719114948e-08,2.017970171911495e-09,4955474.63445787,2.0179701719114947e-07,495547.463445787,2.017970171911495e-05,1137790752,11377907520,147868.18861623787,,,,,,,
20587,vit_small_patch32_224,128,0.025,0.0,0.0,7,20587_vit_small_patch32_224,644.6828819289804,77208.16182811631,0.8289,0.8809,0.836241120352885,0.8814389683905006,0.8295491367325646,0.8811353737663665,0.9982717159793304,0.9987969688669682,10,SGD,0.8842,0.5740167177090125,0.6833429356220376,49774780.27578911,2.0090495517192844e-08,2.0090495517192842e-09,4977478.027578911,2.0090495517192848e-07,497747.80275789107,2.0090495517192846e-05,1137790752,11377907520,147366.64169430587,,,,,,,
20588,vit_small_patch32_224,128,0.025,0.0,0.0,8,20588_vit_small_patch32_224,645.6221593411174,77315.76386132976,0.8413,0.8848,0.8472643157593573,0.8834901052816002,0.8400169113426281,0.8834157270508709,0.9983969684170994,0.9988363627073086,10,SGD,0.8823,0.5978071259353233,0.6897731338946972,49916770.415259644,2.0033347343607355e-08,2.0033347343607354e-09,4991677.041525964,2.0033347343607357e-07,499167.7041525964,2.0033347343607357e-05,1137790752,11377907520,147161.5483280606,,,,,,,
20589,vit_small_patch32_224,128,0.025,0.0,0.0,9,20589_vit_small_patch32_224,643.280505286064,77106.51116891208,0.8364,0.8845,0.8454117306493822,0.8845701545980924,0.8365444577541515,0.8845352888922866,0.9983474735505496,0.998833332488316,10,SGD,0.8805,0.5905450632635114,0.6912550392295548,49601115.4655833,2.016083692097347e-08,2.016083692097347e-09,4960111.54655833,2.016083692097347e-07,496011.15465583303,2.016083692097347e-05,1137790752,11377907520,147560.91732739896,,,,,,,
205810,vit_small_patch32_224,128,0.025,0.0,0.0,10,205810_vit_small_patch32_224,655.4745036959648,78117.98927542128,0.8415,0.8794,0.8471614845179978,0.8785243140141552,0.840873601596499,0.8788540317909355,0.998398988628054,0.9987818172147844,10,SGD,0.8787,0.5984876236168954,0.6781529005939879,51204350.25003346,1.9529590652297097e-08,1.95295906522971e-09,5120435.025003346,1.9529590652297099e-07,512043.5025003346,1.9529590652297097e-05,1137790752,11377907520,145650.28651575773,,,,,,,
205811,vit_small_patch32_224,128,0.025,0.0,0.0,11,205811_vit_small_patch32_224,648.479605556,77701.40023125385,0.8358,0.8822,0.8476532866198415,0.8828857018423641,0.8371028348082098,0.882640671879812,0.9983414125775324,0.9988100998881446,10,SGD,0.8838,0.5920774439665487,0.68665470153025,50387773.37311239,1.9846084338658508e-08,1.9846084338658506e-09,5038777.337311238,1.9846084338658513e-07,503877.7337311238,1.9846084338658513e-05,1137790752,11377907520,146431.17738080944,,,,,,,
205812,vit_small_patch32_224,128,0.025,0.0,0.0,12,205812_vit_small_patch32_224,644.9595628040843,77341.0348044072,0.8437,0.8818,0.8483286983332815,0.8816878046985839,0.8445952096320575,0.8823033040942589,0.9984212107457916,0.9988060595659154,10,SGD,0.8796,0.6035518991193061,0.6851473815842491,49881839.99426594,2.0047375961170496e-08,2.0047375961170495e-09,4988183.999426593,2.0047375961170498e-07,498818.3999426593,2.00473759611705e-05,1137790752,11377907520,147113.4637488926,,,,,,,
205813,vit_small_patch32_224,128,0.025,0.0,0.0,13,205813_vit_small_patch32_224,647.0384944521356,77461.06729621356,0.8312,0.8803,0.8395806109149595,0.8804953769523718,0.8319417551215732,0.8812399206299909,0.998294948223478,0.9987909081892792,10,SGD,0.8847,0.5795884610257511,0.682223264157984,50120292.36199758,1.9951998539382506e-08,1.9951998539382506e-09,5012029.236199758,1.9951998539382508e-07,501202.9236199758,1.995199853938251e-05,1137790752,11377907520,146885.49896285994,,,,,,,
205814,vit_small_patch32_224,128,0.025,0.0,0.0,14,205814_vit_small_patch32_224,648.5627501441631,77596.29966752027,0.8364,0.8783,0.8425732238978287,0.8772821239521863,0.8353195862661659,0.8777369340561608,0.9983474733904336,0.9987707060612212,10,SGD,0.8831,0.5877005072973673,0.675479747023893,50326069.51337756,1.9870417254305588e-08,1.9870417254305586e-09,5032606.951337756,1.9870417254305592e-07,503260.6951337756,1.987041725430559e-05,1137790752,11377907520,146629.5115714453,,,,,,,
205815,vit_small_patch32_224,128,0.025,0.0,0.0,15,205815_vit_small_patch32_224,636.7441471088678,76622.69990710476,0.8457,0.8792,0.8497795986761418,0.8794147832301276,0.8448993870819612,0.8786382130406258,0.998441412989947,0.9987797970783252,10,SGD,0.8842,0.6062478512198578,0.6785178507328125,48789055.70152814,2.0496399973748185e-08,2.0496399973748186e-09,4878905.5701528145,2.049639997374818e-07,487890.55701528146,2.049639997374818e-05,1137790752,11377907520,148492.64687611192,,,,,,,
205816,vit_small_patch32_224,128,0.025,0.0,0.0,16,205816_vit_small_patch32_224,643.4440060930792,77176.74626653068,0.8307,0.8788,0.8390802035486504,0.8795545969576449,0.8314886096723584,0.8788517637955552,0.99828989769391,0.9987757566479732,10,SGD,0.8817,0.5785763347394086,0.6784790964380893,49658914.794965595,2.013737118760758e-08,2.013737118760758e-09,4965891.47949656,2.013737118760758e-07,496589.147949656,2.0137371187607578e-05,1137790752,11377907520,147426.6287504047,,,,,,,
205817,vit_small_patch32_224,128,0.025,0.0,0.0,17,205817_vit_small_patch32_224,649.4801748329774,77691.6584859438,0.8355,0.8784,0.8422188202989627,0.8782055240801709,0.835064488057172,0.8781232763244143,0.998338382918324,0.9987717164916,10,SGD,0.8827,0.5866366340636334,0.6765660733736509,50459191.93651475,1.9817994732419623e-08,1.981799473241962e-09,5045919.193651475,1.9817994732419623e-07,504591.9193651475,1.9817994732419624e-05,1137790752,11377907520,146449.53836399983,,,,,,,
205818,vit_small_patch32_224,128,0.025,0.0,0.0,18,205818_vit_small_patch32_224,650.5745168731082,77905.33622856108,0.8331,0.88,0.8405988073958395,0.87977255070084,0.832677965961849,0.879986586828029,0.9983141401175216,0.9987878778556176,10,SGD,0.8786,0.5821436963638897,0.6804596775715908,50683226.47873318,1.973039345511286e-08,1.973039345511286e-09,5068322.647873318,1.973039345511286e-07,506832.26478733175,1.9730393455112863e-05,1137790752,11377907520,146047.8584755625,,,,,,,
205819,vit_small_patch32_224,128,0.025,0.0,0.0,19,205819_vit_small_patch32_224,644.9360129481647,77388.1239259584,0.8437,0.8815,0.8491102683595899,0.8820348343654756,0.8447594706377594,0.8823060818395217,0.9984212110253324,0.9988030294721812,10,SGD,0.8831,0.6042254449343077,0.6851839440994485,49910388.094346076,2.003590911995496e-08,2.0035909119954957e-09,4991038.809434608,2.003590911995496e-07,499103.8809434608,2.003590911995496e-05,1137790752,11377907520,147023.9481562557,,,,,,,
205820,vit_small_patch32_224,128,0.025,0.0,0.0,20,205820_vit_small_patch32_224,640.5517644488718,76908.7589300514,0.8325,0.8828,0.8385527195094327,0.882621076673871,0.8329798523174964,0.8822423101935374,0.9983080794403684,0.9988161606591712,10,SGD,0.8817,0.5805153353529557,0.6866098994083683,49264041.234217346,2.0298781320957273e-08,2.029878132095727e-09,4926404.123421734,2.0298781320957276e-07,492640.41234217345,2.0298781320957275e-05,1137790752,11377907520,147940.33447280328,,,,,,,
20591,vit_small_patch32_224,128,0.02,0.0,0.0,1,20591_vit_small_patch32_224,648.5148058061022,77682.4419191328,0.8338,0.879,0.8357300192620734,0.8780900295272928,0.8332625237235094,0.8778386609007307,0.9983212108402486,0.998777776845187,10,SGD,0.8792,0.5796689542664263,0.6767238694845812,50378213.73573022,1.984985027944253e-08,1.984985027944253e-09,5037821.373573023,1.9849850279442527e-07,503782.1373573023,1.9849850279442526e-05,1137790752,11377907520,146466.9137440912,,,,,,,
20592,vit_small_patch32_224,128,0.02,0.0,0.0,2,20592_vit_small_patch32_224,641.6221028419677,77230.14876847295,0.8398,0.8789,0.8442906310297567,0.8788415782882208,0.8402134098609845,0.8793153280831786,0.9983818167749025,0.998776766613238,10,SGD,0.8856,0.5947769255460488,0.6783645350707079,49552570.455625616,2.0180587824308755e-08,2.0180587824308757e-09,4955257.0455625625,2.018058782430875e-07,495525.70455625624,2.018058782430875e-05,1137790752,11377907520,147324.68733304722,,,,,,,
20593,vit_small_patch32_224,128,0.02,0.0,0.0,3,20593_vit_small_patch32_224,647.7703972260933,77690.54214740737,0.8471,0.8838,0.8494846545480766,0.8833341932896813,0.8466243237092175,0.8832036034326711,0.9984555541387714,0.9988262615495438,10,SGD,0.8815,0.6082886297482184,0.6886995893256046,50325633.347536616,1.9870589468675785e-08,1.9870589468675783e-09,5032563.334753661,1.9870589468675787e-07,503256.3334753662,1.9870589468675784e-05,1137790752,11377907520,146451.64270332866,,,,,,,
20594,vit_small_patch32_224,128,0.02,0.0,0.0,4,20594_vit_small_patch32_224,654.9158086110838,78190.83928779805,0.8339,0.8757,0.8398309317257251,0.8755317549277584,0.8348549969821794,0.8761128346258187,0.9983222209630468,0.9987444435021476,10,SGD,0.8778,0.5836972251673818,0.6708750963897874,51208416.73814756,1.9528039796923716e-08,1.9528039796923716e-09,5120841.673814756,1.9528039796923714e-07,512084.16738147556,1.9528039796923715e-05,1137790752,11377907520,145514.5848751052,,,,,,,
20595,vit_small_patch32_224,128,0.02,0.0,0.0,5,20595_vit_small_patch32_224,642.5951956370845,77106.24069746184,0.8395,0.8813,0.8513059136612051,0.8819511405898804,0.8411231685031929,0.881879176220442,0.9983787862020644,0.998801008860966,10,SGD,0.8801,0.6001520457671646,0.6846306790290569,49548099.82582562,2.0182408679954603e-08,2.0182408679954603e-09,4954809.982582562,2.0182408679954602e-07,495480.9982582562,2.01824086799546e-05,1137790752,11377907520,147561.43493810008,,,,,,,
20596,vit_small_patch32_224,128,0.02,0.0,0.0,6,20596_vit_small_patch32_224,636.3005763769615,76825.9530682686,0.8377,0.8778,0.8406500856457114,0.8782100980584573,0.8374569034016609,0.8779255635165625,0.9983606050579968,0.9987656558107654,10,SGD,0.8805,0.5887808544877432,0.6759511294829494,48884398.21804871,2.0456424471863252e-08,2.0456424471863252e-09,4888439.821804871,2.0456424471863254e-07,488843.9821804871,2.0456424471863253e-05,1137790752,11377907520,148099.79005258073,,,,,,,
20597,vit_small_patch32_224,128,0.02,0.0,0.0,7,20597_vit_small_patch32_224,634.4591811068822,76644.6654150396,0.8292,0.8832,0.836625570520949,0.8838922847595423,0.8299884252085813,0.8833738294917165,0.9982747462844516,0.998820201206229,10,SGD,0.8794,0.5747944263215813,0.6887954184644752,48627911.655437,2.0564321311713e-08,2.0564321311713e-09,4862791.165543701,2.0564321311712995e-07,486279.11655437003,2.0564321311712996e-05,1137790752,11377907520,148450.09053646895,,,,,,,
20598,vit_small_patch32_224,128,0.02,0.0,0.0,8,20598_vit_small_patch32_224,645.1448889339808,77456.73589447032,0.8378,0.8848,0.8434103256356293,0.8835394229812755,0.8363268137866665,0.8834024829162899,0.9983616148535192,0.9988363627073086,10,SGD,0.8815,0.5899879825678245,0.6898012964024048,49970817.27582674,2.0011679906699216e-08,2.0011679906699216e-09,4997081.727582674,2.0011679906699218e-07,499708.1727582673,2.0011679906699218e-05,1137790752,11377907520,146893.712839922,,,,,,,
20599,vit_small_patch32_224,128,0.02,0.0,0.0,9,20599_vit_small_patch32_224,639.3195951331872,76953.5616724488,0.8368,0.8808,0.8423049678267911,0.8807961274157908,0.8369888745912509,0.8812863528918287,0.9983515139575164,0.9987959587238724,10,SGD,0.8794,0.588971391217778,0.6828833499243291,49197919.89248673,2.032606260966564e-08,2.0326062609665642e-09,4919791.9892486725,2.0326062609665644e-07,491979.19892486726,2.0326062609665643e-05,1137790752,11377907520,147854.20288186037,,,,,,,
205910,vit_small_patch32_224,128,0.02,0.0,0.0,10,205910_vit_small_patch32_224,641.6605832718778,77076.77264074008,0.8358,0.881,0.8406974863670774,0.8800736286274937,0.8350305397662697,0.8804642449409741,0.9983414128247724,0.9987979788437752,10,SGD,0.88,0.585765193069253,0.6818428568455275,49457126.889371194,2.0219532813478284e-08,2.0219532813478285e-09,4945712.688937119,2.0219532813478284e-07,494571.2688937119,2.0219532813478285e-05,1137790752,11377907520,147617.8507503574,,,,,,,
205911,vit_small_patch32_224,128,0.02,0.0,0.0,11,205911_vit_small_patch32_224,654.1442689690739,78209.23221806005,0.8312,0.8872,0.8406466103991228,0.8876189881440867,0.8329466826477989,0.8878099160772048,0.9982949478872566,0.998860604986271,10,SGD,0.8789,0.5810253445229648,0.6983497687206702,51160121.03591543,1.9546474475656147e-08,1.9546474475656146e-09,5116012.103591543,1.9546474475656147e-07,511601.21035915427,1.9546474475656148e-05,1137790752,11377907520,145480.36334478448,,,,,,,
205912,vit_small_patch32_224,128,0.02,0.0,0.0,12,205912_vit_small_patch32_224,637.2756131067872,76808.58283891655,0.8451,0.8781,0.8479884339241219,0.877543544171406,0.8462672362179098,0.8784484796581163,0.9984353521722528,0.998768685795982,10,SGD,0.8825,0.6055158386728613,0.676073426146017,48948236.720534004,2.042974511440359e-08,2.0429745114403593e-09,4894823.6720534,2.042974511440359e-07,489482.36720534,2.0429745114403592e-05,1137790752,11377907520,148133.28275906117,,,,,,,
205913,vit_small_patch32_224,128,0.02,0.0,0.0,13,205913_vit_small_patch32_224,649.3318374680821,77617.41933984192,0.8315,0.8777,0.8392755600003398,0.8780907133182732,0.832495958719764,0.8786242461698983,0.9982979785287678,0.9987646455434324,10,SGD,0.88,0.5799748425734086,0.6763193714540208,50399461.5194702,1.984148183038984e-08,1.984148183038984e-09,5039946.151947021,1.984148183038984e-07,503994.61519470206,1.984148183038984e-05,1137790752,11377907520,146589.61373326142,,,,,,,
205914,vit_small_patch32_224,128,0.02,0.0,0.0,14,205914_vit_small_patch32_224,651.7933651979547,77880.57042891816,0.8361,0.8777,0.8423423349160565,0.8773067082256144,0.8351413104051869,0.8774035479977289,0.9983444430849148,0.9987646454501836,10,SGD,0.8802,0.5872015905662707,0.6747767270683827,50762039.08340088,1.9699760255040635e-08,1.9699760255040634e-09,5076203.908340089,1.969976025504063e-07,507620.39083400887,1.9699760255040632e-05,1137790752,11377907520,146094.30127870792,,,,,,,
205915,vit_small_patch32_224,128,0.02,0.0,0.0,15,205915_vit_small_patch32_224,643.3924124201294,77138.2372965606,0.8434,0.8805,0.8453520509524285,0.8805180857894279,0.8425542679313445,0.8800901313659806,0.998418180649551,0.998792928401158,10,SGD,0.8804,0.5997656248578721,0.681506890314156,49630156.584070526,2.0149039794103e-08,2.0149039794103e-09,4963015.658407053,2.0149039794102996e-07,496301.5658407053,2.0149039794102997e-05,1137790752,11377907520,147500.227108603,,,,,,,
205916,vit_small_patch32_224,128,0.02,0.0,0.0,16,205916_vit_small_patch32_224,638.9803584208712,76884.74776595412,0.8306,0.8781,0.836168166762596,0.878891456284474,0.8312706884982002,0.8783468441225327,0.9982888875921342,0.998768685935544,10,SGD,0.8839,0.5763472966377075,0.6770335379424326,49127843.684587635,2.035505580949647e-08,2.035505580949647e-09,4912784.368458764,2.0355055809496468e-07,491278.43684587633,2.035505580949647e-05,1137790752,11377907520,147986.53634964948,,,,,,,
205917,vit_small_patch32_224,128,0.02,0.0,0.0,17,205917_vit_small_patch32_224,632.6316436559428,76658.6569755924,0.8358,0.8778,0.8435229734939063,0.87814840008794,0.8357130074594055,0.8774310568098889,0.9983414132230322,0.9987656558821836,10,SGD,0.8862,0.5882142353993798,0.6755229267314349,48496692.16292612,2.06199630407878e-08,2.06199630407878e-09,4849669.216292612,2.06199630407878e-07,484966.9216292612,2.06199630407878e-05,1137790752,11377907520,148422.99576971,,,,,,,
205918,vit_small_patch32_224,128,0.02,0.0,0.0,18,205918_vit_small_patch32_224,642.7799068880267,77094.59438347055,0.8373,0.8823,0.843400575444922,0.8821060947087715,0.8366703332676515,0.8823055363102987,0.9983565643925748,0.9988111101967184,10,SGD,0.8803,0.5898682655029426,0.6858663103063386,49554856.199377395,2.0179656984103285e-08,2.0179656984103285e-09,4955485.619937739,2.0179656984103285e-07,495548.56199377397,2.0179656984103284e-05,1137790752,11377907520,147583.7263428093,,,,,,,
205919,vit_small_patch32_224,128,0.02,0.0,0.0,19,205919_vit_small_patch32_224,652.1646053439472,77935.36079290824,0.8441,0.877,0.8487848175353614,0.8774991203142125,0.8452324423651774,0.8779057254700443,0.9984252514321776,0.9987575748951752,10,SGD,0.8792,0.6046209862168765,0.674767645951182,50826683.813845135,1.9674704799993288e-08,1.967470479999329e-09,5082668.381384512,1.9674704799993292e-07,508266.8381384513,1.9674704799993292e-05,1137790752,11377907520,145991.59360067194,,,,,,,
205920,vit_small_patch32_224,128,0.02,0.0,0.0,20,205920_vit_small_patch32_224,647.804814588977,77558.05388110176,0.8345,0.879,0.8399567898903993,0.8785855694598801,0.8348666319914451,0.8787239938401068,0.9983282814769012,0.9987777767897584,10,SGD,0.8776,0.5842164265420764,0.6777886570743429,50242480.71432902,1.9903475819314048e-08,1.990347581931405e-09,5024248.071432902,1.9903475819314048e-07,502424.8071432901,1.990347581931405e-05,1137790752,11377907520,146701.81819469822,,,,,,,
306113,vit_b_16,128,0.03,0.0,0.0,13,306113_vit_b_16,1979.28643979202,403869.4473338384,0.7693,0.8718,0.7777433591983172,0.8734203954936801,0.7705618352185722,0.8729529798781163,0.9976696952319688,0.9987050495393948,10,SGD,0.8743,0.4599666240859118,0.6638474498098701,799373320.5541637,1.2509799542806261e-09,1.250979954280626e-10,79937332.05541638,1.250979954280626e-08,7993733.205541638,1.250979954280626e-06,17262805008,172628050080,427435.27944391815,,,,,,,
306114,vit_b_16,128,0.03,0.0,0.0,14,306114_vit_b_16,1982.5353165010456,406566.49781425967,0.7616,0.8702,0.7725149676574757,0.8701602277258274,0.7613179582318184,0.8698796098681402,0.9975919172144216,0.9986888878122144,10,SGD,0.876,0.4468408137230362,0.6578209139142989,806032440.422915,1.2406448547843964e-09,1.2406448547843964e-10,80603244.04229148,1.2406448547843967e-08,8060324.404229148,1.2406448547843967e-06,17262805008,172628050080,424599.79119790957,,,,,,,
306114,vit_b_16,128,0.03,0.0,0.0,14,306114_vit_b_16,1982.576116807002,404258.3180894009,0.7616,0.8702,0.7725149676574757,0.8701602277258274,0.7613179582318184,0.8698796098681402,0.9975919172144216,0.9986888878122144,10,SGD,0.876,0.4468408137230362,0.6578209139142989,801472886.4646143,1.2477028442111258e-09,1.247702844211126e-10,80147288.64646143,1.247702844211126e-08,8014728.864646142,1.247702844211126e-06,17262805008,172628050080,427024.11392762896,,,,,,,
306115,vit_b_16,128,0.03,0.0,0.0,15,306115_vit_b_16,2005.803599680076,409136.5492938133,0.7749,0.869,0.782235343567753,0.8691717319314446,0.7742205746490112,0.8688198335247748,0.9977262609464492,0.9986767666991776,10,SGD,0.875,0.4682299690858887,0.6553601692534116,820647563.3342156,1.2185498924009375e-09,1.2185498924009375e-10,82064756.33342156,1.2185498924009375e-08,8206475.633342155,1.2185498924009377e-06,17262805008,172628050080,421932.6050873802,,,,,,,
306115,vit_b_16,128,0.03,0.0,0.0,15,306115_vit_b_16,1994.511165879987,405997.9685854636,0.7749,0.869,0.782235343567753,0.8691717319314446,0.7742205746490112,0.8688198335247748,0.9977262609464492,0.9986767666991776,10,SGD,0.875,0.4682299690858887,0.6553601692534116,809767481.6682993,1.234922397648989e-09,1.2349223976489889e-10,80976748.16682993,1.2349223976489891e-08,8097674.8166829925,1.234922397648989e-06,17262805008,172628050080,425194.36902961094,,,,,,,
306116,vit_b_16,128,0.03,0.0,0.0,16,306116_vit_b_16,1974.3844721110072,403672.2468080746,0.7756,0.8696,0.784515722147106,0.8695891896046894,0.7756960143298567,0.8690639355243079,0.9977333316155546,0.9986828272846182,10,SGD,0.8785,0.4709182191265963,0.6563159718589007,797004215.9200245,1.2546985072665478e-09,1.2546985072665479e-10,79700421.59200245,1.2546985072665476e-08,7970042.159200245,1.2546985072665477e-06,17262805008,172628050080,427644.088601602,,,,,,,
306117,vit_b_16,128,0.03,0.0,0.0,17,306117_vit_b_16,1989.051310414012,405444.9640480265,0.7663,0.8727,0.7775190323366765,0.8731515702989738,0.7678493058405924,0.87290275761654,0.9976393926322936,0.9987141407021436,10,SGD,0.8763,0.4564145065462813,0.664296065032958,806450837.0404891,1.2400011929676918e-09,1.2400011929676917e-10,80645083.7040489,1.2400011929676918e-08,8064508.37040489,1.2400011929676918e-06,17262805008,172628050080,425774.3106646444,,,,,,,
306118,vit_b_16,128,0.03,0.0,0.0,18,306118_vit_b_16,1981.3729563000088,403891.8303083382,0.7792,0.8743,0.7839489506294963,0.874162156285646,0.78004182377271,0.8742292193214266,0.9977696952543366,0.9987303020537596,10,SGD,0.8731,0.4754281856677422,0.6673075281949518,800260349.8434536,1.249593335713333e-09,1.2495933357133328e-10,80026034.98434538,1.2495933357133327e-08,8002603.498434537,1.2495933357133327e-06,17262805008,172628050080,427411.5917328971,,,,,,,
306119,vit_b_16,128,0.03,0.0,0.0,19,306119_vit_b_16,1991.429519327008,405520.2260762659,0.743,0.8761,0.7555041633081866,0.8769700758585618,0.7450466573484346,0.8768652976299152,0.9974040386021144,0.9987484839797742,10,SGD,0.874,0.4171384938069822,0.6728642757036786,807564948.8924378,1.2382904946177812e-09,1.2382904946177811e-10,80756494.88924378,1.2382904946177811e-08,8075649.488924378,1.2382904946177813e-06,17262805008,172628050080,425695.2896044548,,,,,,,
306620,vit_b_32,128,0.035,0.0,0.0,20,306620_vit_b_32,899.6181106610165,147767.82284464705,0.7367,0.8572,0.7530279751732639,0.8568224393052319,0.7371169089773878,0.8568368135766132,0.9973404018904416,0.9985575745915496,10,SGD,0.8575,0.4078322513208156,0.6284116415784858,132934609.60399318,7.522495480890639e-09,7.522495480890639e-10,13293460.96039932,7.522495480890637e-08,1329346.096039932,7.5224954808906375e-06,4398947904,43989479040,297693.22030444694,,,,,,,
306621,vit_b_32,128,0.035,0.0,0.0,21,306621_vit_b_32,915.2549895909906,149066.87432606568,0.7317,0.854,0.7451384880121468,0.8547929273058166,0.7328414334865246,0.8549849599561976,0.997289897177938,0.9985252515392432,10,SGD,0.8602,0.3984753734773145,0.6232127331661858,136434200.50966474,7.32954051304139e-09,7.32954051304139e-10,13643420.050966475,7.32954051304139e-08,1364342.0050966474,7.32954051304139e-06,4398947904,43989479040,295098.9563501436,,,,,,,
306622,vit_b_32,128,0.035,0.0,0.0,22,306622_vit_b_32,907.1946601180244,147880.7616689089,0.7111,0.854,0.7360864322239332,0.8543239625641715,0.7112881621919703,0.8547124748020682,0.9970818160428322,0.9985252514442836,10,SGD,0.8662,0.3712238480944207,0.6226723101405591,134156637.3202204,7.45397335513923e-09,7.453973355139229e-10,13415663.732022038,7.453973355139231e-08,1341566.3732022038,7.45397335513923e-06,4398947904,43989479040,297465.86738908134,,,,,,,
306623,vit_b_32,128,0.035,0.0,0.0,23,306623_vit_b_32,916.3255083039984,149178.489617313,0.7468,0.862,0.7560868276456785,0.8613129866484489,0.7453392850687308,0.8609262302816053,0.9974424222499436,0.9986060595201114,10,SGD,0.8612,0.4197762165915569,0.6383052231048604,136696055.32660708,7.315500053097406e-09,7.315500053097406e-10,13669605.532660708,7.315500053097406e-08,1366960.5532660708,7.315500053097406e-06,4398947904,43989479040,294878.1634191769,,,,,,,
306624,vit_b_32,128,0.035,0.0,0.0,24,306624_vit_b_32,901.1927000159922,147446.06411878308,0.7295,0.858,0.7441653628132717,0.8572056277246284,0.7275155698497785,0.8572147256396818,0.9972676746146316,0.9985656554354072,10,SGD,0.8609,0.3938662629945268,0.6295620622262029,132877316.62993722,7.525738970068126e-09,7.525738970068125e-10,13287731.662993722,7.525738970068126e-08,1328773.1662993722,7.5257389700681255e-06,4398947904,43989479040,298342.85033584834,,,,,,,
306625,vit_b_32,128,0.035,0.0,0.0,25,306625_vit_b_32,924.8854371829948,149998.7678463702,0.7393,0.8625,0.7521655589702817,0.8622930127417842,0.7395366642698149,0.8630187613246275,0.997366664417358,0.9986111099247668,10,SGD,0.8594,0.4101556592461935,0.6409595182348629,138731675.97650066,7.208159152992478e-09,7.208159152992478e-10,13873167.597650066,7.208159152992478e-08,1387316.7597650066,7.208159152992479e-06,4398947904,43989479040,293265.6025885115,,,,,,,
306626,vit_b_32,128,0.035,0.0,0.0,26,306626_vit_b_32,918.7246798190172,149547.3825918359,0.7422,0.8596,0.7551795456553989,0.8603123665096333,0.7452273654413052,0.8605268236877286,0.9973959575878528,0.9985818170881866,10,SGD,0.8628,0.4166079626061081,0.6354781736433724,137392871.1894565,7.278398008154734e-09,7.278398008154734e-10,13739287.11894565,7.278398008154732e-08,1373928.711894565,7.278398008154733e-06,4398947904,43989479040,294150.7786870586,,,,,,,
306627,vit_b_32,128,0.035,0.0,0.0,27,306627_vit_b_32,918.8183635660098,149127.6105368111,0.7421,0.8593,0.7588824117813683,0.8599299527657491,0.7431859635671247,0.8595924043186995,0.9973949476587473,0.9985787868770288,10,SGD,0.8651,0.4174472281501923,0.6342825936517414,137021187.075942,7.29814141404106e-09,7.29814141404106e-10,13702118.707594201,7.29814141404106e-08,1370211.87075942,7.29814141404106e-06,4398947904,43989479040,294978.7694019379,,,,,,,
306628,vit_b_32,128,0.035,0.0,0.0,28,306628_vit_b_32,914.7723286410036,148638.0907221023,0.7402,0.8652,0.7583599756433841,0.8645216849993198,0.7394618853567664,0.8651411145614608,0.9973757554866,0.998638382754402,10,SGD,0.8627,0.4139988030543161,0.6462307328103131,135970012.37461028,7.3545628373181664e-09,7.354562837318167e-10,13597001.237461027,7.354562837318168e-08,1359700.1237461027,7.354562837318167e-06,4398947904,43989479040,295950.2428098588,,,,,,,
306629,vit_b_32,128,0.035,0.0,0.0,29,306629_vit_b_32,917.4827170519856,148975.7755407541,0.7318,0.8619,0.7400921405164581,0.8615938707583233,0.7313492656827837,0.8619907713741886,0.9972909060492838,0.9986050489388744,10,SGD,0.859,0.3950252766480869,0.6392280959480943,136682699.3180578,7.316214890320689e-09,7.316214890320688e-10,13668269.931805784,7.316214890320687e-08,1366826.9931805783,7.3162148903206875e-06,4398947904,43989479040,295279.40955720114,,,,,,,
306630,vit_b_32,128,0.035,0.0,0.0,30,306630_vit_b_32,907.3425654320164,148077.53573805108,0.7251,0.8569,0.7474324883679655,0.8569262570025781,0.7234031693925438,0.856133537515101,0.9972232301391014,0.9985545443175896,10,SGD,0.8616,0.3909693122261325,0.6277502517991854,134357051.15941435,7.4428546278044024e-09,7.442854627804402e-10,13435705.115941437,7.442854627804402e-08,1343570.5115941437,7.442854627804402e-06,4398947904,43989479040,297070.5773887088,,,,,,,
306720,vit_b_32,128,0.025,0.0,0.0,20,306720_vit_b_32,899.9411510630162,147240.9427451479,0.7344,0.8565,0.745991939074241,0.8562597890319157,0.734959042952095,0.8562780510377525,0.9973171695484288,0.9985505038787632,10,SGD,0.8582,0.401571827010946,0.6270725122552371,132508183.49767207,7.546703709945343e-09,7.546703709945343e-10,13250818.349767208,7.546703709945342e-08,1325081.8349767209,7.546703709945341e-06,4398947904,43989479040,298758.47179367236,,,,,,,
306721,vit_b_32,128,0.025,0.0,0.0,21,306721_vit_b_32,914.6919403869832,148832.49572949889,0.7335,0.8528,0.7427048690283893,0.8538641966560145,0.7358714089611236,0.8538594102227895,0.9973080790082764,0.998513130319018,10,SGD,0.8602,0.399804479666824,0.6208349311939815,136135884.31145272,7.3456018231915426e-09,7.345601823191543e-10,13613588.431145271,7.345601823191543e-08,1361358.8431145272,7.345601823191543e-06,4398947904,43989479040,295563.67259976815,,,,,,,
306722,vit_b_32,128,0.025,0.0,0.0,22,306722_vit_b_32,920.4280525050126,149350.4933540202,0.7125,0.8546,0.7321410604870703,0.8550878278764258,0.7130677982311506,0.8552091887974528,0.997095957467339,0.9985313120547864,10,SGD,0.8588,0.3708919544479002,0.6240331477270774,137466383.73850363,7.2745057577295175e-09,7.274505757729518e-10,13746638.373850364,7.274505757729518e-08,1374663.8373850365,7.2745057577295164e-06,4398947904,43989479040,294538.558608758,,,,,,,
306723,vit_b_32,128,0.025,0.0,0.0,23,306723_vit_b_32,915.8276822229964,148968.53704516822,0.7329,0.8605,0.7411570470715172,0.858943717097192,0.7316709767112437,0.8592273448517324,0.9973020181001578,0.9985909079931562,10,SGD,0.8603,0.3963670003808791,0.6341781569296822,136429510.006227,7.3297925057002515e-09,7.329792505700251e-10,13642951.000622699,7.329792505700252e-08,1364295.10006227,7.3297925057002505e-06,4398947904,43989479040,295293.7574104128,,,,,,,
306724,vit_b_32,128,0.025,0.0,0.0,24,306724_vit_b_32,908.1891857640004,148208.9070284154,0.7369,0.8561,0.7482276726466232,0.8555057033608376,0.7345342569917983,0.8552333930478782,0.9973424221482794,0.9985464635010924,10,SGD,0.8593,0.4039230807262355,0.6254611426382638,134601726.59710902,7.429325204669982e-09,7.429325204669983e-10,13460172.659710899,7.429325204669984e-08,1346017.26597109,7.429325204669984e-06,4398947904,43989479040,296807.2562033408,,,,,,,
306725,vit_b_32,128,0.025,0.0,0.0,25,306725_vit_b_32,914.6238219730149,148932.12625017806,0.7322,0.8565,0.7437744445979788,0.8565708422905017,0.7327572802954218,0.8569777784583827,0.9972949471843824,0.9985505038123932,10,SGD,0.8601,0.3979740343247749,0.6278129216337153,136216870.52550542,7.341234577935475e-09,7.341234577935475e-10,13621687.052550541,7.341234577935475e-08,1362168.7052550542,7.341234577935475e-06,4398947904,43989479040,295365.9505680186,,,,,,,
306726,vit_b_32,128,0.025,0.0,0.0,26,306726_vit_b_32,906.9272410720004,148248.13444239888,0.7357,0.86,0.7471480765440691,0.8608347364825917,0.7388871234442641,0.8612312152757106,0.9973303009715652,0.9985858574953428,10,SGD,0.8612,0.4050648431056299,0.6366832259237407,134450271.56391582,7.437694162816277e-09,7.437694162816277e-10,13445027.156391582,7.437694162816277e-08,1344502.7156391582,7.437694162816278e-06,4398947904,43989479040,296728.7190861205,,,,,,,
306727,vit_b_32,128,0.025,0.0,0.0,27,306727_vit_b_32,916.7984546610096,149366.46812553683,0.7425,0.8559,0.7542183347609464,0.856913245528689,0.7440580582902782,0.8562801428247218,0.9973989880656356,0.998544443418478,10,SGD,0.8607,0.4155940215991937,0.6271091743827361,136938947.15566513,7.30252437871639e-09,7.30252437871639e-10,13693894.715566512,7.30252437871639e-08,1369389.4715566512,7.30252437871639e-06,4398947904,43989479040,294507.05765519285,,,,,,,
306728,vit_b_32,128,0.025,0.0,0.0,28,306728_vit_b_32,922.4476267999852,149859.6349779007,0.7353,0.8621,0.7504838439440475,0.8614504075086015,0.7343772606507328,0.8621521816150406,0.9973262604977022,0.9986070695981608,10,SGD,0.8615,0.404168431348003,0.6393909628489126,138237664.63847655,7.233918502712204e-09,7.233918502712204e-10,13823766.463847656,7.233918502712203e-08,1382376.6463847656,7.233918502712203e-06,4398947904,43989479040,293537.87660357624,,,,,,,
306729,vit_b_32,128,0.025,0.0,0.0,29,306729_vit_b_32,923.0470531409956,149785.05672927215,0.7311,0.8614,0.7400784333178949,0.8608304854748429,0.7306167395524834,0.8616886738461134,0.9972838353342746,0.9985999984281534,10,SGD,0.8602,0.3942420374407877,0.6380643079491863,138258655.21851152,7.2328202413045714e-09,7.232820241304571e-10,13825865.521851148,7.232820241304573e-08,1382586.552185115,7.232820241304572e-06,4398947904,43989479040,293684.02963927464,,,,,,,
306730,vit_b_32,128,0.025,0.0,0.0,30,306730_vit_b_32,920.0133397239842,149766.23278856123,0.7361,0.8511,0.7491187411556938,0.8509717363281191,0.7342430102155153,0.8503464534291545,0.9973343413376096,0.9984959584129216,10,SGD,0.8587,0.4038016360570561,0.6149473615408162,137786932.0056839,7.257582308014149e-09,7.257582308014149e-10,13778693.20056839,7.25758230801415e-08,1377869.320056839,7.257582308014149e-06,4398947904,43989479040,293720.94243769883,,,,,,,
306820,vit_b_32,128,0.02,0.0,0.0,20,306820_vit_b_32,910.6611019059784,148584.10084992432,0.7293,0.8556,0.738073869986615,0.8557631520836807,0.73007767785328,0.8556075723342886,0.99726565435527,0.9985414129623232,10,SGD,0.8599,0.3919096670960668,0.625554365430635,135309761.0057011,7.39044982835988e-09,7.390449828359879e-10,13530976.10057011,7.390449828359878e-08,1353097.610057011,7.390449828359879e-06,4398947904,43989479040,296057.7799937765,,,,,,,
306821,vit_b_32,128,0.02,0.0,0.0,21,306821_vit_b_32,914.8735120049968,149089.14179203607,0.7189,0.8548,0.7314591212224308,0.855191506497178,0.7211124358157214,0.8557855323482754,0.9971606041622006,0.9985333323527268,10,SGD,0.8604,0.3781173806563081,0.6246768323150467,136397706.75309098,7.331501561167842e-09,7.331501561167843e-10,13639770.675309096,7.331501561167843e-08,1363977.0675309096,7.331501561167843e-06,4398947904,43989479040,295054.8813364341,,,,,,,
306822,vit_b_32,128,0.02,0.0,0.0,22,306822_vit_b_32,919.2935709960002,149885.52872186736,0.7025,0.8511,0.7172403751964603,0.8516819045616841,0.7034114471831461,0.8519179676033114,0.99699494729229,0.9984959584935192,10,SGD,0.8603,0.3533567945895094,0.6165979831388125,137788802.939349,7.257483762596978e-09,7.257483762596977e-10,13778880.293934902,7.257483762596975e-08,1377888.0293934902,7.257483762596976e-06,4398947904,43989479040,293487.1659400045,,,,,,,
306823,vit_b_32,128,0.02,0.0,0.0,23,306823_vit_b_32,933.0328578519984,151585.15664709648,0.7146,0.8582,0.7280713890986165,0.8569473164278173,0.7136136182133558,0.8567513772108749,0.997117169471303,0.9985676756518248,10,SGD,0.8605,0.3702084272687561,0.6291800564597734,141433931.9143833,7.070439083920453e-09,7.070439083920454e-10,14143393.191438328,7.070439083920454e-08,1414339.319143833,7.0704390839204534e-06,4398947904,43989479040,290196.4810605524,,,,,,,
306824,vit_b_32,128,0.02,0.0,0.0,24,306824_vit_b_32,928.669877503009,151406.25468839423,0.735,0.8525,0.7484824877500736,0.8521598949849941,0.7328759777665711,0.8515712743124405,0.9973232302139644,0.9985100998360744,10,SGD,0.8566,0.4021012325055267,0.617716133134161,140606427.99466047,7.1120503824901595e-09,7.112050382490159e-10,14060642.799466046,7.11205038249016e-08,1406064.2799466045,7.11205038249016e-06,4398947904,43989479040,290539.3778515541,,,,,,,
306825,vit_b_32,128,0.02,0.0,0.0,25,306825_vit_b_32,917.54133474399,149427.48308173704,0.7162,0.8573,0.7260482828226147,0.8576962174961174,0.7169792685081808,0.8575222599698209,0.9971333308847188,0.9985585846273765,10,SGD,0.8602,0.3717574247487553,0.6296297941260182,137105892.274252,7.293632559567219e-09,7.293632559567219e-10,13710589.227425199,7.29363255956722e-08,1371058.92274252,7.293632559567219e-06,4398947904,43989479040,294386.80310192803,,,,,,,
306826,vit_b_32,128,0.02,0.0,0.0,26,306826_vit_b_32,916.6254008139948,149318.37014517502,0.7189,0.859,0.7346232302692907,0.8595888737900503,0.7219965867350868,0.8601879081643419,0.9971606038710062,0.9985757564774524,10,SGD,0.8614,0.3802186342038843,0.6342468232247704,136869010.8832135,7.3062557663492735e-09,7.306255766349274e-10,13686901.08832135,7.306255766349272e-08,1368690.108832135,7.306255766349272e-06,4398947904,43989479040,294601.9233750754,,,,,,,
306827,vit_b_32,128,0.02,0.0,0.0,27,306827_vit_b_32,913.8682406540028,149096.21054685337,0.7266,0.8577,0.7424730736919584,0.8592618987482712,0.7288158826934942,0.8583244454347785,0.9972383818918242,0.9985626252494756,10,SGD,0.8614,0.3920964548015305,0.6316663668944272,136254291.62063166,7.33921836960752e-09,7.33921836960752e-10,13625429.162063166,7.339218369607521e-08,1362542.9162063166,7.339218369607521e-06,4398947904,43989479040,295040.8925797369,,,,,,,
306828,vit_b_32,128,0.02,0.0,0.0,28,306828_vit_b_32,914.2303962789885,148867.42657919615,0.7251,0.8603,0.7371689486940529,0.8594141155031665,0.723730284579585,0.8604382854889572,0.9972232301126496,0.9985888877655044,10,SGD,0.861,0.3857749924260093,0.6352707516888119,136099126.39453173,7.347585737627325e-09,7.347585737627325e-10,13609912.63945317,7.347585737627326e-08,1360991.2639453171,7.347585737627326e-06,4398947904,43989479040,295494.3203548829,,,,,,,
306829,vit_b_32,128,0.02,0.0,0.0,29,306829_vit_b_32,916.0059301260044,149223.61088142876,0.721,0.8594,0.7276006333461134,0.858991851387204,0.7204002997711605,0.8598142703028079,0.9971818150177114,0.9985797963852696,10,SGD,0.8569,0.3768569838531077,0.6338285786846345,136689712.4822041,7.315839515941566e-09,7.315839515941566e-10,13668971.24822041,7.315839515941567e-08,1366897.124822041,7.315839515941567e-06,4398947904,43989479040,294789.00007957517,,,,,,,
306830,vit_b_32,128,0.02,0.0,0.0,30,306830_vit_b_32,917.87197202901,149302.07585575306,0.7328,0.8543,0.7453018084367455,0.8543099001125403,0.7310815890601812,0.8536269735794703,0.9973010079780572,0.9985282816706694,10,SGD,0.8604,0.3982077799881869,0.622091611806822,137040190.7937449,7.297129361889682e-09,7.297129361889682e-10,13704019.079374488,7.297129361889683e-08,1370401.907937449,7.297129361889682e-06,4398947904,43989479040,294634.07516517094,,,,,,,
306920,vit_b_32,128,0.04,0.0,0.0,20,306920_vit_b_32,919.8683972109866,149442.00468375385,0.7291,0.8585,0.7429045701670968,0.8578012500442311,0.7293311989597016,0.8582891476958714,0.9972636341516165,0.9985707059152964,10,SGD,0.8618,0.3939625163624564,0.6311599266260534,137466977.3244414,7.274474346226871e-09,7.274474346226871e-10,13746697.732444143,7.27447434622687e-08,1374669.7732444142,7.2744743462268705e-06,4398947904,43989479040,294358.19690112997,,,,,,,
306921,vit_b_32,128,0.04,0.0,0.0,21,306921_vit_b_32,906.2446770370008,148137.88089732372,0.7293,0.8529,0.7424850472119608,0.8534497595980715,0.7312225543876008,0.8538232348470018,0.9972656547374874,0.9985141404207034,10,SGD,0.8603,0.3948702062110094,0.6205806976037016,134249166.03074083,7.448835844321123e-09,7.448835844321123e-10,13424916.603074083,7.448835844321123e-08,1342491.6603074083,7.448835844321123e-06,4398947904,43989479040,296949.56329562777,,,,,,,
306922,vit_b_32,128,0.04,0.0,0.0,22,306922_vit_b_32,899.3639756490011,147222.26517089628,0.7083,0.8529,0.7360151105705736,0.8528624934551349,0.7086801796363015,0.8535767113111642,0.9970535331938184,0.998514140325028,10,SGD,0.8612,0.3683602302818008,0.6199746142577467,132406401.70814875,7.552504917429959e-09,7.552504917429959e-10,13240640.170814876,7.55250491742996e-08,1324064.0170814875,7.55250491742996e-06,4398947904,43989479040,298796.3742368507,,,,,,,
306923,vit_b_32,128,0.04,0.0,0.0,23,306923_vit_b_32,913.2072961230006,148528.91950553196,0.741,0.8619,0.7488718730887801,0.8612412763387772,0.7397465492271336,0.8608697964578386,0.9973838363457166,0.9986050494183144,10,SGD,0.8637,0.4094218354064154,0.638135558447549,135637692.97771764,7.37258189848657e-09,7.37258189848657e-10,13563769.297771763,7.37258189848657e-08,1356376.9297771764,7.37258189848657e-06,4398947904,43989479040,296167.77114144166,,,,,,,
306924,vit_b_32,128,0.04,0.0,0.0,24,306924_vit_b_32,916.9203306590208,148943.7835951835,0.7321,0.8581,0.7477292007677425,0.8577609247915816,0.7298941642382069,0.8573280811672734,0.9972939372615888,0.9985666655372132,10,SGD,0.8608,0.3984720080380567,0.6301272675136683,136569583.30370128,7.322274666213309e-09,7.322274666213309e-10,13656958.330370128,7.322274666213309e-08,1365695.8330370127,7.3222746662133096e-06,4398947904,43989479040,295342.83323673083,,,,,,,
306925,vit_b_32,128,0.04,0.0,0.0,25,306925_vit_b_32,900.4604358779907,147414.265209756,0.7348,0.8614,0.7498290259157411,0.8608898478610213,0.7353353013938769,0.861547015518551,0.9973212098330776,0.9985999988041652,10,SGD,0.861,0.4040655888767537,0.638003406176014,132740713.50541061,7.53348368855377e-09,7.53348368855377e-10,13274071.35054106,7.533483688553771e-08,1327407.1350541061,7.53348368855377e-06,4398947904,43989479040,298407.2062320922,,,,,,,
306926,vit_b_32,128,0.04,0.0,0.0,26,306926_vit_b_32,913.6121012139774,148594.02801515136,0.7358,0.8608,0.7579342654738146,0.8614987462896733,0.7388178157873975,0.8618630993478575,0.9973313110733542,0.9985939383096551,10,SGD,0.8603,0.4109302745796931,0.6382401490003001,135757302.16277108,7.366086273584122e-09,7.366086273584122e-10,13575730.216277108,7.366086273584121e-08,1357573.0216277107,7.366086273584122e-06,4398947904,43989479040,296038.0011740083,,,,,,,
306927,vit_b_32,128,0.04,0.0,0.0,27,306927_vit_b_32,920.7811984989968,149557.58588170656,0.7416,0.8536,0.755555124057737,0.8542090635145896,0.7424947853670377,0.8540383021862755,0.9973898971501368,0.99852121107887,10,SGD,0.8629,0.4149485478605382,0.621803589654898,137709813.1727744,7.261646624597285e-09,7.261646624597284e-10,13770981.31727744,7.261646624597285e-08,1377098.1317277441,7.261646624597285e-06,4398947904,43989479040,294130.71079385927,,,,,,,
306928,vit_b_32,128,0.04,0.0,0.0,28,306928_vit_b_32,912.8153353479864,148586.31496975175,0.7319,0.8611,0.7513062590881959,0.8606235932294016,0.7306080652041826,0.8612197937714607,0.997291917036018,0.9985969685800182,10,SGD,0.8598,0.4006595651390883,0.6373398636517351,135631866.92723548,7.372898586852642e-09,7.372898586852642e-10,13563186.692723548,7.372898586852642e-08,1356318.6692723548,7.372898586852642e-06,4398947904,43989479040,296053.36836676445,,,,,,,
306929,vit_b_32,128,0.04,0.0,0.0,29,306929_vit_b_32,919.2318818009808,149331.7029966523,0.7318,0.8597,0.7449976798742151,0.859250240647017,0.7316734064308651,0.8601571920976498,0.9972909060492838,0.9985828266917022,10,SGD,0.863,0.3978198548715674,0.634495442697113,137270462.35815787,7.284888408045569e-09,7.28488840804557e-10,13727046.235815788,7.28488840804557e-08,1372704.6235815787,7.284888408045569e-06,4398947904,43989479040,294575.62029535114,,,,,,,
306930,vit_b_32,128,0.04,0.0,0.0,30,306930_vit_b_32,910.887746145978,148370.36601787416,0.7368,0.8548,0.7528655767995052,0.8547474578223292,0.7355478902683472,0.854422688733373,0.9973414120502418,0.9985333321796926,10,SGD,0.8605,0.4069320198752477,0.6233581906336348,135148748.29687518,7.399254618350922e-09,7.399254618350922e-10,13514874.829687517,7.399254618350923e-08,1351487.4829687518,7.399254618350922e-06,4398947904,43989479040,296484.2658317672,,,,,,,
307020,vit_tiny_patch16_224,128,0.035,0.0,0.0,20,307020_vit_tiny_patch16_224,711.4282549420022,89728.19329167613,0.7694,0.8611,0.7814778919318384,0.8608965210486201,0.7698969642745426,0.8612212286990539,0.9976707051877548,0.998596968562789,10,SGD,0.8652,0.4618369810597453,0.6375430441876477,63835171.97259582,1.5665345123990518e-08,1.5665345123990519e-09,6383517.197259582,1.5665345123990518e-07,638351.7197259582,1.5665345123990516e-05,1178427396,11784273960,131333.01282121323,,,,,,,
307021,vit_tiny_patch16_224,128,0.035,0.0,0.0,21,307021_vit_tiny_patch16_224,704.814278106991,89542.53747087445,0.77,0.8673,0.7873486341984447,0.8677478837700364,0.7712596966547624,0.8681888622024408,0.9976767661234656,0.998659595063408,10,SGD,0.8638,0.4664964029706633,0.6525211587028709,63110858.90740257,1.5845133742629278e-08,1.5845133742629277e-09,6311085.890740258,1.5845133742629276e-07,631108.5890740257,1.5845133742629278e-05,1178427396,11784273960,131605.31623121668,,,,,,,
307022,vit_tiny_patch16_224,128,0.035,0.0,0.0,22,307022_vit_tiny_patch16_224,700.8995392420038,89196.2464411818,0.766,0.8521,0.7820632626423432,0.8513306769406356,0.7654516448996724,0.8523281342357817,0.9976363619038516,0.998506059511024,10,SGD,0.8639,0.4574679633404354,0.6173712160511142,62517608.03274054,1.5995493613196125e-08,1.5995493613196126e-09,6251760.803274055,1.599549361319612e-07,625176.0803274055,1.5995493613196123e-05,1178427396,11784273960,132116.2541046034,,,,,,,
307023,vit_tiny_patch16_224,128,0.035,0.0,0.0,23,307023_vit_tiny_patch16_224,703.5071393740072,89235.61436768544,0.7808,0.8674,0.7924309993023071,0.8659575368069531,0.7810963866614701,0.8663155287497666,0.9977858568609308,0.9986606050171506,10,SGD,0.8627,0.4822177958652716,0.6498453739895755,62777891.79409245,1.5929174609429977e-08,1.5929174609429977e-09,6277789.179409245,1.5929174609429978e-07,627778.9179409245,1.5929174609429976e-05,1178427396,11784273960,132057.9685981004,,,,,,,
307024,vit_tiny_patch16_224,128,0.035,0.0,0.0,24,307024_vit_tiny_patch16_224,708.6168952400039,90115.69703125356,0.7767,0.8667,0.7932416042466154,0.866083611109083,0.7761143169904254,0.8660948157451027,0.9977444426670878,0.9986535342925338,10,SGD,0.8661,0.4770938318339639,0.6492454271702676,63857505.44267573,1.5659866339402975e-08,1.5659866339402976e-09,6385750.544267572,1.5659866339402978e-07,638575.0544267573,1.5659866339402977e-05,1178427396,11784273960,130768.27176860238,,,,,,,
307025,vit_tiny_patch16_224,128,0.035,0.0,0.0,25,307025_vit_tiny_patch16_224,703.9131987829751,90187.65189033048,0.7754,0.8662,0.7877541317469408,0.8668217527415496,0.7772272139298109,0.8667010978949733,0.9977313111934738,0.998648483694064,10,SGD,0.8655,0.473672407316463,0.6498752153561763,63484278.53284796,1.5751931393259533e-08,1.5751931393259532e-09,6348427.853284796,1.5751931393259534e-07,634842.7853284796,1.5751931393259534e-05,1178427396,11784273960,130663.94027344066,,,,,,,
307026,vit_tiny_patch16_224,128,0.035,0.0,0.0,26,307026_vit_tiny_patch16_224,706.1791323119542,90204.27492951971,0.7703,0.8624,0.7858906387065946,0.862863881223473,0.7722161860291673,0.863426354473292,0.9976797961905732,0.9986100999382798,10,SGD,0.8605,0.466393072839727,0.6416117264332604,63700376.60055719,1.5698494316142754e-08,1.5698494316142753e-09,6370037.660055718,1.5698494316142757e-07,637003.7660055718,1.5698494316142758e-05,1178427396,11784273960,130639.86123947601,,,,,,,
307027,vit_tiny_patch16_224,128,0.035,0.0,0.0,27,307027_vit_tiny_patch16_224,686.4814697299735,93562.52073708132,0.7774,0.8599,0.7881945827502507,0.8604318395489143,0.7778412143693079,0.8601456125626958,0.9977515135666426,0.9985848474873612,10,SGD,0.8617,0.4755446805071807,0.635508512015919,64228936.747232705,1.5569306462839505e-08,1.5569306462839506e-09,6422893.674723271,1.5569306462839504e-07,642289.3674723271,1.5569306462839504e-05,1178427396,11784273960,125950.79597219081,,,,,,,
307028,vit_tiny_patch16_224,128,0.035,0.0,0.0,28,307028_vit_tiny_patch16_224,693.1216825710144,89573.58730884708,0.7761,0.8667,0.7875044042606321,0.8654894258889699,0.7741366837438861,0.8664793893702172,0.9977383820379128,0.9986535342816156,10,SGD,0.8628,0.4720684781990556,0.64908809374528,62085395.54942975,1.610684753073438e-08,1.610684753073438e-09,6208539.554942976,1.610684753073438e-07,620853.9554942976,1.610684753073438e-05,1178427396,11784273960,131559.6964914241,,,,,,,
307029,vit_tiny_patch16_224,128,0.035,0.0,0.0,29,307029_vit_tiny_patch16_224,692.6081700859941,91198.80162230796,0.7794,0.8648,0.7931539590109382,0.8642452871265934,0.777326407362191,0.864972543979188,0.9977717146699182,0.9986343419010558,10,SGD,0.864,0.4794601399402423,0.6455970244099253,63165035.1056623,1.5831543484891643e-08,1.5831543484891643e-09,6316503.510566231,1.5831543484891642e-07,631650.351056623,1.5831543484891644e-05,1178427396,11784273960,129215.22816498799,,,,,,,
307030,vit_tiny_patch16_224,128,0.035,0.0,0.0,30,307030_vit_tiny_patch16_224,680.8146597949672,94898.08780806528,0.7671,0.8644,0.7810442884337975,0.864655303695585,0.7656953705122487,0.8645257553544898,0.9976474728970416,0.998630301952936,10,SGD,0.8631,0.4576787743286259,0.6452684690490252,64608009.36624088,1.5477957141990543e-08,1.5477957141990543e-09,6460800.936624089,1.547795714199054e-07,646080.0936624089,1.547795714199054e-05,1178427396,11784273960,124178.20245054999,,,,,,,
307120,vit_tiny_patch16_224,128,0.025,0.0,0.0,20,307120_vit_tiny_patch16_224,695.2990744279814,90369.42710509583,0.7743,0.861,0.7836895515715528,0.8604075220628913,0.7749004289292308,0.8604947777709484,0.9977202001772604,0.9985959584609624,10,SGD,0.8628,0.4691459616956767,0.6365688647588997,62833779.02276007,1.5915006475064526e-08,1.5915006475064526e-09,6283377.902276006,1.5915006475064527e-07,628337.7902276006,1.5915006475064526e-05,1178427396,11784273960,130401.11393309361,,,,,,,
307121,vit_tiny_patch16_224,128,0.025,0.0,0.0,21,307121_vit_tiny_patch16_224,680.5296802540543,95425.64349291431,0.7711,0.863,0.7854324187750085,0.8630144928883827,0.7724319804980537,0.8637970411563668,0.9976878772420054,0.9986161606909338,10,SGD,0.8678,0.466739404164117,0.6424497831004551,64939982.65427035,1.539883380203277e-08,1.5398833802032772e-09,6493998.265427034,1.539883380203277e-07,649399.8265427034,1.539883380203277e-05,1178427396,11784273960,123491.68974558734,,,,,,,
307122,vit_tiny_patch16_224,128,0.025,0.0,0.0,22,307122_vit_tiny_patch16_224,711.0898830799852,89584.58409112872,0.771,0.8565,0.7830346492464868,0.8553097142761403,0.7706088169093083,0.8563802725963694,0.9976868669913762,0.9985505039880456,10,SGD,0.8649,0.4641555921060122,0.6264515116296882,63702691.42712982,1.5697923864706887e-08,1.5697923864706887e-09,6370269.142712982,1.5697923864706886e-07,637026.9142712982,1.5697923864706887e-05,1178427396,11784273960,131543.54713543798,,,,,,,
307123,vit_tiny_patch16_224,128,0.025,0.0,0.0,23,307123_vit_tiny_patch16_224,695.7027602960006,89844.03678028248,0.7801,0.8678,0.7896393323332512,0.8661764137631812,0.7799269888723488,0.8668370825960027,0.9977787861483516,0.9986646454243387,10,SGD,0.8612,0.4793660421272102,0.6507035206727768,62504744.38417792,1.599878552984106e-08,1.599878552984106e-09,6250474.438417792,1.599878552984106e-07,625047.4438417793,1.599878552984106e-05,1178427396,11784273960,131163.67409913868,,,,,,,
307124,vit_tiny_patch16_224,128,0.025,0.0,0.0,24,307124_vit_tiny_patch16_224,687.8813953750068,92822.43707269596,0.7818,0.8647,0.7939898605065281,0.8639968664699041,0.7816398908535956,0.8642543620247628,0.9977959578591964,0.9986333322564128,10,SGD,0.8621,0.4841267480913234,0.6448003496873118,63850827.53567486,1.5661504143251362e-08,1.5661504143251363e-09,6385082.753567486,1.5661504143251362e-07,638508.2753567486,1.566150414325136e-05,1178427396,11784273960,126955.01574442485,,,,,,,
307125,vit_tiny_patch16_224,128,0.025,0.0,0.0,25,307125_vit_tiny_patch16_224,704.6508654130157,89673.10529852989,0.7793,0.8664,0.7894753723913378,0.8665792993274386,0.7814219017157898,0.8673452789392332,0.9977707051665168,0.9986505038978098,10,SGD,0.8628,0.4796888141441016,0.6503277685676296,63188231.25288157,1.5825731788534545e-08,1.5825731788534544e-09,6318823.125288157,1.5825731788534546e-07,631882.3125288157,1.5825731788534546e-05,1178427396,11784273960,131413.69333390525,,,,,,,
307126,vit_tiny_patch16_224,128,0.025,0.0,0.0,26,307126_vit_tiny_patch16_224,712.2903142420109,90344.30317558488,0.7749,0.8637,0.7890160398833376,0.8640666629458367,0.776554713370653,0.8647181202330357,0.9977262608728692,0.9986232312615372,10,SGD,0.8631,0.4737126216812115,0.6444457945854817,64351372.09891286,1.5539684196056076e-08,1.5539684196056077e-09,6435137.209891287,1.5539684196056072e-07,643513.7209891287,1.553968419605607e-05,1178427396,11784273960,130437.37729757203,,,,,,,
307127,vit_tiny_patch16_224,128,0.025,0.0,0.0,27,307127_vit_tiny_patch16_224,703.933028834057,90952.61900496372,0.7783,0.8618,0.788570114435766,0.862216803438523,0.7791236452777279,0.8621257043384876,0.9977606044821414,0.9986040394200808,10,SGD,0.8632,0.4771117162202591,0.6397155159843056,64024552.576554134,1.561900801734304e-08,1.561900801734304e-09,6402455.257655414,1.561900801734304e-07,640245.5257655414,1.561900801734304e-05,1178427396,11784273960,129564.97667600837,,,,,,,
307128,vit_tiny_patch16_224,128,0.025,0.0,0.0,28,307128_vit_tiny_patch16_224,680.0717367450125,95437.04685555852,0.7843,0.8663,0.7927420732337582,0.8648261917984541,0.7825865940798671,0.8655974096399014,0.9978212103866808,0.9986494938743588,10,SGD,0.862,0.4855112063630044,0.6476288435675511,64904038.20487481,1.5407361816893728e-08,1.5407361816893728e-09,6490403.8204874825,1.5407361816893725e-07,649040.3820487482,1.5407361816893727e-05,1178427396,11784273960,123476.93425421252,,,,,,,
307129,vit_tiny_patch16_224,128,0.025,0.0,0.0,29,307129_vit_tiny_patch16_224,692.385045065952,90675.19327566492,0.784,0.8645,0.7927290127412635,0.8634625578358228,0.7820864104064565,0.8649238728027022,0.9978181793685508,0.9986313115946234,10,SGD,0.8607,0.4850058394034134,0.6447503268473229,62782147.782535166,1.592809477407177e-08,1.592809477407177e-09,6278214.778253516,1.5928094774071771e-07,627821.4778253516,1.592809477407177e-05,1178427396,11784273960,129961.38783155615,,,,,,,
307130,vit_tiny_patch16_224,128,0.025,0.0,0.0,30,307130_vit_tiny_patch16_224,698.1767760170042,89490.02547158461,0.7783,0.8635,0.7901947647273879,0.8639201889040232,0.7771204554492858,0.8630832835308128,0.9977606042991588,0.9986212110366944,10,SGD,0.863,0.4768654647131543,0.6429681444465138,62479857.46943052,1.6005158150196955e-08,1.6005158150196954e-09,6247985.746943052,1.6005158150196956e-07,624798.5746943052,1.6005158150196955e-05,1178427396,11784273960,131682.5411312662,,,,,,,
307220,vit_tiny_patch16_224,128,0.02,0.0,0.0,20,307220_vit_tiny_patch16_224,693.5136777070002,90703.61087460768,0.7651,0.8566,0.7743785297776398,0.8554434748373195,0.7652353512744068,0.8564068765231587,0.997627270809209,0.9985515139805898,10,SGD,0.8602,0.4523085969723553,0.6266427339160681,62904194.758953825,1.5897191019326408e-08,1.5897191019326408e-09,6290419.475895382,1.5897191019326406e-07,629041.9475895383,1.5897191019326405e-05,1178427396,11784273960,129920.67070285718,,,,,,,
307221,vit_tiny_patch16_224,128,0.02,0.0,0.0,21,307221_vit_tiny_patch16_224,698.9510962310014,88999.30081791901,0.7698,0.8635,0.7807733283120961,0.8634557752580139,0.7706293853136447,0.864317628229926,0.9976747459200944,0.9986212111993612,10,SGD,0.8609,0.4621015447580401,0.6435415582416423,62206158.870477155,1.607557865905456e-08,1.607557865905456e-09,6220615.887047715,1.607557865905456e-07,622061.5887047715,1.607557865905456e-05,1178427396,11784273960,132408.6127834767,,,,,,,
307222,vit_tiny_patch16_224,128,0.02,0.0,0.0,22,307222_vit_tiny_patch16_224,695.5384470840218,89910.12130162632,0.7571,0.8535,0.769896317195926,0.8523722526951656,0.757420469077682,0.8539354329355386,0.9975464628480578,0.9985202009355312,10,SGD,0.8628,0.4404084661696638,0.6203184792784715,62535946.1472692,1.599080307580295e-08,1.599080307580295e-09,6253594.61472692,1.599080307580295e-07,625359.461472692,1.599080307580295e-05,1178427396,11784273960,131067.26794936314,,,,,,,
307223,vit_tiny_patch16_224,128,0.02,0.0,0.0,23,307223_vit_tiny_patch16_224,707.886801058019,89629.21249109531,0.7801,0.8674,0.785933465748344,0.86611990434982,0.7793996726953349,0.8666000432936325,0.9977787861483516,0.9986606050171506,10,SGD,0.8622,0.4767937401834169,0.6501806820086931,63447336.5116709,1.5761102908016538e-08,1.5761102908016537e-09,6344733.65116709,1.5761102908016536e-07,634473.365116709,1.5761102908016537e-05,1178427396,11784273960,131478.048645923,,,,,,,
307224,vit_tiny_patch16_224,128,0.02,0.0,0.0,24,307224_vit_tiny_patch16_224,708.3054422929999,89986.95367505963,0.772,0.8627,0.7834376251584346,0.8621686278056424,0.7720369373837873,0.8621807889928295,0.9976969678822032,0.9986131302202916,10,SGD,0.861,0.4658632551720502,0.6403945506940687,63738249.02341281,1.568916647887005e-08,1.568916647887005e-09,6373824.902341281,1.568916647887005e-07,637382.4902341281,1.5689166478870052e-05,1178427396,11784273960,130955.36051317709,,,,,,,
307225,vit_tiny_patch16_224,128,0.02,0.0,0.0,25,307225_vit_tiny_patch16_224,694.4130303779966,90427.03868297915,0.7719,0.8668,0.7786616442287777,0.8672882981662887,0.773725630401052,0.8676153552673433,0.9976959576279224,0.9986545443053017,10,SGD,0.8635,0.4639754690955592,0.6513657241806984,62793713.95995588,1.592516092674036e-08,1.5925160926740358e-09,6279371.395995587,1.592516092674036e-07,627937.1395995587,1.5925160926740362e-05,1178427396,11784273960,130318.03464573836,,,,,,,
307226,vit_tiny_patch16_224,128,0.02,0.0,0.0,26,307226_vit_tiny_patch16_224,696.234937022964,90659.46108061045,0.7654,0.862,0.7794322960686917,0.8623780051021552,0.7669563044970338,0.8628090315708817,0.9976303012029102,0.9986060595311236,10,SGD,0.8583,0.4564646059745219,0.6404921578956336,63120284.17599467,1.5842767710166786e-08,1.5842767710166787e-09,6312028.417599468,1.5842767710166787e-07,631202.8417599468,1.5842767710166785e-05,1178427396,11784273960,129983.94011543854,,,,,,,
307227,vit_tiny_patch16_224,128,0.02,0.0,0.0,27,307227_vit_tiny_patch16_224,685.7361865990097,94012.6702725054,0.7749,0.8599,0.7851778026325329,0.8604150999968496,0.775323213429821,0.8603328512248614,0.9977262610235904,0.9985848474873612,10,SGD,0.8602,0.4706606223466343,0.6356344847094261,64467890.00465794,1.551159809833621e-08,1.551159809833621e-09,6446789.0004657945,1.5511598098336208e-07,644678.9000465794,1.551159809833621e-05,1178427396,11784273960,125347.72095976073,,,,,,,
307228,vit_tiny_patch16_224,128,0.02,0.0,0.0,28,307228_vit_tiny_patch16_224,703.2834466649801,89317.37078878428,0.785,0.865,0.79093491022429,0.8636915713577829,0.7833194820458345,0.8641374506095195,0.9978282810993804,0.9986363625507736,10,SGD,0.8621,0.4852942420208966,0.6447108688208262,62815428.375390224,1.5919655821240555e-08,1.5919655821240555e-09,6281542.837539023,1.5919655821240553e-07,628154.2837539023,1.5919655821240553e-05,1178427396,11784273960,131937.08968289258,,,,,,,
307229,vit_tiny_patch16_224,128,0.02,0.0,0.0,29,307229_vit_tiny_patch16_224,677.3083677840186,96861.24499977108,0.7777,0.8575,0.7849453172993586,0.8566535754335858,0.7751058106500135,0.8575033169875,0.997754542933467,0.99856060444453,10,SGD,0.8587,0.4721024001949009,0.6289984820008724,65604931.75232288,1.524275650152769e-08,1.524275650152769e-09,6560493.175232289,1.5242756501527688e-07,656049.3175232289,1.5242756501527687e-05,1178427396,11784273960,121661.39264499285,,,,,,,
307230,vit_tiny_patch16_224,128,0.02,0.0,0.0,30,307230_vit_tiny_patch16_224,697.0674207519623,90811.08250869816,0.7697,0.8621,0.7830681420083221,0.861906150184723,0.7683663916500563,0.8618176634836275,0.9976737355439615,0.99860706961143,10,SGD,0.8617,0.4620382625588273,0.6394810097302592,63301447.06003187,1.579742717495306e-08,1.579742717495306e-09,6330144.706003186,1.5797427174953063e-07,633014.4706003186,1.5797427174953062e-05,1178427396,11784273960,129766.91428462233,,,,,,,
307320,vit_tiny_patch16_224,128,0.04,0.0,0.0,20,307320_vit_tiny_patch16_224,701.7861690390273,89784.30278855881,0.7694,0.8591,0.7841100548888695,0.8585749010267472,0.7696792202007768,0.858760752990893,0.9976707051877548,0.998576766526256,10,SGD,0.8605,0.4632614761818659,0.6325218797580231,63009381.893822744,1.587065243212673e-08,1.587065243212673e-09,6300938.189382275,1.587065243212673e-07,630093.8189382275,1.5870652432126732e-05,1178427396,11784273960,131250.93801476472,,,,,,,
307321,vit_tiny_patch16_224,128,0.04,0.0,0.0,21,307321_vit_tiny_patch16_224,708.2004415639676,89657.40616026407,0.7565,0.8611,0.7814773640877015,0.8612236960281393,0.7579848365805713,0.8620490626495699,0.9975404023959298,0.9985969687589102,10,SGD,0.8636,0.4470090826590951,0.6383983961507461,63495414.63217901,1.574916875167876e-08,1.5749168751678761e-09,6349541.463217901,1.574916875167876e-07,634954.1463217901,1.5749168751678763e-05,1178427396,11784273960,131436.7040569456,,,,,,,
307322,vit_tiny_patch16_224,128,0.04,0.0,0.0,22,307322_vit_tiny_patch16_224,702.1256433939561,89686.29646561967,0.7575,0.8559,0.776569909234214,0.855396300431582,0.7572441114708317,0.8562013915241508,0.9975505032550598,0.9985444433775428,10,SGD,0.8671,0.4443590119471593,0.6259414658633301,62971048.60954431,1.588031360571044e-08,1.588031360571044e-09,6297104.86095443,1.5880313605710443e-07,629710.486095443,1.588031360571044e-05,1178427396,11784273960,131394.3648516848,,,,,,,
307323,vit_tiny_patch16_224,128,0.04,0.0,0.0,23,307323_vit_tiny_patch16_224,679.519258218992,94942.39776897996,0.7789,0.8665,0.7947571341787883,0.8652152747610153,0.7791929469450811,0.8654750988725306,0.9977666649267874,0.9986515141009772,10,SGD,0.8625,0.4812714972838401,0.6479795305485407,64515187.70550975,1.550022615705104e-08,1.5500226157051042e-09,6451518.770550976,1.550022615705104e-07,645151.8770550976,1.550022615705104e-05,1178427396,11784273960,124120.24803370002,,,,,,,
307324,vit_tiny_patch16_224,128,0.04,0.0,0.0,24,307324_vit_tiny_patch16_224,707.7279480300494,89549.55306318168,0.7734,0.8619,0.7886480751509549,0.8611390232225219,0.7732946329782371,0.8613345819022119,0.997711109307488,0.9986050494058432,10,SGD,0.8631,0.4705840676963961,0.6384042839790007,63376721.4364136,1.577866411097501e-08,1.5778664110975012e-09,6337672.14364136,1.5778664110975012e-07,633767.214364136,1.577866411097501e-05,1178427396,11784273960,131595.00585877415,,,,,,,
307325,vit_tiny_patch16_224,128,0.04,0.0,0.0,25,307325_vit_tiny_patch16_224,705.2699901300366,89238.626675055,0.773,0.8622,0.7871705567445343,0.862620917542239,0.7749424027986376,0.862783991782186,0.9977070687485244,0.998608079619148,10,SGD,0.8644,0.4704579475096936,0.6408039168812405,62937325.35433406,1.5888822640143175e-08,1.5888822640143176e-09,6293732.535433406,1.5888822640143174e-07,629373.2535433406,1.5888822640143174e-05,1178427396,11784273960,132053.51089624147,,,,,,,
307326,vit_tiny_patch16_224,128,0.04,0.0,0.0,26,307326_vit_tiny_patch16_224,707.4600771599798,89319.20641696008,0.7719,0.8646,0.7894788316699443,0.8653501140475816,0.7734323990677495,0.8657218629919402,0.9976959578191978,0.9986323221776388,10,SGD,0.859,0.4702427451719534,0.6468313940952198,63189772.66361074,1.582534574579776e-08,1.5825345745797762e-09,6318977.266361075,1.5825345745797758e-07,631897.7266361075,1.582534574579776e-05,1178427396,11784273960,131934.37820068208,,,,,,,
307327,vit_tiny_patch16_224,128,0.04,0.0,0.0,27,307327_vit_tiny_patch16_224,709.8024446939817,89735.75016717851,0.7655,0.8612,0.7805769802887645,0.8611187242333987,0.7661706459727662,0.8613236022910497,0.9976313114617148,0.9985979788097484,10,SGD,0.8638,0.4567268198193596,0.6378581142296473,63694654.84511168,1.5699904527808994e-08,1.5699904527808993e-09,6369465.484511169,1.5699904527808994e-07,636946.5484511169,1.5699904527808994e-05,1178427396,11784273960,131321.9529345416,,,,,,,
307328,vit_tiny_patch16_224,128,0.04,0.0,0.0,28,307328_vit_tiny_patch16_224,691.8471730059828,91241.86349443968,0.7766,0.8669,0.7925662032684309,0.8660523965297438,0.7742240303283573,0.866546589727037,0.997743432546984,0.9986555544852442,10,SGD,0.864,0.475464898029693,0.6497118832301246,63125425.31842587,1.5841477423014004e-08,1.5841477423014003e-09,6312542.5318425875,1.5841477423014002e-07,631254.2531842587,1.5841477423014005e-05,1178427396,11784273960,129154.2446490929,,,,,,,
307329,vit_tiny_patch16_224,128,0.04,0.0,0.0,29,307329_vit_tiny_patch16_224,696.8247329780133,89827.35481260109,0.7801,0.8664,0.7940866397401162,0.8663397995784312,0.7794734031655193,0.8670507456685683,0.9977787853849274,0.998650503535363,10,SGD,0.8607,0.4817855096832974,0.6499272574335333,62593922.53141201,1.5975991910367368e-08,1.5975991910367367e-09,6259392.2531412,1.597599191036737e-07,625939.2253141201,1.597599191036737e-05,1178427396,11784273960,131188.0326943223,,,,,,,
307330,vit_tiny_patch16_224,128,0.04,0.0,0.0,30,307330_vit_tiny_patch16_224,706.5588937060093,89971.551509625,0.771,0.8649,0.7852882009365014,0.8649327716943218,0.770513075393173,0.864625866637056,0.9976868668674216,0.9986353524619592,10,SGD,0.8634,0.4654335854790677,0.6459269574357607,63570199.89965387,1.57306411113778e-08,1.57306411113778e-09,6357019.989965389,1.5730641111377794e-07,635701.9989965388,1.5730641111377796e-05,1178427396,11784273960,130977.77866750846,,,,,,,
306311,vit_b_16,64,0.03,0.0,0.0,11,306311_vit_b_16,2039.418905793922,416844.9177303956,0.7717,0.8824,0.7885548570008103,0.8831527547722245,0.7724525055600178,0.8826125837205225,0.9976939372195536,0.9988121200920698,10,SGD,0.8758,0.4689748256669934,0.6869976414656157,850121406.0034809,1.1763025762415697e-09,1.1763025762415696e-10,85012140.6003481,1.1763025762415695e-08,8501214.06003481,1.1763025762415697e-06,17262805008,172628050080,414130.15425475646,,,,,,,
306311,vit_b_16,64,0.03,0.0,0.0,11,306311_vit_b_16,2025.850652021996,413357.0845380531,0.7717,0.8824,0.7885548570008103,0.8831527547722245,0.7724525055600178,0.8826125837205225,0.9976939372195536,0.9988121200920698,10,SGD,0.8758,0.4689748256669934,0.6869976414656157,837399719.2293261,1.194172838892659e-09,1.194172838892659e-10,83739971.92293261,1.194172838892659e-08,8373997.192293261,1.194172838892659e-06,17262805008,172628050080,417624.5104711834,,,,,,,
306312,vit_b_16,64,0.03,0.0,0.0,12,306312_vit_b_16,2029.37742246408,415756.81696764927,0.7844,0.8782,0.7962459057249223,0.8783986684096955,0.7848253902596157,0.8788990288693758,0.997822220324969,0.998769695897872,10,SGD,0.8754,0.4891150349222995,0.6771571100939053,843727497.5896783,1.1852167943521501e-09,1.1852167943521502e-10,84372749.75896783,1.18521679435215e-08,8437274.975896783,1.1852167943521502e-06,17262805008,172628050080,415213.9977861926,,,,,,,
306312,vit_b_16,64,0.03,0.0,0.0,12,306312_vit_b_16,2027.4207651840115,413599.8826494986,0.7844,0.8782,0.7962459057249223,0.8783986684096955,0.7848253902596157,0.8788990288693758,0.997822220324969,0.998769695897872,10,SGD,0.8754,0.4891150349222995,0.6771571100939053,838540990.5612638,1.1925475453867393e-09,1.1925475453867394e-10,83854099.05612639,1.1925475453867391e-08,8385409.905612638,1.1925475453867392e-06,17262805008,172628050080,417379.34975743707,,,,,,,
306313,vit_b_16,64,0.03,0.0,0.0,13,306313_vit_b_16,2035.807225544937,415999.6619271336,0.7692,0.8739,0.7834126431837122,0.8753537194232516,0.7706178454208288,0.8750015706295632,0.9976686851302056,0.998726261676425,10,SGD,0.8772,0.4632924836786866,0.6684987864800224,846895117.5755097,1.1807837585164015e-09,1.1807837585164016e-10,84689511.75755097,1.1807837585164015e-08,8468951.175755097,1.1807837585164014e-06,17262805008,172628050080,414971.6114678898,,,,,,,
306313,vit_b_16,64,0.03,0.0,0.0,13,306313_vit_b_16,2032.049246167008,413862.8033542712,0.7692,0.8739,0.7834126431837122,0.8753537194232516,0.7706178454208288,0.8750015706295632,0.9976686851302056,0.998726261676425,10,SGD,0.8772,0.4632924836786866,0.6684987864800224,840989597.5726116,1.1890753499048595e-09,1.1890753499048596e-10,84098959.75726114,1.1890753499048596e-08,8409895.975726115,1.1890753499048595e-06,17262805008,172628050080,417114.19504455547,,,,,,,
306314,vit_b_16,64,0.03,0.0,0.0,14,306314_vit_b_16,2039.5922887329943,417089.6147639602,0.789,0.8754,0.8034820734894658,0.87525135780076,0.7892735079290476,0.8751654832470684,0.9978686851184688,0.9987414131078732,10,SGD,0.8751,0.4992914333599421,0.669703509001643,850692761.9831885,1.1755125289519768e-09,1.1755125289519768e-10,85069276.19831884,1.1755125289519769e-08,8506927.619831884,1.1755125289519769e-06,17262805008,172628050080,413887.1934696668,,,,,,,
306314,vit_b_16,64,0.03,0.0,0.0,14,306314_vit_b_16,2032.3244299289945,414126.694674869,0.789,0.8754,0.8034820734894658,0.87525135780076,0.7892735079290476,0.8751654832470684,0.9978686851184688,0.9987414131078732,10,SGD,0.8751,0.4992914333599421,0.669703509001643,841639798.673482,1.1881567406580717e-09,1.1881567406580716e-10,84163979.8673482,1.1881567406580718e-08,8416397.986734819,1.1881567406580719e-06,17262805008,172628050080,416848.4000180919,,,,,,,
306315,vit_b_16,64,0.03,0.0,0.0,15,306315_vit_b_16,2044.0083190011792,418255.5942279245,0.7788,0.8731,0.7888677981922015,0.8735678450233968,0.7771588383414829,0.8728710430180608,0.9977656549149468,0.9987181808711876,10,SGD,0.877,0.4763964452925555,0.6648959234045643,854917914.0706592,1.169702942869144e-09,1.169702942869144e-10,85491791.40706591,1.1697029428691441e-08,8549179.140706591,1.169702942869144e-06,17262805008,172628050080,412733.39188364317,,,,,,,
306315,vit_b_16,64,0.03,0.0,0.0,15,306315_vit_b_16,2034.7669997869816,414276.60767400975,0.7788,0.8731,0.7888677981922015,0.8735678450233968,0.7771588383414829,0.8728710430180608,0.9977656549149468,0.9987181808711876,10,SGD,0.877,0.4763964452925555,0.6648959234045643,842956370.0787733,1.18630101805453e-09,1.1863010180545302e-10,84295637.00787732,1.1863010180545303e-08,8429563.700787732,1.1863010180545301e-06,17262805008,172628050080,416697.5563723823,,,,,,,
306316,vit_b_32,64,0.03,0.0,0.0,16,306316_vit_b_32,928.6889255458956,156042.1841946138,0.7392,0.8556,0.754066258296697,0.8558538146773006,0.7399549917444911,0.855901146090118,0.9973656545692362,0.998541413036034,10,SGD,0.8599,0.4113686385168868,0.625835300193714,144914648.3795306,6.900613645219674e-09,6.900613645219673e-10,14491464.837953065,6.900613645219672e-08,1449146.4837953064,6.900613645219672e-06,4398947904,43989479040,281907.60893949604,,,,,,,
306316,vit_b_32,64,0.03,0.0,0.0,16,306316_vit_b_32,928.7820250579972,153941.6181997548,0.7392,0.8556,0.754066258296697,0.8558538146773006,0.7399549917444911,0.855901146090118,0.9973656545692362,0.998541413036034,10,SGD,0.8599,0.4113686385168868,0.625835300193714,142978207.8922733,6.9940728362845916e-09,6.994072836284591e-10,14297820.78922733,6.994072836284592e-08,1429782.078922733,6.994072836284593e-06,4398947904,43989479040,285754.29798924946,,,,,,,
306317,vit_b_16,64,0.03,0.0,0.0,17,306317_vit_b_16,2039.7879254550207,417477.4914232577,0.7841,0.874,0.7945576642403723,0.8745544282749068,0.7848542817731768,0.874771751076852,0.9978191907116484,0.998727272022546,10,SGD,0.88,0.487907797971848,0.6677900363946238,851565546.154413,1.1743077259477002e-09,1.1743077259477e-10,85156554.61544129,1.1743077259477002e-08,8515655.46154413,1.1743077259477002e-06,17262805008,172628050080,413502.6525417674,,,,,,,
306317,vit_b_16,64,0.03,0.0,0.0,17,306317_vit_b_16,2030.970163350983,413896.9373325806,0.7841,0.874,0.7945576642403723,0.8745544282749068,0.7848542817731768,0.874771751076852,0.9978191907116484,0.998727272022546,10,SGD,0.88,0.487907797971848,0.6677900363946238,840612330.4248228,1.1896090073942015e-09,1.1896090073942016e-10,84061233.04248229,1.1896090073942014e-08,8406123.304248229,1.1896090073942015e-06,17262805008,172628050080,417079.7957397963,,,,,,,
306318,vit_b_16,64,0.03,0.0,0.0,18,306318_vit_b_16,2041.4175863801504,417990.9957791109,0.7775,0.8772,0.7923797855809263,0.877295088152202,0.7787369229658535,0.8772801143723344,0.9977525235239578,0.998759595005582,10,SGD,0.8745,0.4786823198277645,0.6742851117740801,853294169.7320281,1.1719287854902887e-09,1.1719287854902888e-10,85329416.97320282,1.1719287854902885e-08,8532941.697320282,1.1719287854902886e-06,17262805008,172628050080,412994.66214154055,,,,,,,
306318,vit_b_16,64,0.03,0.0,0.0,18,306318_vit_b_16,2037.1951870860064,414156.7296528113,0.7775,0.8772,0.7923797855809263,0.877295088152202,0.7787369229658535,0.8772801143723344,0.9977525235239578,0.998759595005582,10,SGD,0.8745,0.4786823198277645,0.6742851117740801,843718096.3479875,1.1852300007887405e-09,1.1852300007887404e-10,84371809.63479877,1.1852300007887404e-08,8437180.963479877,1.1852300007887404e-06,17262805008,172628050080,416818.1698380576,,,,,,,
306319,vit_b_16,64,0.03,0.0,0.0,19,306319_vit_b_16,2033.515151384985,416753.7516817934,0.7818,0.879,0.7924173378864923,0.8802478224783898,0.7830065829416901,0.8797807508901084,0.9977959580660754,0.9987777769294002,10,SGD,0.8768,0.4840127353509458,0.6798876630455504,847475068.4414626,1.179975715201907e-09,1.179975715201907e-10,84747506.84414627,1.179975715201907e-08,8474750.684414627,1.179975715201907e-06,17262805008,172628050080,414220.7463840848,,,,,,,
306319,vit_b_16,64,0.03,0.0,0.0,19,306319_vit_b_16,2029.9193701329928,413283.6170567053,0.7818,0.879,0.7924173378864923,0.8802478224783898,0.7830065829416901,0.8797807508901084,0.9977959580660754,0.9987777769294002,10,SGD,0.8768,0.4840127353509458,0.6798876630455504,838932419.6220322,1.1919911265922163e-09,1.1919911265922163e-10,83893241.96220322,1.1919911265922162e-08,8389324.196220322,1.1919911265922162e-06,17262805008,172628050080,417698.74961270066,,,,,,,
3161,vit_b_32,128,0.03,0.0,0.1,1,3161_vit_b_32,948.314988459926,157126.73389219728,0.6171,0.8623,0.640196478048248,0.8609008767561764,0.6146329725018063,0.8601239783474268,0.9961323202811742,0.9986090898477872,10,SGD,0.8619,0.241880976372165,0.6376290662708293,149005636.83772492,6.711155505405834e-09,6.711155505405834e-10,14900563.683772493,6.711155505405834e-08,1490056.3683772492,6.711155505405834e-06,4398947904,43989479040,279961.77321537555,,,,,,,
3162,vit_b_32,128,0.03,0.0,0.1,2,3162_vit_b_32,931.946363032097,155092.02119778455,0.6197,0.8604,0.6464026863787916,0.8615842884355607,0.6196989792194286,0.8609248610133795,0.996158582518698,0.9985898977638976,10,SGD,0.8611,0.2472828005508869,0.6373097898095559,144537445.0905722,6.918622363729794e-09,6.918622363729794e-10,14453744.50905722,6.918622363729794e-08,1445374.450905722,6.918622363729794e-06,4398947904,43989479040,283634.70087156474,,,,,,,
3163,vit_b_32,128,0.03,0.0,0.1,3,3163_vit_b_32,935.5031514100264,156114.3330551844,0.6208,0.8588,0.6413509484298953,0.8583558498493317,0.6211688460242233,0.8581704542393728,0.996169693455998,0.9985737360653664,10,SGD,0.8609,0.2463714846876903,0.6317032402564469,146045450.55339944,6.8471835049347476e-09,6.847183504934747e-10,14604545.055339947,6.847183504934747e-08,1460454.5055339946,6.847183504934747e-06,4398947904,43989479040,281777.3242156458,,,,,,,
3164,vit_b_32,128,0.03,0.0,0.1,4,3164_vit_b_32,961.7084050879348,159170.94932254776,0.6299,0.8555,0.6421976356858817,0.8561015418096121,0.6328304813175704,0.8558558772249591,0.996261613355952,0.9985404029449744,10,SGD,0.8575,0.2550357703247546,0.6259095419728041,153076039.8093199,6.532701010854841e-09,6.532701010854841e-10,15307603.980931992,6.532701010854841e-08,1530760.3980931991,6.53270101085484e-06,4398947904,43989479040,276366.2541891277,,,,,,,
3165,vit_b_32,128,0.03,0.0,0.1,5,3165_vit_b_32,918.09675754793,153862.94461275,0.5967,0.8588,0.6270374686158678,0.8602416474373058,0.5993042495024489,0.8596319023091461,0.995926258413038,0.9985737358986384,10,SGD,0.8582,0.2233181754532017,0.6341692268084218,141261070.5557425,7.07909118956729e-09,7.07909118956729e-10,14126107.055574253,7.079091189567288e-08,1412610.7055574253,7.079091189567288e-06,4398947904,43989479040,285900.41059408383,,,,,,,
3166,vit_b_32,128,0.03,0.0,0.1,6,3166_vit_b_32,934.6119676551316,155600.52143226913,0.6206,0.856,0.6482919970813554,0.8564173899962465,0.6217037267198724,0.8557819741181683,0.9961676744239314,0.998545453655894,10,SGD,0.863,0.2491714888354006,0.626455483507202,145426109.50397754,6.876344305784025e-09,6.876344305784025e-10,14542610.950397754,6.876344305784025e-08,1454261.0950397754,6.8763443057840245e-06,4398947904,43989479040,282707.78680615185,,,,,,,
3167,vit_b_32,128,0.03,0.0,0.1,7,3167_vit_b_32,945.1348686020356,157107.9160795518,0.6137,0.8591,0.6364453816269114,0.8588654703680253,0.6156258439242009,0.8587424988202226,0.996097977105876,0.9985767666948432,10,SGD,0.8604,0.2395169010409061,0.6327224959036462,148488169.6201868,6.734543247168231e-09,6.734543247168231e-10,14848816.962018682,6.73454324716823e-08,1484881.6962018681,6.734543247168231e-06,4398947904,43989479040,279995.3060145351,,,,,,,
3168,vit_b_32,128,0.03,0.0,0.1,8,3168_vit_b_32,935.4456138159148,155592.97329471805,0.6159,0.8595,0.6382931220467207,0.8591068518092639,0.6119060660742596,0.857671448766023,0.996120198922545,0.9985808069477156,10,SGD,0.8611,0.2396221022415177,0.6324078196415752,145548764.40912077,6.870549565018055e-09,6.870549565018055e-10,14554876.440912075,6.870549565018056e-08,1455487.6440912075,6.870549565018055e-06,4398947904,43989479040,282721.5015467111,,,,,,,
3169,vit_b_32,128,0.03,0.0,0.1,9,3169_vit_b_32,919.9829067119864,154036.16913527425,0.5647,0.8611,0.5944064304462564,0.8620874778213765,0.5660520900663009,0.8614305816623031,0.9956030271183026,0.998596968680754,10,SGD,0.861,0.1891663540964416,0.6385802095446396,141710642.61984876,7.0566330200236814e-09,7.056633020023681e-10,14171064.26198488,7.05663302002368e-08,1417106.4261984879,7.05663302002368e-06,4398947904,43989479040,285578.89544350153,,,,,,,
31611,vit_b_32,128,0.03,0.0,0.1,11,31611_vit_b_32,946.4578763160388,156965.47361908632,0.5886,0.8606,0.6257143901787202,0.8617099349208387,0.5908327609466862,0.8609779989743452,0.9958444405261688,0.9985919178642392,10,SGD,0.8593,0.2166967871674635,0.6375915348942378,148561208.81646165,6.73123225077846e-09,6.73123225077846e-10,14856120.881646164,6.731232250778461e-08,1485612.0881646164,6.731232250778461e-06,4398947904,43989479040,280249.3951424683,,,,,,,
31612,vit_b_32,128,0.03,0.0,0.1,12,31612_vit_b_32,937.5059079951608,156009.27026386475,0.6247,0.8567,0.6429778645281254,0.8574942520549795,0.6241900227778199,0.8569035597946179,0.9962090876064974,0.9985525239915032,10,SGD,0.8626,0.2497668804051926,0.6285833095340033,146259612.57438695,6.83715745172923e-09,6.83715745172923e-10,14625961.257438695,6.83715745172923e-08,1462596.1257438695,6.8371574517292304e-06,4398947904,43989479040,281967.0841713369,,,,,,,
31613,vit_b_32,128,0.03,0.0,0.1,13,31613_vit_b_32,927.2495400458574,154781.3011031939,0.6277,0.8564,0.6453444141935382,0.8568527940697774,0.6311208865173953,0.8574163270969065,0.996239391135076,0.99854949386784,10,SGD,0.8622,0.2546947228937959,0.6282669596531161,143520890.25563592,6.967626790907054e-09,6.967626790907054e-10,14352089.02556359,6.967626790907055e-08,1435208.902556359,6.9676267909070545e-06,4398947904,43989479040,284204.0913628958,,,,,,,
31614,vit_b_32,128,0.03,0.0,0.1,14,31614_vit_b_32,938.7966831449884,155940.571509912,0.6277,0.8583,0.6574547823331293,0.8588363481815192,0.6280144498404455,0.8580209134474488,0.9962393908512128,0.9985686856933036,10,SGD,0.8574,0.258197101980255,0.6315756030862815,146396491.30123925,6.83076480256829e-09,6.830764802568291e-10,14639649.130123928,6.830764802568288e-08,1463964.9130123928,6.8307648025682895e-06,4398947904,43989479040,282091.30320651614,,,,,,,
31615,vit_b_32,128,0.03,0.0,0.1,15,31615_vit_b_32,947.2411719080992,156705.54983170776,0.6005,0.8569,0.6184356326498812,0.8570260525700722,0.6024603344204995,0.8567861367294617,0.9959646434833692,0.9985545443866586,10,SGD,0.858,0.222833199562558,0.628301924857885,148437948.6670899,6.736821742550188e-09,6.736821742550188e-10,14843794.86670899,6.736821742550188e-08,1484379.486670899,6.7368217425501885e-06,4398947904,43989479040,280714.23818264273,,,,,,,
3191,vit_b_32,128,0.03,0.0,0.05,1,3191_vit_b_32,940.7732293489388,156309.9844993416,0.6959,0.8671,0.7099102362814749,0.8651087269465488,0.6943124881221391,0.8654943487763598,0.996928280484474,0.9986575747332674,10,SGD,0.8645,0.3419551648237179,0.648366722059878,147052248.89692816,6.800304024598222e-09,6.800304024598222e-10,14705224.889692817,6.800304024598221e-08,1470522.4889692818,6.800304024598221e-06,4398947904,43989479040,281424.62671784917,,,,,,,
3192,vit_b_32,128,0.03,0.0,0.05,2,3192_vit_b_32,940.845575741958,156280.90673009554,0.7048,0.8656,0.7135408595173419,0.8657301776880909,0.7047401431350139,0.8658354162209647,0.9970181792256628,0.9986424230620904,10,SGD,0.8699,0.3533595474425078,0.6479554718432957,147036199.66995198,6.80104628822475e-09,6.80104628822475e-10,14703619.966995196,6.80104628822475e-08,1470361.9966995197,6.80104628822475e-06,4398947904,43989479040,281476.9888427375,,,,,,,
3193,vit_b_32,128,0.03,0.0,0.05,3,3193_vit_b_32,945.9327188450844,156723.195093021,0.6922,0.8645,0.6986614085299944,0.8636258536909537,0.6916398645651077,0.8640715081974953,0.9968909062388086,0.9986313118757588,10,SGD,0.8689,0.3334463757947,0.64423675229186,148249598.04042995,6.7453808524140795e-09,6.74538085241408e-10,14824959.804042995,6.745380852414079e-08,1482495.9804042995,6.74538085241408e-06,4398947904,43989479040,280682.6329305667,,,,,,,
3194,vit_b_32,128,0.03,0.0,0.05,4,3194_vit_b_32,945.1365203449968,156800.19327277248,0.7071,0.8646,0.7165520558240028,0.8650341498646611,0.7095533814038375,0.8646950644370642,0.9970414119209896,0.998632322205879,10,SGD,0.8654,0.3584485720755422,0.6458283163083816,148197589.05925116,6.747748100005784e-09,6.747748100005784e-10,14819758.905925117,6.747748100005784e-08,1481975.8905925117,6.747748100005784e-06,4398947904,43989479040,280544.801137299,,,,,,,
3195,vit_b_32,128,0.03,0.0,0.05,5,3195_vit_b_32,928.4045502759982,154912.0155427638,0.6947,0.8684,0.7112734764814183,0.8691411689724999,0.6972825743333013,0.8690861798199727,0.9969161584267308,0.9986707056958984,10,SGD,0.8685,0.3434799256312558,0.6550814342624528,143821020.12232807,6.9530865456902084e-09,6.953086545690209e-10,14382102.012232807,6.953086545690208e-08,1438210.2012232807,6.9530865456902075e-06,4398947904,43989479040,283964.2805361125,,,,,,,
3196,vit_b_32,128,0.03,0.0,0.05,6,3196_vit_b_32,948.0346365279984,156810.60493474716,0.6981,0.8606,0.7078475514691824,0.8613341093175191,0.6990003113847155,0.8603202385128861,0.9969505031855164,0.998591918330775,10,SGD,0.868,0.3443565421774226,0.6368265687451956,148661884.85304856,6.72667376031519e-09,6.72667376031519e-10,14866188.485304855,6.726673760315191e-08,1486618.8485304855,6.72667376031519e-06,4398947904,43989479040,280526.1739683048,,,,,,,
3197,vit_b_32,128,0.03,0.0,0.05,7,3197_vit_b_32,940.5637122350744,156107.98813882068,0.6965,0.8658,0.7067770606186796,0.8650636588264113,0.6972053019125549,0.8653795121478823,0.9969343413192684,0.998644443509212,10,SGD,0.8684,0.3421612340872678,0.6472665268636019,146829508.83339813,6.81062007184579e-09,6.81062007184579e-10,14682950.883339815,6.810620071845788e-08,1468295.0883339816,6.810620071845789e-06,4398947904,43989479040,281788.77688745747,,,,,,,
3198,vit_b_32,128,0.03,0.0,0.05,8,3198_vit_b_32,941.3889701368752,155977.0118266392,0.6971,0.8653,0.7072295120568433,0.8648697194520814,0.6939408374236301,0.8634236243095806,0.996940401597602,0.9986393928530768,10,SGD,0.87,0.3410728106611388,0.6452826920155165,146835038.52850708,6.81036358910926e-09,6.81036358910926e-10,14683503.85285071,6.81036358910926e-08,1468350.3852850709,6.81036358910926e-06,4398947904,43989479040,282025.3992869933,,,,,,,
3199,vit_b_32,128,0.03,0.0,0.05,9,3199_vit_b_32,952.4922031590248,157406.55398972353,0.6779,0.8673,0.6889730155089073,0.8674225198876552,0.679468782864405,0.8672709709385011,0.9967464622899268,0.9986595949887406,10,SGD,0.8691,0.3163166539244812,0.6515868762180715,149928515.40134177,6.66984527475052e-09,6.66984527475052e-10,14992851.540134175,6.669845274750522e-08,1499285.1540134174,6.669845274750522e-06,4398947904,43989479040,279464.08789860114,,,,,,,
31910,vit_b_32,128,0.03,0.0,0.05,10,31910_vit_b_32,943.2954808720388,156393.69545765556,0.6893,0.8611,0.7010175232632073,0.8597969331597735,0.6883365963432024,0.8606343016393143,0.9968616136702608,0.9985969685831968,10,SGD,0.8653,0.3315682105956418,0.6362948023885602,147525466.16208437,6.7784906973370455e-09,6.778490697337046e-10,14752546.61620844,6.778490697337044e-08,1475254.661620844,6.778490697337045e-06,4398947904,43989479040,281273.99196798436,,,,,,,
31911,vit_b_32,128,0.03,0.0,0.05,11,31911_vit_b_32,931.3377652899362,155128.0743357552,0.689,0.8686,0.7125726205125362,0.8685482730496187,0.6911429742926087,0.868737760532959,0.9968585828965448,0.998672726021241,10,SGD,0.8676,0.3382593447513338,0.6545241486259696,144476634.08559334,6.921534449699061e-09,6.921534449699061e-10,14447663.408559335,6.92153444969906e-08,1444766.3408559335,6.921534449699061e-06,4398947904,43989479040,283568.7816557969,,,,,,,
31912,vit_b_32,128,0.03,0.0,0.05,12,31912_vit_b_32,942.9206616529264,156087.04266194868,0.7158,0.8656,0.724519782140112,0.8659909965722333,0.71676637015991,0.8660071532172937,0.9971292904283682,0.9986424230597208,10,SGD,0.8681,0.3706560013033132,0.6482792412472563,147177697.5422532,6.794507705305761e-09,6.794507705305761e-10,14717769.754225321,6.794507705305759e-08,1471776.975422532,6.79450770530576e-06,4398947904,43989479040,281826.5904061739,,,,,,,
31913,vit_b_32,128,0.03,0.0,0.05,13,31913_vit_b_32,937.3964242700022,155444.94283616028,0.6951,0.8664,0.7022006202366312,0.8665733716401997,0.6979031688447103,0.8674533872198475,0.9969201997235688,0.9986505040441744,10,SGD,0.8645,0.3395971706851048,0.6504043782791626,145713533.58547154,6.862780521436106e-09,6.862780521436107e-10,14571353.358547155,6.862780521436107e-08,1457135.3358547154,6.8627805214361065e-06,4398947904,43989479040,282990.7376682246,,,,,,,
31914,vit_b_32,128,0.03,0.0,0.05,14,31914_vit_b_32,937.0329279229044,155452.91015079792,0.7129,0.8627,0.7280997756345797,0.8625908282172524,0.712666564873475,0.8624928963905256,0.997099997618542,0.9986131301742452,10,SGD,0.8674,0.3688456035645688,0.6409400840558623,145664495.55273837,6.8650908802821225e-09,6.865090880282123e-10,14566449.555273836,6.865090880282122e-08,1456644.9555273836,6.8650908802821235e-06,4398947904,43989479040,282976.233750322,,,,,,,
31915,vit_b_32,128,0.03,0.0,0.05,15,31915_vit_b_32,947.5913527100348,156762.73896225696,0.6922,0.8614,0.6973095942137256,0.8613209511740194,0.693147822258693,0.8612002349995805,0.996890906793945,0.9985999989656944,10,SGD,0.8686,0.333526797401989,0.6380659651347605,148547015.86777514,6.731875387453904e-09,6.731875387453904e-10,14854701.586777514,6.731875387453904e-08,1485470.1586777514,6.731875387453904e-06,4398947904,43989479040,280611.8298978633,,,,,,,
3201,vit_small_patch32_224,128,0.03,0.0,0.05,1,3201_vit_small_patch32_224,655.9735878380015,79020.20687459149,0.8348,0.8827,0.83946481526063,0.882160338322424,0.8349787545421121,0.8818028320123148,0.9983313118580568,0.9988151506110778,10,SGD,0.8812,0.5841643592174641,0.6858312427878821,51835168.615226895,1.929192142545175e-08,1.9291921425451752e-09,5183516.861522689,1.9291921425451754e-07,518351.68615226896,1.9291921425451752e-05,1137790752,11377907520,143987.31628300133,,,,,,,
3202,vit_small_patch32_224,128,0.03,0.0,0.05,2,3202_vit_small_patch32_224,642.9520960629452,78768.55769597676,0.8385,0.8783,0.844327526426985,0.8780047644242823,0.8384416215339812,0.8787503103185287,0.9983686854503544,0.998770706001908,10,SGD,0.8811,0.5926220342925126,0.6768166635625001,50644409.27448329,1.9745516125584283e-08,1.974551612558428e-09,5064440.9274483295,1.974551612558428e-07,506444.0927448329,1.9745516125584283e-05,1137790752,11377907520,144447.32584688606,,,,,,,
3203,vit_small_patch32_224,128,0.03,0.0,0.05,3,3203_vit_small_patch32_224,652.768721598899,79171.82630991323,0.8458,0.8805,0.8493189073943984,0.8798379262362538,0.8451103451102526,0.8801329726931981,0.9984424228135942,0.9987929281856324,10,SGD,0.881,0.6061427523301053,0.6810136065695884,51680891.84697214,1.934951128477067e-08,1.934951128477067e-09,5168089.184697214,1.9349511284770672e-07,516808.9184697214,1.9349511284770673e-05,1137790752,11377907520,143711.57077344513,,,,,,,
3204,vit_small_patch32_224,128,0.03,0.0,0.05,4,3204_vit_small_patch32_224,648.2250852759462,78740.29731682727,0.8352,0.8747,0.8438944860978785,0.8748622112918024,0.8358557578731474,0.8751512672892525,0.9983353522860332,0.9987343424844656,10,SGD,0.8829,0.5881477280139747,0.6688548712855337,51041435.94285372,1.959192529613794e-08,1.959192529613794e-09,5104143.594285372,1.959192529613794e-07,510414.3594285372,1.9591925296137937e-05,1137790752,11377907520,144499.16888450042,,,,,,,
3205,vit_small_patch32_224,128,0.03,0.0,0.05,5,3205_vit_small_patch32_224,640.0107298740186,78267.58084439172,0.8375,0.8815,0.849376030018614,0.8822556924130948,0.8389190429694158,0.8821845248956166,0.9983585841609688,0.9988030290650756,10,SGD,0.8801,0.5957875527498002,0.6852610884815071,50092091.5416929,1.996323110540663e-08,1.996323110540663e-09,5009209.15416929,1.9963231105406629e-07,500920.915416929,1.996323110540663e-05,1137790752,11377907520,145371.9074647404,,,,,,,
3206,vit_small_patch32_224,128,0.03,0.0,0.05,6,3206_vit_small_patch32_224,653.8149532719981,79571.07826529688,0.8393,0.8759,0.8440776079918684,0.8767048932415215,0.839117728448961,0.8758944676375283,0.9983767666840424,0.9987464638798365,10,SGD,0.8829,0.593494864134406,0.6717613219124964,52024760.81782758,1.9221616481845027e-08,1.9221616481845028e-09,5202476.081782758,1.9221616481845026e-07,520247.6081782758,1.9221616481845025e-05,1137790752,11377907520,142990.49061601338,,,,,,,
3207,vit_small_patch32_224,128,0.03,0.0,0.05,7,3207_vit_small_patch32_224,648.989007094875,79058.28501554219,0.8371,0.8807,0.8453767488706564,0.8811434465436736,0.8379153125888128,0.8811605407980311,0.998354544319304,0.998794948663554,10,SGD,0.8836,0.5919875414581276,0.6829768605977369,51307957.89486036,1.949015398447913e-08,1.949015398447913e-09,5130795.789486036,1.949015398447913e-07,513079.57894860354,1.949015398447913e-05,1137790752,11377907520,143917.96530576397,,,,,,,
3208,vit_small_patch32_224,128,0.03,0.0,0.05,8,3208_vit_small_patch32_224,659.3895667837933,80171.96707545804,0.8387,0.8841,0.8480583518790573,0.8829405316174785,0.8376524528702615,0.882460311391935,0.9983707057698686,0.9988292919945924,10,SGD,0.8801,0.5948234376519009,0.6880488867431636,52864558.63809082,1.8916264994208502e-08,1.89162649942085e-09,5286455.863809082,1.89162649942085e-07,528645.5863809081,1.8916264994208502e-05,1137790752,11377907520,141918.77703700456,,,,,,,
3209,vit_small_patch32_224,128,0.03,0.0,0.05,9,3209_vit_small_patch32_224,640.6617103300523,78338.74117286736,0.8359,0.8839,0.8456061689008572,0.8848453143956055,0.8362159144216483,0.8838876144500806,0.9983424230418412,0.9988272718778656,10,SGD,0.884,0.5900929452906979,0.6904908524998412,50188631.904912494,1.9924830824131698e-08,1.9924830824131698e-09,5018863.190491249,1.99248308241317e-07,501886.3190491249,1.99248308241317e-05,1137790752,11377907520,145239.85641909626,,,,,,,
32010,vit_small_patch32_224,128,0.03,0.0,0.05,10,32010_vit_small_patch32_224,645.8609281259123,78727.90811439707,0.845,0.8841,0.851123191294941,0.8836117296981049,0.8444370437350172,0.8840013417818452,0.9984343421914722,0.998829291999946,10,SGD,0.8803,0.6063675062960713,0.6897743764573023,50847279.80417603,1.966673544486978e-08,1.9666735444869778e-09,5084727.980417604,1.9666735444869777e-07,508472.79804176034,1.9666735444869776e-05,1137790752,11377907520,144521.90833607718,,,,,,,
32011,vit_small_patch32_224,128,0.03,0.0,0.05,11,32011_vit_small_patch32_224,668.5821229359135,81136.00472584787,0.8329,0.8862,0.8468923980488882,0.8866298939360044,0.8344111273695554,0.8868414356246713,0.9983121196206196,0.9988505039666457,10,SGD,0.8843,0.5875807066310667,0.696018182563045,54246082.28614568,1.8434510988739136e-08,1.8434510988739136e-09,5424608.228614568,1.843451098873914e-07,542460.8228614568,1.843451098873914e-05,1137790752,11377907520,140232.53373696483,,,,,,,
32012,vit_small_patch32_224,128,0.03,0.0,0.05,12,32012_vit_small_patch32_224,628.2866035480984,77695.82130448296,0.8377,0.8797,0.8450201799185677,0.8802426866364224,0.8387280862872369,0.880479374103427,0.998360604632386,0.9987848474262232,10,SGD,0.8833,0.5927399752289116,0.6809702660425581,48815243.67727358,2.048540424403453e-08,2.0485404244034532e-09,4881524.367727358,2.048540424403453e-07,488152.4367727358,2.0485404244034532e-05,1137790752,11377907520,146441.69183064558,,,,,,,
32013,vit_small_patch32_224,128,0.03,0.0,0.05,13,32013_vit_small_patch32_224,649.6228504888713,79195.83833407356,0.8309,0.8824,0.8381041130191319,0.8825641697089308,0.8316330145226651,0.8835961644173328,0.9982919179181876,0.9988121203263092,10,SGD,0.8794,0.5781439800202031,0.6873048636809268,51447426.24543669,1.9437318306835584e-08,1.9437318306835584e-09,5144742.62454367,1.9437318306835582e-07,514474.26245436695,1.943731830683558e-05,1137790752,11377907520,143667.99770468142,,,,,,,
32014,vit_small_patch32_224,128,0.03,0.0,0.05,14,32014_vit_small_patch32_224,649.5374508590903,79243.2618895332,0.8392,0.8807,0.8457740204356203,0.8801034931147123,0.8383479968707893,0.8805734129507463,0.998375756241942,0.9987949485053712,10,SGD,0.878,0.5940707550151199,0.681716250960585,51471466.3254867,1.9428239982058533e-08,1.9428239982058533e-09,5147146.632548669,1.9428239982058533e-07,514714.66325486696,1.9428239982058532e-05,1137790752,11377907520,143582.01882023795,,,,,,,
32015,vit_small_patch32_224,128,0.03,0.0,0.05,15,32015_vit_small_patch32_224,642.0883648879826,78588.4122025668,0.843,0.8793,0.8478487452593104,0.879159637108784,0.8414594611772697,0.878793772052738,0.9984141402425256,0.9987808071800816,10,SGD,0.883,0.6004680130514773,0.678518936855163,50460705.0902889,1.9817400454684665e-08,1.9817400454684666e-09,5046070.509028889,1.9817400454684667e-07,504607.05090288894,1.9817400454684668e-05,1137790752,11377907520,144778.43744536655,,,,,,,
337,vit_b_16,128,0.03,0.0,0.1,1,337_vit_b_16,2088.5393630890176,429927.9284469762,0.7016,0.8762,0.7114457377439207,0.8752824674668348,0.6990675476817063,0.87429406385707,0.9969858562859818,0.9987494939953234,10,SGD,0.8713,0.3478880421435683,0.6696773034165573,897921401.8528284,1.113683222091083e-09,1.1136832220910829e-10,89792140.18528283,1.1136832220910832e-08,8979214.018528283,1.113683222091083e-06,17262805008,172628050080,401527.8809720093,,,,,,,
338,vit_b_16,128,0.03,0.0,0.05,1,338_vit_b_16,2087.38972949679,429591.1760192459,0.754,0.8792,0.7571100396261717,0.8782038791285766,0.7511971209601517,0.8777261214121258,0.9975151496191405,0.9987797970487486,10,SGD,0.8747,0.4277635408461708,0.6768801882542358,896724208.7050216,1.1151700715698545e-09,1.1151700715698544e-10,89672420.87050216,1.1151700715698545e-08,8967242.087050216,1.1151700715698544e-06,17262805008,172628050080,401842.6348502703,,,,,,,
329,vit_l_32,128,0.03,0.0,0.1,1,329_vit_l_32,1829.401133310981,364891.9698702767,0.7429,0.8753,0.7455464062020225,0.8737662031030788,0.7402656098552662,0.8733692045062987,0.9974030283214677,0.998740403079296,10,SGD,0.8743,0.4089434871475866,0.6671180085973748,667533783.2167605,1.4980515220984428e-09,1.4980515220984429e-10,66753378.321676046,1.498051522098443e-08,6675337.832167605,1.4980515220984428e-06,15382805008,153828050080,421571.48630781774,,,,,,,
330,vit_l_32,128,0.03,0.0,0.05,1,330_vit_l_32,1832.0911582859696,365387.19807398616,0.7705,0.876,0.7700645632118213,0.8744000872376855,0.767916084320842,0.8742449256822197,0.9976818164129784,0.998747473791762,10,SGD,0.8768,0.4545750578156906,0.6688105459148739,669422654.9422343,1.493824555558688e-09,1.493824555558688e-10,66942265.49422343,1.493824555558688e-08,6694226.549422343,1.4938245555586877e-06,15382805008,153828050080,421000.10862682667,,,,,,,
3292,vit_l_32,128,0.03,0.0,0.1,2,3292_vit_l_32,1831.734563108068,365188.70565650985,0.7478,0.8775,0.7552816083237165,0.878041811051268,0.7478208374426911,0.8778708528404696,0.997452523037643,0.9987626251868011,10,SGD,0.8731,0.4212929248744728,0.6755464777887682,668928774.2077279,1.4949274699453455e-09,1.4949274699453454e-10,66892877.42077279,1.4949274699453456e-08,6689287.742077279,1.4949274699453456e-06,15382805008,153828050080,421228.9364301644,,,,,,,
3302,vit_l_32,128,0.03,0.0,0.05,2,3302_vit_l_32,1825.9242118999828,364673.17127397313,0.7772,0.8783,0.7793184307114429,0.8784650293060844,0.7783237260975332,0.8786406015766235,0.9977494929928108,0.998770706001908,10,SGD,0.8761,0.4703590716545184,0.6770869198894651,665865572.8594968,1.5018046295825063e-09,1.5018046295825063e-10,66586557.28594968,1.5018046295825063e-08,6658655.728594968,1.5018046295825064e-06,15382805008,153828050080,421824.4230651984,,,,,,,
3293,vit_l_32,128,0.03,0.0,0.1,3,3293_vit_l_32,1831.0239614688328,365637.74188330007,0.7422,0.8769,0.7471800461778834,0.8758776026393881,0.7429254408496966,0.876268735592349,0.9973959572071632,0.998756564515911,10,SGD,0.8739,0.4109216748154156,0.6721875349591666,669491466.6056787,1.4936710173021315e-09,1.4936710173021315e-10,66949146.66056786,1.4936710173021316e-08,6694914.666056786,1.4936710173021316e-06,15382805008,153828050080,420711.62918705755,,,,,,,
3303,vit_l_32,128,0.03,0.0,0.05,3,3303_vit_l_32,1824.073651739164,365313.5799012504,0.767,0.88,0.771066514213478,0.878923795063514,0.7676542040856252,0.8792478561430318,0.9976464624874672,0.9987878776759488,10,SGD,0.8754,0.4529283515034034,0.6792325269437692,666358875.7203808,1.500692849508352e-09,1.500692849508352e-10,66635887.57203807,1.5006928495083522e-08,6663588.757203807,1.5006928495083522e-06,15382805008,153828050080,421084.9487762868,,,,,,,
3363,vit_b_16,128,0.03,0.0,0.1,3,3363_vit_b_16,2080.111522537889,429349.6586751577,0.7172,0.8751,0.7294355074631287,0.8756385622764477,0.7183719783073793,0.8745812718833824,0.9971434317229858,0.99873838268105,10,SGD,0.8726,0.3747435763982708,0.6693210395714263,893095172.2079052,1.1197014955615596e-09,1.1197014955615596e-10,89309517.22079054,1.1197014955615593e-08,8930951.722079054,1.1197014955615594e-06,17262805008,172628050080,402068.6789706031,,,,,,,
3373,vit_b_16,128,0.03,0.0,0.05,3,3373_vit_b_16,2089.468834263971,430032.29287628375,0.7478,0.8801,0.7542447512768996,0.8799302811432067,0.7492526867678561,0.8795704948264378,0.997452522915619,0.9987888877778854,10,SGD,0.8785,0.4215201106645154,0.6803378587128398,898539073.6920712,1.1129176563140752e-09,1.1129176563140751e-10,89853907.36920713,1.112917656314075e-08,8985390.736920713,1.1129176563140752e-06,17262805008,172628050080,401430.43427127803,,,,,,,
3362,vit_b_16,128,0.03,0.0,0.1,2,3362_vit_b_16,2094.2352770189755,430285.1165145231,0.6923,0.8757,0.7042399977213172,0.8760092478813455,0.6925017074016264,0.875889440885545,0.9968919164896224,0.9987444433528112,10,SGD,0.874,0.3365766178385385,0.6710698197280683,901118270.1809344,1.1097322439142324e-09,1.1097322439142324e-10,90111827.01809345,1.1097322439142324e-08,9011182.701809345,1.1097322439142324e-06,17262805008,172628050080,401194.56484657055,,,,,,,
3001,vit_b_32,256,0.03,0.0,0.0,1,3001_vit_b_32,895.1575696889777,148899.07334088863,0.6779,0.862,0.6843886482401781,0.8601695799800805,0.6765564442915951,0.8604744954497313,0.9967464621639234,0.9986060595424444,10,SGD,0.8641,0.3128651351918997,0.637123383594145,133288132.62077071,7.502543402308622e-09,7.502543402308622e-10,13328813.262077069,7.502543402308624e-08,1332881.326207707,7.5025434023086235e-06,4398947904,43989479040,295431.5164829183,,,,,,,
3002,vit_b_32,256,0.03,0.0,0.0,2,3002_vit_b_32,905.8200193920638,150124.34698453403,0.6693,0.858,0.6831404874827055,0.8585865156423784,0.6713543376881955,0.8580676256189378,0.9966595930553074,0.9985656553185778,10,SGD,0.8659,0.3059352368948133,0.6312036372300528,135985638.89675152,7.353717702199864e-09,7.353717702199863e-10,13598563.889675152,7.353717702199864e-08,1359856.3889675152,7.353717702199864e-06,4398947904,43989479040,293020.28567379445,,,,,,,
3003,vit_b_32,256,0.03,0.0,0.0,3,3003_vit_b_32,912.9870110299672,151140.7620918072,0.6681,0.8621,0.6819368232356406,0.862006562887742,0.6698189381841992,0.8618386503201246,0.9966474716720616,0.998607069429278,10,SGD,0.8612,0.3041477483571119,0.6395710839699946,137989552.62699044,7.246925444444134e-09,7.246925444444135e-10,13798955.262699043,7.246925444444134e-08,1379895.5262699043,7.246925444444135e-06,4398947904,43989479040,291049.736888845,,,,,,,
3004,vit_b_32,256,0.03,0.0,0.0,4,3004_vit_b_32,910.9524636659772,150502.69113707665,0.6682,0.8507,0.6810953400217551,0.8511554940276582,0.6719393531426536,0.8507557393665078,0.9966484823331664,0.9984919180601016,10,SGD,0.8597,0.3047800015383195,0.6150844973585738,137100797.2796796,7.293903608452721e-09,7.293903608452721e-10,13710079.72796796,7.29390360845272e-08,1371007.9727967961,7.29390360845272e-06,4398947904,43989479040,292283.67086097307,,,,,,,
3005,vit_b_32,256,0.03,0.0,0.0,5,3005_vit_b_32,906.4960250149016,150175.31595988284,0.6586,0.8578,0.6701707100515242,0.8582169484561579,0.6632947115070301,0.8584322412272111,0.996551511584952,0.9985636348780906,10,SGD,0.8621,0.2917517409370508,0.6310516339317683,136133326.97299072,7.345739814310152e-09,7.345739814310151e-10,13613332.697299069,7.345739814310154e-08,1361333.269729907,7.3457398143101534e-06,4398947904,43989479040,292920.8356168943,,,,,,,
3006,vit_b_32,256,0.03,0.0,0.0,6,3006_vit_b_32,912.1561420500512,150607.83873449342,0.6725,0.8566,0.6896267191142642,0.8582994061125007,0.6747355967774663,0.8562282847247422,0.996691917168786,0.9985515142656608,10,SGD,0.8626,0.3118896242996486,0.6286036912684208,137377865.14255178,7.279193041486983e-09,7.279193041486983e-10,13737786.51425518,7.279193041486982e-08,1373778.6514255179,7.279193041486982e-06,4398947904,43989479040,292079.6115901315,,,,,,,
3007,vit_b_32,256,0.03,0.0,0.0,7,3007_vit_b_32,905.0654454160248,150087.137580513,0.6557,0.8566,0.6688092501635929,0.8564393656349555,0.6586235026564597,0.8565631693502843,0.996522219822814,0.9985515141521684,10,SGD,0.8648,0.2878270892666018,0.6274867538023151,135838682.0255232,7.361673310494183e-09,7.361673310494183e-10,13583868.202552319,7.361673310494184e-08,1358386.8202552318,7.361673310494184e-06,4398947904,43989479040,293092.9308742544,,,,,,,
3008,vit_b_32,256,0.03,0.0,0.0,8,3008_vit_b_32,899.2873325290857,149249.09099227248,0.6472,0.8619,0.6562854322452377,0.8605960530928759,0.644368837434531,0.8603167009274452,0.9964363607911324,0.9986050493913132,10,SGD,0.8648,0.2727189831347615,0.6372477960693372,134217816.9208315,7.450575660829373e-09,7.450575660829373e-10,13421781.692083152,7.450575660829373e-08,1342178.1692083152,7.450575660829372e-06,4398947904,43989479040,294738.6730970281,,,,,,,
3009,vit_b_32,256,0.03,0.0,0.0,9,3009_vit_b_32,912.6596577239688,150957.527224986,0.6449,0.856,0.6635536192180287,0.8563543448282069,0.6482526088853447,0.8558881545756054,0.9964131287151602,0.9985454534919264,10,SGD,0.8632,0.2764089579200544,0.626487088118953,137772845.12801242,7.258324374958246e-09,7.258324374958246e-10,13777284.512801243,7.258324374958246e-08,1377728.4512801243,7.258324374958246e-06,4398947904,43989479040,291403.01811143477,,,,,,,
3011,vit_b_32,64,0.03,0.0,0.0,1,3011_vit_b_32,933.9863874820294,154249.11682956578,0.743,0.8615,0.7619690561380875,0.8601405874441245,0.7423653043662394,0.860307283766782,0.9974040384232484,0.9986010090335404,10,SGD,0.8638,0.419193883454544,0.6366054076098467,144066575.39993966,6.941235308911347e-09,6.941235308911347e-10,14406657.539993968,6.941235308911346e-08,1440665.7539993967,6.941235308911346e-06,4398947904,43989479040,285184.6412100059,,,,,,,
3012,vit_b_32,64,0.03,0.0,0.0,2,3012_vit_b_32,921.6327159790088,152915.76384596317,0.7441,0.8609,0.7658811399625652,0.8606942118980376,0.7444056660035193,0.8609020170886313,0.9974151492677747,0.9985949482733392,10,SGD,0.8655,0.4231343764385412,0.6370076974312944,140932170.74935976,7.095611986126616e-09,7.095611986126616e-10,14093217.074935976,7.095611986126616e-08,1409321.7074935976,7.095611986126616e-06,4398947904,43989479040,287671.31611304625,,,,,,,
3013,vit_b_32,64,0.03,0.0,0.0,3,3013_vit_b_32,938.1143598810304,154563.28746247152,0.7321,0.8601,0.752679841823746,0.8596982672007001,0.7312255916743446,0.8597299825347694,0.9972939369115555,0.9985868673905436,10,SGD,0.8597,0.4018419319542888,0.6348087759554313,144998039.47896415,6.896644972534796e-09,6.896644972534796e-10,14499803.947896417,6.896644972534795e-08,1449980.3947896417,6.896644972534795e-06,4398947904,43989479040,284604.96513883217,,,,,,,
3014,vit_b_32,64,0.03,0.0,0.0,4,3014_vit_b_32,928.52177649003,153660.3309164999,0.7338,0.8574,0.7522242199680733,0.8571875604405748,0.7340406466362599,0.8578116499268554,0.9973111090930946,0.9985595948785698,10,SGD,0.8601,0.4040878439389819,0.6295428099830375,142676963.43863437,7.008839940934837e-09,7.008839940934837e-10,14267696.343863437,7.008839940934837e-08,1426769.6343863436,7.008839940934837e-06,4398947904,43989479040,286277.39363586425,,,,,,,
3015,vit_b_32,64,0.03,0.0,0.0,5,3015_vit_b_32,928.8110323239816,153690.2103530808,0.7444,0.8613,0.7633780259579208,0.8625413112729425,0.7479957501754103,0.8625908119568149,0.9974181791479604,0.9985989884500084,10,SGD,0.8613,0.4239576037747845,0.6399268042292675,142749162.93613487,7.005295018419086e-09,7.005295018419086e-10,14274916.293613486,7.005295018419086e-08,1427491.6293613487,7.005295018419086e-06,4398947904,43989479040,286221.73747397837,,,,,,,
3016,vit_b_32,64,0.03,0.0,0.0,6,3016_vit_b_32,935.904875094071,154517.71322947464,0.7444,0.8561,0.7681180548141648,0.856873686810848,0.7457040829159785,0.8558658515676908,0.9974181802392116,0.9985464637575217,10,SGD,0.8594,0.4252831135834235,0.626924554923869,144613881.09985295,6.914965509497116e-09,6.914965509497116e-10,14461388.109985294,6.914965509497116e-08,1446138.8109985294,6.914965509497116e-06,4398947904,43989479040,284688.9079614524,,,,,,,
3017,vit_b_32,64,0.03,0.0,0.0,7,3017_vit_b_32,930.520221682964,153725.08472600687,0.7314,0.8589,0.7490978808594777,0.8582339065654128,0.7324023821667436,0.8585593721317459,0.9972868668150096,0.9985747464914292,10,SGD,0.8602,0.400187364916205,0.6319739590742492,143044299.91747633,6.990841302847509e-09,6.99084130284751e-10,14304429.991747634,6.990841302847507e-08,1430442.9991747634,6.990841302847508e-06,4398947904,43989479040,286156.8046516611,,,,,,,
3018,vit_b_32,64,0.03,0.0,0.0,8,3018_vit_b_32,918.1077336020536,152213.47163777196,0.7325,0.8648,0.754372211627896,0.8635390225072542,0.7286842525169723,0.8633865951576797,0.9972979776406686,0.998634342343994,10,SGD,0.8641,0.4015666464085867,0.6438866893160552,139748365.46905527,7.155718756663611e-09,7.155718756663611e-10,13974836.546905527,7.155718756663611e-08,1397483.6546905527,7.15571875666361e-06,4398947904,43989479040,288998.5923498506,,,,,,,
3019,vit_b_32,64,0.03,0.0,0.0,9,3019_vit_b_32,926.7545449750032,153170.2543046922,0.7447,0.8561,0.7621516691513396,0.8560460239986224,0.746784371613941,0.8560748135469721,0.9974212102533946,0.9985464635936682,10,SGD,0.8611,0.4227626182165157,0.6264719196519191,141951229.33185056,7.044673052194717e-09,7.044673052194717e-10,14195122.933185056,7.044673052194718e-08,1419512.2933185056,7.044673052194717e-06,4398947904,43989479040,287193.35382504767,,,,,,,
3020,vit_b_32,256,0.01,0.0,0.0,1,3020_vit_b_32,889.970024806913,148092.23950417296,0.4679,0.8468,0.4912721952193478,0.845167952202328,0.4661653281292311,0.8450709492521166,0.9946252484241652,0.9984525240717572,10,SGD,0.8504,0.1065797454223763,0.6038714002938894,131797654.06524011,7.587388463720287e-09,7.587388463720287e-10,13179765.40652401,7.587388463720287e-08,1317976.540652401,7.587388463720287e-06,4398947904,43989479040,297041.0818776257,,,,,,,
3021,vit_b_32,256,0.01,0.0,0.0,2,3021_vit_b_32,911.9995182841084,150773.23548248652,0.448,0.8474,0.4945401116557455,0.8473836899730303,0.4488125088573521,0.8475647580975418,0.994424237576443,0.9984585845184152,10,SGD,0.8516,0.0988817605435676,0.6076751907521614,137505118.13016415,7.272456571786564e-09,7.272456571786563e-10,13750511.813016413,7.272456571786565e-08,1375051.1813016413,7.2724565717865645e-06,4398947904,43989479040,291759.2031452407,,,,,,,
3022,vit_b_32,256,0.01,0.0,0.0,3,3022_vit_b_32,890.3092207849259,148304.58965279063,0.4684,0.8471,0.4975526081201499,0.8468737142530053,0.4710409605771476,0.846663304375386,0.9946302981044528,0.9984555541387714,10,SGD,0.846,0.1091883371047183,0.6064469404306423,132036943.6526042,7.57363789509586e-09,7.57363789509586e-10,13203694.365260419,7.573637895095861e-08,1320369.436526042,7.573637895095861e-06,4398947904,43989479040,296615.7631600463,,,,,,,
3023,vit_b_32,256,0.01,0.0,0.0,4,3023_vit_b_32,907.4103895199952,150345.56402182294,0.4597,0.8406,0.4872621569095962,0.8408266758308001,0.4656172339576717,0.8411333111677394,0.994542420146503,0.998389897781515,10,SGD,0.8487,0.1037264573617016,0.593554876947073,136425126.81164572,7.330028004156758e-09,7.330028004156757e-10,13642512.681164572,7.330028004156757e-08,1364251.2681164572,7.3300280041567575e-06,4398947904,43989479040,292589.1384039428,,,,,,,
3024,vit_b_32,256,0.01,0.0,0.0,5,3024_vit_b_32,910.4209957859712,150939.39918878063,0.4425,0.8473,0.4635049416023035,0.8481818846015621,0.4446582153756636,0.8479645261544416,0.994368681044554,0.998457574162338,10,SGD,0.8479,0.0906862412114745,0.6084620539760752,137418398.11278588,7.277045968613693e-09,7.277045968613694e-10,13741839.811278585,7.277045968613694e-08,1374183.9811278586,7.277045968613694e-06,4398947904,43989479040,291438.0160277579,,,,,,,
3025,vit_b_32,256,0.01,0.0,0.0,6,3025_vit_b_32,899.5951608539326,149280.84620395993,0.4424,0.8439,0.4873148384702137,0.8454761429529829,0.4445775933179447,0.8436478624574708,0.9943676733230996,0.9984232313589236,10,SGD,0.8489,0.0953057978637767,0.6009913655055366,134292326.8532625,7.446441829045617e-09,7.446441829045617e-10,13429232.685326248,7.446441829045619e-08,1342923.268532625,7.446441829045618e-06,4398947904,43989479040,294675.975911189,,,,,,,
3026,vit_b_32,256,0.01,0.0,0.0,7,3026_vit_b_32,884.6737644500099,147771.74882948148,0.429,0.8481,0.4680537428276476,0.8483765386000925,0.4342598860172259,0.847939766375553,0.9942323192530548,0.9984656555070734,10,SGD,0.848,0.0866943121586676,0.6091634632512436,130729789.31633873,7.64936595728927e-09,7.64936595728927e-10,13072978.931633871,7.649365957289271e-08,1307297.8931633872,7.64936595728927e-06,4398947904,43989479040,297685.3112211649,,,,,,,
3027,vit_b_32,256,0.01,0.0,0.0,8,3027_vit_b_32,889.8343969839625,148111.69806920845,0.4211,0.8469,0.446251583778434,0.8459410449450507,0.4208594320957274,0.8453686840120525,0.9941525205838616,0.9984535341188276,10,SGD,0.8498,0.0786239927343622,0.6047087384516228,131794883.53768483,7.587547962088107e-09,7.587547962088107e-10,13179488.353768483,7.587547962088108e-08,1317948.8353768482,7.587547962088108e-06,4398947904,43989479040,297002.0573219338,,,,,,,
3028,vit_b_32,256,0.01,0.0,0.0,9,3028_vit_b_32,912.2276058400748,151108.80388031807,0.4004,0.8448,0.4560068697476309,0.8452719187622487,0.4043881377489933,0.8453752604906626,0.9939434299566604,0.998432322096854,10,SGD,0.848,0.0733880805720654,0.6027240382511792,137845622.38509995,7.254492255156971e-09,7.254492255156971e-10,13784562.238509998,7.25449225515697e-08,1378456.2238509997,7.25449225515697e-06,4398947904,43989479040,291111.2914032511,,,,,,,
3029,vit_b_32,64,0.01,0.0,0.0,1,3029_vit_b_32,925.8444888120284,153103.6147042098,0.7474,0.8528,0.7567477260913585,0.8511280488861493,0.746304955184891,0.8513743022496227,0.9974484829016051,0.9985131301786078,10,SGD,0.8613,0.42102803721207,0.6170443954981664,141750137.89109287,7.054666858725059e-09,7.054666858725058e-10,14175013.789109288,7.054666858725058e-08,1417501.3789109287,7.054666858725058e-06,4398947904,43989479040,287318.3570811568,,,,,,,
3030,vit_b_32,64,0.01,0.0,0.0,2,3030_vit_b_32,936.2441538360436,154262.40973031556,0.7452,0.8544,0.7552262029928223,0.8542779384222962,0.746172091466122,0.8546556458267301,0.9974262603885464,0.998529291650598,10,SGD,0.8613,0.4188607784017311,0.6228915019183301,144427279.26666835,6.923899730560008e-09,6.923899730560008e-10,14442727.926666833,6.923899730560008e-08,1444272.7926666834,6.923899730560008e-06,4398947904,43989479040,285160.06664814346,,,,,,,
3031,vit_b_32,64,0.01,0.0,0.0,3,3031_vit_b_32,926.8063938539708,153312.24961454363,0.7352,0.8533,0.7502457178631039,0.8537902319345941,0.7340712504642135,0.8528926661346925,0.9973252500715936,0.9985181804588474,10,SGD,0.8533,0.4038164938734677,0.620444992956224,142090773.198895,7.037754651389121e-09,7.037754651389121e-10,14209077.3198895,7.037754651389121e-08,1420907.7319889502,7.037754651389121e-06,4398947904,43989479040,286927.360015902,,,,,,,
3032,vit_b_32,64,0.01,0.0,0.0,4,3032_vit_b_32,929.9730910039508,153618.58450433772,0.7356,0.8448,0.7529092975588731,0.8445858130084478,0.7367511739014704,0.8449546503073053,0.997329290924922,0.9984323220557788,10,SGD,0.8533,0.4069525662164784,0.6019351707107176,142861149.86715057,6.99980366201672e-09,6.99980366201672e-10,14286114.986715058,6.999803662016719e-08,1428611.4986715058,6.999803662016719e-06,4398947904,43989479040,286355.19056457566,,,,,,,
3033,vit_b_32,64,0.01,0.0,0.0,5,3033_vit_b_32,928.9316378249788,153624.3816863333,0.743,0.858,0.762069964364781,0.8585062616151942,0.7453780834944626,0.8587706065076708,0.9974040377191934,0.9985656550822004,10,SGD,0.8569,0.4209508586676151,0.6316617089001698,142706548.48973528,7.007386910993289e-09,7.007386910993289e-10,14270654.848973528,7.007386910993288e-08,1427065.4848973528,7.007386910993289e-06,4398947904,43989479040,286344.3846421247,,,,,,,
3034,vit_b_32,64,0.01,0.0,0.0,6,3034_vit_b_32,930.8859427541028,154058.3280832075,0.7412,0.8512,0.7557388002913709,0.852291214969762,0.741969344715174,0.8509998124118744,0.99738585698712,0.998496968777757,10,SGD,0.8582,0.4145303168734909,0.616447140035366,143410731.97685748,6.972978843461815e-09,6.972978843461815e-10,14341073.197685748,6.972978843461815e-08,1434107.3197685748,6.972978843461815e-06,4398947904,43989479040,285537.819261813,,,,,,,
3035,vit_b_32,64,0.01,0.0,0.0,7,3035_vit_b_32,926.4891308309744,153424.37413276057,0.7308,0.8536,0.7432231523198002,0.8536159092067672,0.7319667503953562,0.8534878148541852,0.9972808062047678,0.9985212111009584,10,SGD,0.8601,0.3964848369958253,0.6209712978866883,142146015.03854758,7.035019586928393e-09,7.035019586928393e-10,14214601.503854757,7.035019586928393e-08,1421460.1503854757,7.035019586928392e-06,4398947904,43989479040,286717.6697878213,,,,,,,
3036,vit_b_32,64,0.01,0.0,0.0,8,3036_vit_b_32,936.6436557470588,154813.84125728902,0.7451,0.8547,0.7539051155999483,0.8536982387491845,0.7425364129719476,0.8532193028150915,0.9974252504695568,0.99853232206052,10,SGD,0.8596,0.4160345205545345,0.6216427727842058,145005402.23547202,6.896294790287299e-09,6.896294790287299e-10,14500540.223547203,6.896294790287299e-08,1450054.0223547204,6.896294790287299e-06,4398947904,43989479040,284144.35481187224,,,,,,,
3037,vit_b_32,64,0.01,0.0,0.0,9,3037_vit_b_32,932.827362544951,153938.7076110066,0.7425,0.8526,0.7573575862491314,0.8535841021887554,0.7449109129159965,0.8526804351038035,0.9973989880150766,0.998511110032708,10,SGD,0.8579,0.4178021763693424,0.6196277305634093,143598238.61435366,6.9638737191310016e-09,6.963873719131002e-10,14359823.861435365,6.963873719131002e-08,1435982.3861435365,6.963873719131002e-06,4398947904,43989479040,285759.70087496535,,,,,,,
3038,vit_b_32,128,0.01,0.0,0.0,1,3038_vit_b_32,917.4855928150936,149342.24623411294,0.6761,0.8523,0.6845811551599448,0.8509884343450363,0.6748501088601845,0.8506557504007367,0.996728280331868,0.9985080796697032,10,SGD,0.8575,0.3113292883051017,0.61605795761364,137019359.3184428,7.298238766946272e-09,7.298238766946272e-10,13701935.93184428,7.29823876694627e-08,1370193.5931844278,7.298238766946271e-06,4398947904,43989479040,294554.82389786013,,,,,,,
3039,vit_b_32,128,0.01,0.0,0.0,2,3039_vit_b_32,913.181322032935,148979.45034976825,0.6727,0.8518,0.6894538851308256,0.8514383147294042,0.6749589667885094,0.852008897512471,0.9966939365195104,0.9985030290015016,10,SGD,0.8592,0.3120080781415541,0.6169988322161213,136045251.42614135,7.350495438224815e-09,7.350495438224815e-10,13604525.142614137,7.350495438224814e-08,1360452.5142614138,7.3504954382248135e-06,4398947904,43989479040,295272.1260329743,,,,,,,
3040,vit_b_32,128,0.01,0.0,0.0,3,3040_vit_b_32,917.3394260390196,149292.33853897153,0.6694,0.8513,0.6808633062287403,0.8514589569584544,0.6705287781064848,0.8509392358572363,0.9966606029972388,0.9984979784201132,10,SGD,0.8536,0.3045862897205331,0.6158743127994886,136951748.14736316,7.301841805801395e-09,7.301841805801395e-10,13695174.814736314,7.301841805801395e-08,1369517.4814736315,7.301841805801395e-06,4398947904,43989479040,294653.2921280278,,,,,,,
3041,vit_b_32,128,0.01,0.0,0.0,4,3041_vit_b_32,904.032273577992,147721.27686264756,0.67,0.8446,0.6887595092979417,0.8448234861699423,0.6738325454652597,0.8448953518838493,0.9966666641649936,0.9984303018522424,10,SGD,0.8533,0.3099162342285548,0.6019185531072334,133544801.7779833,7.488123735901669e-09,7.488123735901669e-10,13354480.177798329,7.488123735901668e-08,1335448.017779833,7.488123735901668e-06,4398947904,43989479040,297787.0214383658,,,,,,,
3042,vit_b_32,128,0.01,0.0,0.0,5,3042_vit_b_32,923.5421966639116,149757.18052128266,0.6606,0.852,0.6815858309455236,0.8532598639941924,0.665190048993253,0.8527446139180437,0.996571713626048,0.9985050489589132,10,SGD,0.8539,0.29847875379463,0.6189993066885799,138307075.46481934,7.230288086413673e-09,7.230288086413672e-10,13830707.546481935,7.230288086413671e-08,1383070.7546481935,7.230288086413672e-06,4398947904,43989479040,293738.696781544,,,,,,,
3043,vit_b_32,128,0.01,0.0,0.0,6,3043_vit_b_32,901.1455529240192,147365.8263795654,0.6753,0.8479,0.6923938902068089,0.8498427447719483,0.6768681237447695,0.8478053272437773,0.996720200014366,0.9984636354240378,10,SGD,0.8533,0.3154476516542722,0.6099743878027664,132798059.09491847,7.530230538122864e-09,7.530230538122864e-10,13279805.909491848,7.530230538122865e-08,1327980.5909491847,7.5302305381228655e-06,4398947904,43989479040,298505.29203899496,,,,,,,
3044,vit_b_32,128,0.01,0.0,0.0,7,3044_vit_b_32,901.9384694480104,147723.91486447968,0.65,0.8523,0.6693096519562206,0.8526349970597831,0.653129106393092,0.8523703941551051,0.9964646440255152,0.9985080797787674,10,SGD,0.8544,0.2831400971887431,0.6184941315239684,133237881.673737,7.505373002317206e-09,7.505373002317205e-10,13323788.167373698,7.505373002317206e-08,1332378.8167373699,7.505373002317206e-06,4398947904,43989479040,297781.7036622369,,,,,,,
3045,vit_b_32,128,0.01,0.0,0.0,8,3045_vit_b_32,911.0072061640676,148393.91557443526,0.6532,0.8515,0.662858153464579,0.8506119158778118,0.6505672387302707,0.8500278734638212,0.9964969669001266,0.99849999880239,10,SGD,0.8551,0.2806951761457883,0.6147483195746918,135187926.4392128,7.397110277075295e-09,7.397110277075295e-10,13518792.64392128,7.397110277075295e-08,1351879.264392128,7.397110277075295e-06,4398947904,43989479040,296437.21489331964,,,,,,,
3046,vit_b_32,128,0.01,0.0,0.0,9,3046_vit_b_32,926.0231835449812,150497.91666804816,0.6395,0.8508,0.6665228713543718,0.8514907485020735,0.6426193227109321,0.8510501773805454,0.9963585832211076,0.998492928201357,10,SGD,0.8506,0.2729135205957755,0.6156127058718895,139364559.90983325,7.175425378209386e-09,7.175425378209386e-10,13936455.990983324,7.175425378209387e-08,1393645.5990983325,7.175425378209387e-06,4398947904,43989479040,292292.94341015484,,,,,,,
30471,vit_small_patch16_224,128,0.03,0.0,0.0,1,30471_vit_small_patch16_224,967.2433802508748,163914.3527226401,0.8613,0.9015,0.8652063474799649,0.9016067489220372,0.8604776593862336,0.9006338233404678,0.9985989888299788,0.9990050497458752,10,SGD,0.905,0.6403314979232708,0.7313054691665541,158545072.5990806,6.307354644371326e-09,6.307354644371325e-10,15854507.25990806,6.307354644371325e-08,1585450.725990806,6.307354644371326e-06,4448370696,44483706960,271383.8429711582,,,,,,,
30472,vit_small_patch16_224,128,0.03,0.0,0.0,2,30472_vit_small_patch16_224,945.2425363857764,162060.5799268668,0.8649,0.9011,0.8683882635310971,0.9012172253865002,0.8641376660795039,0.9009434065279338,0.9986353523488722,0.999001009232446,10,SGD,0.9071,0.6481413274133578,0.730913379757505,153186553.6182214,6.527988105876748e-09,6.527988105876747e-10,15318655.361822143,6.527988105876747e-08,1531865.5361822143,6.527988105876746e-06,4448370696,44483706960,274488.1388186701,,,,,,,
30473,vit_small_patch16_224,128,0.03,0.0,0.0,3,30473_vit_small_patch16_224,959.0359641239048,162806.59828190014,0.8698,0.9074,0.876458678618113,0.9066439780218184,0.8686173861705452,0.9068689372641464,0.9986848472784045,0.9990646456066072,10,SGD,0.9047,0.6613141685509278,0.7453730278085268,156137382.94901535,6.40461612147385e-09,6.404616121473851e-10,15613738.294901535,6.40461612147385e-08,1561373.8294901536,6.40461612147385e-06,4448370696,44483706960,273230.369219903,,,,,,,
30474,vit_small_patch16_224,128,0.03,0.0,0.0,4,30474_vit_small_patch16_224,958.365108323982,162674.0713101953,0.8594,0.8989,0.8659085365368471,0.8987543658643876,0.8595048748193278,0.8992015043602044,0.9985797969139336,0.9989787871123664,10,SGD,0.907,0.6387023144959025,0.7257143062405765,155901153.97269848,6.414320705894972e-09,6.414320705894972e-10,15590115.397269849,6.414320705894971e-08,1559011.539726985,6.414320705894971e-06,4448370696,44483706960,273452.96396483603,,,,,,,
30475,vit_small_patch16_224,128,0.03,0.0,0.0,5,30475_vit_small_patch16_224,960.6647246291396,163092.1968047023,0.8592,0.9063,0.8734750368163283,0.906780892987599,0.8612005861534695,0.9071815235063538,0.9985777763068576,0.9990535343746632,10,SGD,0.9068,0.645402999241991,0.7448302344192567,156676920.3325508,6.382560991609194e-09,6.382560991609194e-10,15667692.03325508,6.382560991609193e-08,1566769.203325508,6.382560991609194e-06,4448370696,44483706960,272751.90249149577,,,,,,,
30476,vit_small_patch16_224,128,0.03,0.0,0.0,6,30476_vit_small_patch16_224,964.29915560293,163483.98027790716,0.8656,0.9001,0.8711212828451385,0.9005080940728927,0.8656796251021268,0.9004078483297506,0.9986424234121676,0.9989909084737764,10,SGD,0.9061,0.6518731293264284,0.729086723915562,157647464.13659194,6.3432672734498335e-09,6.343267273449833e-10,15764746.413659193,6.343267273449834e-08,1576474.6413659193,6.343267273449834e-06,4448370696,44483706960,272098.26237642334,,,,,,,
30477,vit_small_patch16_224,128,0.03,0.0,0.0,7,30477_vit_small_patch16_224,950.3480406180024,162500.39608680469,0.8615,0.9007,0.8694305023008364,0.9010849860093146,0.8621387639347762,0.9008322151226156,0.998601009135811,0.9989969690049532,10,SGD,0.9049,0.6448509253795061,0.7303886160521695,154431933.02074414,6.475344706497163e-09,6.475344706497162e-10,15443193.302074414,6.475344706497163e-08,1544319.3302074415,6.4753447064971624e-06,4448370696,44483706960,273745.2217423374,,,,,,,
30478,vit_small_patch16_224,128,0.03,0.0,0.0,8,30478_vit_small_patch16_224,946.0704346538988,162209.40605569477,0.8596,0.9063,0.8699749821474011,0.905260108796341,0.8582861302454086,0.9051437731440112,0.9985818170495322,0.9990535345978716,10,SGD,0.9058,0.6409422770051736,0.7419107978333724,153461523.29206192,6.5162913709440994e-09,6.5162913709441e-10,15346152.32920619,6.516291370944101e-08,1534615.232920619,6.5162913709441e-06,4448370696,44483706960,274236.2976455661,,,,,,,
30479,vit_small_patch16_224,128,0.03,0.0,0.0,9,30479_vit_small_patch16_224,958.0663558070082,163034.7234611724,0.8586,0.9013,0.8673035242249608,0.9011714101741154,0.8591616141646338,0.9015259363388398,0.9985717161372112,0.9990030295809246,10,SGD,0.909,0.6388753344744132,0.7315125934129018,156198083.37644878,6.402127211701612e-09,6.402127211701613e-10,15619808.337644879,6.402127211701611e-08,1561980.8337644879,6.4021272117016124e-06,4448370696,44483706960,272848.0535656813,,,,,,,
30481,vit_small_patch16_224,256,0.03,0.0,0.0,1,30481_vit_small_patch16_224,962.32406256604,163314.96550533432,0.852,0.9013,0.8529287079484225,0.9011853780269016,0.8509276420362736,0.9003812530015836,0.9985050493643608,0.9990030295423136,10,SGD,0.9044,0.6174406580917808,0.73059510278115,157161921.082926,6.362864446486074e-09,6.362864446486074e-10,15716192.108292598,6.362864446486075e-08,1571619.2108292598,6.362864446486075e-06,4448370696,44483706960,272379.8570593767,,,,,,,
30482,vit_small_patch16_224,256,0.03,0.0,0.0,2,30482_vit_small_patch16_224,953.0709932711908,162384.3417565433,0.8476,0.9022,0.8489187502821676,0.902063978005917,0.8479145210900276,0.9018896102060882,0.9984606047221918,0.9990121203532176,10,SGD,0.906,0.6091722073425174,0.7332706537736995,154763805.8895972,6.4614590876200285e-09,6.461459087620029e-10,15476380.58895972,6.46145908762003e-08,1547638.058895972,6.461459087620028e-06,4448370696,44483706960,273940.86448736995,,,,,,,
30483,vit_small_patch16_224,256,0.03,0.0,0.0,3,30483_vit_small_patch16_224,957.2358147630002,162979.86705475717,0.8547,0.9051,0.8585956447997117,0.9039095240569928,0.8538415916073006,0.9045677897921824,0.9985323218859612,0.9990414132620627,10,SGD,0.9029,0.6256649386255733,0.7393432935573542,156010165.83012593,6.409838709413754e-09,6.409838709413753e-10,15601016.583012594,6.409838709413753e-08,1560101.6583012594,6.4098387094137525e-06,4448370696,44483706960,272939.88983961183,,,,,,,
30484,vit_small_patch16_224,256,0.03,0.0,0.0,4,30484_vit_small_patch16_224,953.0757409739308,162662.7811746996,0.8359,0.8965,0.841293285348741,0.8963811593498952,0.8372044532328602,0.8969510021687356,0.9983424229984104,0.99895454466993,10,SGD,0.9051,0.5877772922282,0.7200413874378853,155029950.69695717,6.450366496953465e-09,6.450366496953465e-10,15502995.069695719,6.450366496953464e-08,1550299.5069695718,6.450366496953465e-06,4448370696,44483706960,273471.9438506622,,,,,,,
30485,vit_small_patch16_224,256,0.03,0.0,0.0,5,30485_vit_small_patch16_224,938.2237070188858,160769.24141016096,0.8521,0.9044,0.8582078962041148,0.9046132101134576,0.8526226280700623,0.9051081460227016,0.998506059060968,0.9990343424356224,10,SGD,0.9031,0.6225734991856817,0.7397830395835681,150837513.6504554,6.629650514641594e-09,6.629650514641594e-10,15083751.365045536,6.629650514641595e-08,1508375.1365045537,6.6296505146415945e-06,4448370696,44483706960,276692.89579162333,,,,,,,
30486,vit_small_patch16_224,256,0.03,0.0,0.0,6,30486_vit_small_patch16_224,945.311069544172,161616.14908407145,0.8467,0.9004,0.8500437498959482,0.900848234667391,0.846775290479345,0.9005320289285413,0.9984515142045036,0.9989939387786598,10,SGD,0.9058,0.6085075831135757,0.7297080464520173,152777534.74627393,6.545464957663802e-09,6.545464957663802e-10,15277753.474627394,6.545464957663802e-08,1527775.3474627393,6.545464957663802e-06,4448370696,44483706960,275242.9581579742,,,,,,,
30487,vit_small_patch16_224,256,0.03,0.0,0.0,7,30487_vit_small_patch16_224,950.2501351530664,162131.56830341712,0.857,0.9028,0.8600890907970229,0.9034704380658448,0.857643367821684,0.9030524695098524,0.9985555545589964,0.9990181811408004,10,SGD,0.9027,0.6312526677173453,0.7358543708543631,154065544.69290075,6.490743936246762e-09,6.490743936246762e-10,15406554.469290074,6.490743936246762e-08,1540655.4469290073,6.490743936246762e-06,4448370696,44483706960,274367.9557626437,,,,,,,
30488,vit_small_patch16_224,256,0.03,0.0,0.0,8,30488_vit_small_patch16_224,936.3454356391449,160541.99720480555,0.8489,0.907,0.8515724921020618,0.9061517962877652,0.8472609579088128,0.9061045330250114,0.998473736155159,0.9990606053105876,10,SGD,0.9043,0.6115500385560004,0.7440093273655731,150322766.31111202,6.652352298589112e-09,6.652352298589112e-10,15032276.631111205,6.652352298589112e-08,1503227.6631111205,6.652352298589111e-06,4448370696,44483706960,277084.54942946514,,,,,,,
30489,vit_small_patch16_224,256,0.03,0.0,0.0,9,30489_vit_small_patch16_224,957.3836835029068,162905.0629298357,0.8468,0.902,0.8493706684264185,0.902305815213121,0.8473749069586021,0.9023668499397548,0.9984525241316882,0.9990101002931164,10,SGD,0.9057,0.6085287861070361,0.7336911918996392,155962649.20903894,6.411791573633029e-09,6.411791573633029e-10,15596264.920903893,6.41179157363303e-08,1559626.4920903894,6.41179157363303e-06,4448370696,44483706960,273065.2206872136,,,,,,,
30491,vit_small_patch16_224,64,0.03,0.0,0.0,1,30491_vit_small_patch16_224,946.6768988010008,163107.36901552213,0.8431,0.9006,0.8528333041740407,0.9009605379595514,0.8425183982221144,0.899684076922931,0.9984151503058664,0.998995958829848,10,SGD,0.9006,0.6048306582272416,0.7292752545540218,154409978.27120492,6.476265401991087e-09,6.476265401991087e-10,15440997.827120494,6.476265401991087e-08,1544099.7827120493,6.476265401991087e-06,4448370696,44483706960,272726.53117080627,,,,,,,
30492,vit_small_patch16_224,64,0.03,0.0,0.0,2,30492_vit_small_patch16_224,945.3850061080884,162943.74821320092,0.8468,0.9009,0.8570934128637944,0.9008625157293564,0.8474451392229593,0.9008999197129904,0.9984525239070852,0.9989989890286696,10,SGD,0.9008,0.614112615259323,0.7304268016749632,154044576.39981177,6.491627445581537e-09,6.491627445581537e-10,15404457.639981177,6.491627445581537e-08,1540445.7639981178,6.4916274455815366e-06,4448370696,44483706960,273000.39091893274,,,,,,,
30493,vit_small_patch16_224,64,0.03,0.0,0.0,3,30493_vit_small_patch16_224,943.140190249076,162758.6255381832,0.8434,0.8981,0.8531348981765875,0.8969504195239593,0.8438467922672716,0.8977932575188312,0.9984181803671132,0.9989707061264932,10,SGD,0.9014,0.606215991540697,0.7224740063262673,153504201.05476022,6.514479689342611e-09,6.514479689342611e-10,15350420.105476022,6.514479689342611e-08,1535042.010547602,6.514479689342611e-06,4448370696,44483706960,273310.90326493396,,,,,,,
30494,vit_small_patch16_224,64,0.03,0.0,0.0,4,30494_vit_small_patch16_224,946.7869927599096,163140.37448681772,0.8307,0.8978,0.8481317918372077,0.8978892163383727,0.8303986425574483,0.8980236211921667,0.9982898977064648,0.998967675992916,10,SGD,0.9041,0.5840511187109808,0.7231719171340911,154459184.55809963,6.474202248710249e-09,6.474202248710249e-10,15445918.455809962,6.47420224871025e-08,1544591.8455809962,6.474202248710249e-06,4448370696,44483706960,272671.3549599853,,,,,,,
30495,vit_small_patch16_224,64,0.03,0.0,0.0,5,30495_vit_small_patch16_224,952.4229314420372,163615.40892933373,0.8334,0.9026,0.8509037004911316,0.9031005516004474,0.835315667476414,0.9033727859405,0.9983171699767224,0.999016160598636,10,SGD,0.9008,0.5913615401936071,0.7356495162092092,155831067.4015637,6.417205610374747e-09,6.417205610374747e-10,15583106.740156373,6.417205610374746e-08,1558310.6740156373,6.417205610374747e-06,4448370696,44483706960,271879.6918401049,,,,,,,
30496,vit_small_patch16_224,64,0.03,0.0,0.0,6,30496_vit_small_patch16_224,949.2464217869564,163209.62873120976,0.8418,0.8979,0.8535539771085362,0.8988730228430063,0.8430246136861601,0.8979646907959515,0.9984020192247388,0.9989686862379636,10,SGD,0.8976,0.6047635632346994,0.7239981442291032,154926156.0742785,6.454687996780579e-09,6.454687996780579e-10,15492615.60742785,6.454687996780579e-08,1549261.560742785,6.454687996780579e-06,4448370696,44483706960,272555.6531548779,,,,,,,
30497,vit_small_patch16_224,64,0.03,0.0,0.0,7,30497_vit_small_patch16_224,951.574817998102,163520.21299195694,0.8441,0.8992,0.859584245619393,0.8993436901644455,0.8450570356225322,0.8991985295718236,0.9984252514387938,0.9989818174793486,10,SGD,0.9001,0.6121867500657241,0.7264323260254018,155601716.9168323,6.4266643056033305e-09,6.42666430560333e-10,15560171.69168323,6.42666430560333e-08,1556017.169168323,6.42666430560333e-06,4448370696,44483706960,272037.97100110195,,,,,,,
30498,vit_small_patch16_224,64,0.03,0.0,0.0,8,30498_vit_small_patch16_224,948.0711193759926,163256.61781270226,0.842,0.9045,0.8560155838346233,0.9032554681879608,0.8409308117178825,0.903309145242429,0.9984040391298156,0.9990353527651732,10,SGD,0.9048,0.6051462651690677,0.737286759202062,154778884.39522722,6.4608296145002844e-09,6.460829614500284e-10,15477888.439522725,6.460829614500284e-08,1547788.8439522726,6.460829614500283e-06,4448370696,44483706960,272477.20524894353,,,,,,,
30499,vit_small_patch16_224,64,0.03,0.0,0.0,9,30499_vit_small_patch16_224,948.5516482489184,163470.78472019976,0.849,0.9005,0.8570108084603645,0.9009496162856898,0.849291687400001,0.900603783515402,0.998474746370006,0.9989949487669908,10,SGD,0.903,0.6170039550241337,0.7299301139562023,155060482.28688958,6.4490964122620324e-09,6.449096412262033e-10,15506048.228688957,6.449096412262032e-08,1550604.8228688957,6.449096412262033e-06,4448370696,44483706960,272120.2264743471,,,,,,,
30501,vit_small_patch16_224,128,0.01,0.0,0.0,1,30501_vit_small_patch16_224,950.6798613988794,162130.05884421972,0.8521,0.895,0.8523212007926483,0.8945106940182243,0.8507825901357857,0.8941403440437167,0.9985060594661418,0.9989393931301208,10,SGD,0.8983,0.6169687334478351,0.7150779773804935,154133781.87061498,6.487870393262869e-09,6.487870393262869e-10,15413378.187061496,6.487870393262869e-08,1541337.8187061497,6.487870393262869e-06,4448370696,44483706960,274370.51017628703,,,,,,,
30502,vit_small_patch16_224,128,0.01,0.0,0.0,2,30502_vit_small_patch16_224,963.9535823410844,163276.7723354304,0.8461,0.8953,0.8480819991221722,0.895315928395062,0.8463309832222907,0.8955936058061124,0.998445453193867,0.9989424233229232,10,SGD,0.8975,0.6063510361975557,0.7171274340629273,157391229.6058278,6.35359417741643e-09,6.353594177416429e-10,15739122.960582782,6.35359417741643e-08,1573912.296058278,6.35359417741643e-06,4448370696,44483706960,272443.57126691693,,,,,,,
30503,vit_small_patch16_224,128,0.01,0.0,0.0,3,30503_vit_small_patch16_224,956.3493501520716,162668.26330531776,0.8533,0.9007,0.8561503013687496,0.899439724905276,0.8524064338128844,0.899988312472048,0.9985181804588474,0.9989969687768476,10,SGD,0.8976,0.6218053512012214,0.7283720424063618,155567687.9024067,6.428070079869906e-09,6.428070079869906e-10,15556768.790240671,6.428070079869905e-08,1555676.8790240672,6.428070079869905e-06,4448370696,44483706960,273462.7274928667,,,,,,,
30504,vit_small_patch16_224,128,0.01,0.0,0.0,4,30504_vit_small_patch16_224,962.3025962528772,163346.20131823776,0.8393,0.8906,0.8454527109953734,0.8907116442411798,0.8401291482625473,0.8908447077042709,0.9983767664585286,0.9988949486656068,10,SGD,0.8964,0.5951782647013404,0.7058974969124405,157188473.61658534,6.3617896210329225e-09,6.361789621032923e-10,15718847.361658534,6.361789621032923e-08,1571884.7361658535,6.361789621032923e-06,4448370696,44483706960,272327.7713286703,,,,,,,
30505,vit_small_patch16_224,128,0.01,0.0,0.0,5,30505_vit_small_patch16_224,957.6054618409836,162384.37732914658,0.8504,0.9011,0.8566138883786478,0.90141310880897,0.8514149955835499,0.9016376675666942,0.9984888873260364,0.9990010090678144,10,SGD,0.8997,0.6192883263561195,0.7316356062344845,155500166.64803794,6.430861275302805e-09,6.430861275302805e-10,15550016.664803794,6.430861275302806e-08,1555001.6664803794,6.430861275302805e-06,4448370696,44483706960,273940.80447673437,,,,,,,
30506,vit_small_patch16_224,128,0.01,0.0,0.0,6,30506_vit_small_patch16_224,953.5529111658687,162120.91375007894,0.8508,0.8935,0.8548794283865881,0.8934844536590769,0.8504262207533512,0.8934258167088442,0.9984929283712456,0.998924241766338,10,SGD,0.8992,0.617609522104907,0.7124798849371453,154590869.2672585,6.468687347059213e-09,6.468687347059213e-10,15459086.92672585,6.468687347059213e-08,1545908.692672585,6.468687347059213e-06,4448370696,44483706960,274385.9871686563,,,,,,,
30507,vit_small_patch16_224,128,0.01,0.0,0.0,7,30507_vit_small_patch16_224,949.019156478811,161938.36778959978,0.8537,0.8969,0.8568239025396897,0.897153072723049,0.8545840601857339,0.8968651355057529,0.9985222212026654,0.9989585851400874,10,SGD,0.8954,0.6241793217687824,0.7209168862159152,153682613.20124146,6.50691694505831e-09,6.50691694505831e-10,15368261.320124146,6.50691694505831e-08,1536826.1320124145,6.506916945058311e-06,4448370696,44483706960,274695.29035760043,,,,,,,
30508,vit_small_patch16_224,128,0.01,0.0,0.0,8,30508_vit_small_patch16_224,959.5968584981748,162854.4436786368,0.8479,0.9003,0.8524875156666057,0.8991626055906151,0.846498562834373,0.8992914437764681,0.9984636351369932,0.9989929284888772,10,SGD,0.899,0.610929561480276,0.7272577578730977,156274612.5464878,6.398992028871771e-09,6.398992028871771e-10,15627461.25464878,6.398992028871771e-08,1562746.125464878,6.398992028871772e-06,4448370696,44483706960,273150.09621586005,,,,,,,
30509,vit_small_patch16_224,128,0.01,0.0,0.0,9,30509_vit_small_patch16_224,964.574762895936,163098.67671093563,0.8413,0.895,0.8454594843990106,0.8955297977409659,0.842066352582781,0.8953214216778733,0.998396968535894,0.9989393931711964,10,SGD,0.8987,0.5979890852339139,0.716838284645224,157320867.41709167,6.356435839810008e-09,6.356435839810008e-10,15732086.741709167,6.356435839810007e-08,1573208.6741709167,6.356435839810008e-06,4448370696,44483706960,272741.0660654208,,,,,,,
30511,vit_small_patch16_224,256,0.01,0.0,0.0,1,30511_vit_small_patch16_224,955.5575557888952,162688.5276805847,0.6816,0.8962,0.6832254724304921,0.8957236733187611,0.6809964690590946,0.8951065998124562,0.9967838359298145,0.9989515143514908,10,SGD,0.897,0.3161109050913112,0.7177912516462136,155458251.86535352,6.43259516944862e-09,6.43259516944862e-10,15545825.186535353,6.43259516944862e-08,1554582.5186535353,6.43259516944862e-06,4448370696,44483706960,273428.6651566317,,,,,,,
30512,vit_small_patch16_224,256,0.01,0.0,0.0,2,30512_vit_small_patch16_224,949.2784426400904,161952.4570931539,0.6373,0.8928,0.6430155970125278,0.8927857973973978,0.6377165616017486,0.8932184230520501,0.9963363604510432,0.9989171707757152,10,SGD,0.8963,0.2603748911772998,0.7111948529037835,153737976.2511252,6.504573719420748e-09,6.504573719420748e-10,15373797.625112519,6.504573719420749e-08,1537379.762511252,6.504573719420748e-06,4448370696,44483706960,274671.3928175433,,,,,,,
30513,vit_small_patch16_224,256,0.01,0.0,0.0,3,30513_vit_small_patch16_224,954.9150815380272,162828.64127373588,0.6403,0.8988,0.645280301119511,0.8975879514520041,0.6442330424674511,0.8980795959905474,0.9963666633336564,0.9989777768400502,10,SGD,0.8948,0.2652125635081941,0.7237869269680554,155487525.25863567,6.4313841148131635e-09,6.431384114813163e-10,15548752.525863566,6.431384114813164e-08,1554875.2525863566,6.431384114813164e-06,4448370696,44483706960,273193.3805503982,,,,,,,
30514,vit_small_patch16_224,256,0.01,0.0,0.0,4,30514_vit_small_patch16_224,951.1690244860948,162364.5131428033,0.5954,0.8909,0.6039207262041942,0.8909306209632939,0.6027376706390895,0.8911484819112,0.9959131282459284,0.9988979789709116,10,SGD,0.8958,0.2158432927300899,0.7065518709047037,154436095.57719994,6.475170174838545e-09,6.475170174838545e-10,15443609.557719992,6.475170174838546e-08,1544360.9557719992,6.4751701748385455e-06,4448370696,44483706960,273974.3192582702,,,,,,,
30515,vit_small_patch16_224,256,0.01,0.0,0.0,5,30515_vit_small_patch16_224,958.167171344161,163110.15568839706,0.6529,0.9001,0.6577233232272276,0.9002686573475185,0.6562552766667951,0.900585642235199,0.9964939357678292,0.9989909080472662,10,SGD,0.8974,0.280826042371146,0.7290367929034584,156286796.49345714,6.3984931704826675e-09,6.398493170482668e-10,15628679.649345715,6.398493170482666e-08,1562867.9649345714,6.3984931704826676e-06,4448370696,44483706960,272721.87174525746,,,,,,,
30516,vit_small_patch16_224,256,0.01,0.0,0.0,6,30516_vit_small_patch16_224,942.5221731790808,161225.24195138112,0.6405,0.8914,0.651439214758972,0.8916128035507879,0.6437771807241495,0.8913890865403418,0.9963686846478736,0.9989030296321532,10,SGD,0.896,0.267638557480853,0.7076843132764772,151958365.41533884,6.580749913088094e-09,6.580749913088094e-10,15195836.541533884,6.580749913088095e-08,1519583.6541533885,6.5807499130880944e-06,4448370696,44483706960,275910.31293607515,,,,,,,
30517,vit_small_patch16_224,256,0.01,0.0,0.0,7,30517_vit_small_patch16_224,946.8848529579118,161665.16689347517,0.675,0.8978,0.6863171991941212,0.8979362580847825,0.6763775931107244,0.8979166796603173,0.996717169452264,0.9989676760554504,10,SGD,0.8918,0.312312816400767,0.7231236814747302,153078297.7823445,6.532604650607348e-09,6.532604650607348e-10,15307829.778234452,6.532604650607346e-08,1530782.977823445,6.532604650607347e-06,4448370696,44483706960,275159.5029083248,,,,,,,
30518,vit_small_patch16_224,256,0.01,0.0,0.0,8,30518_vit_small_patch16_224,955.0616153830196,162479.507559701,0.6017,0.9,0.6068731864047379,0.8990858582515981,0.5973254076664685,0.8989332739003928,0.9959767644645916,0.9989898981834274,10,SGD,0.8991,0.2172391804772821,0.7266616302686677,155177940.95660558,6.444214904743729e-09,6.444214904743729e-10,15517794.095660558,6.444214904743729e-08,1551779.4095660558,6.444214904743729e-06,4448370696,44483706960,273780.41470032785,,,,,,,
30519,vit_small_patch16_224,256,0.01,0.0,0.0,9,30519_vit_small_patch16_224,956.4228740991092,162745.10945598816,0.6256,0.8926,0.6320146265912624,0.8929852172917613,0.6260715559933162,0.8929489996646612,0.9962181790790088,0.9989151507293952,10,SGD,0.8941,0.2466052425093371,0.710978400890967,155653145.3314703,6.4245409103070515e-09,6.424540910307051e-10,15565314.533147031,6.424540910307051e-08,1556531.4533147032,6.424540910307051e-06,4448370696,44483706960,273333.60190482356,,,,,,,
30521,vit_small_patch16_224,64,0.01,0.0,0.0,1,30521_vit_small_patch16_224,951.2579921500292,163487.2998785292,0.8666,0.8973,0.8693332651258351,0.8972799541091344,0.865695580164953,0.8964839972820912,0.9986525242243632,0.9989626254710802,10,SGD,0.9017,0.651305262508985,0.7210367737928213,155518600.62447938,6.4300990105655255e-09,6.430099010565525e-10,15551860.062447937,6.430099010565525e-08,1555186.0062447938,6.430099010565526e-06,4448370696,44483706960,272092.73743618815,,,,,,,
30522,vit_small_patch16_224,64,0.01,0.0,0.0,2,30522_vit_small_patch16_224,945.365648780018,162892.95841598112,0.8687,0.8994,0.8717939501005921,0.89857019914888,0.868212001893958,0.8995551861195129,0.9986737362206286,0.9989838375003444,10,SGD,0.9011,0.6566486959645809,0.7262583991359931,153993407.3146205,6.493784490117309e-09,6.493784490117309e-10,15399340.731462047,6.493784490117311e-08,1539934.0731462047,6.4937844901173105e-06,4448370696,44483706960,273085.5120600215,,,,,,,
30523,vit_small_patch16_224,64,0.01,0.0,0.0,3,30523_vit_small_patch16_224,947.667182289064,163036.4464677186,0.8727,0.9052,0.8768509913889365,0.9041123928435078,0.8713837077310502,0.9045803322973266,0.998714140234569,0.9990424233639996,10,SGD,0.8978,0.6659496696587902,0.7396019354152232,154504289.83448473,6.472312199688866e-09,6.472312199688866e-10,15450428.983448468,6.472312199688868e-08,1545042.898344847,6.472312199688868e-06,4448370696,44483706960,272845.1700448944,,,,,,,
30524,vit_small_patch16_224,64,0.01,0.0,0.0,4,30524_vit_small_patch16_224,948.3494783118368,163350.89821218385,0.8654,0.8971,0.8727025493141143,0.8972759767322691,0.8651767397029906,0.8975471773726855,0.9986404030200244,0.9989606052805388,10,SGD,0.9014,0.6525249216180361,0.7217263213582352,154913739.10129452,6.455205366556436e-09,6.455205366556436e-10,15491373.910129452,6.455205366556436e-08,1549137.3910129452,6.455205366556436e-06,4448370696,44483706960,272319.9409789477,,,,,,,
30525,vit_small_patch16_224,64,0.01,0.0,0.0,5,30525_vit_small_patch16_224,956.479470084887,164111.57861293474,0.8623,0.8995,0.8747774715664234,0.899585018566807,0.8638354369500454,0.9000687275192694,0.9986090894705562,0.9989848474349377,10,SGD,0.9007,0.6507025473153252,0.7275753139898342,156969355.74649408,6.370670219319767e-09,6.370670219319767e-10,15696935.574649412,6.370670219319766e-08,1569693.5574649412,6.3706702193197654e-06,4448370696,44483706960,271057.69949917437,,,,,,,
30526,vit_small_patch16_224,64,0.01,0.0,0.0,6,30526_vit_small_patch16_224,950.186823087046,163596.12838104347,0.8726,0.8994,0.876479157191732,0.8995478365561723,0.8728165136785246,0.8994186207077768,0.9987131305261172,0.9989838377623812,10,SGD,0.9004,0.6666847421300668,0.726938186406152,155446885.49572423,6.433065524670845e-09,6.433065524670845e-10,15544688.549572423,6.433065524670846e-08,1554468.8549572423,6.433065524670845e-06,4448370696,44483706960,271911.7340991702,,,,,,,
30527,vit_small_patch16_224,64,0.01,0.0,0.0,7,30527_vit_small_patch16_224,949.7921118750236,163427.51391357492,0.8652,0.9015,0.8730233871107032,0.9021389279940264,0.8659693044310558,0.9017574404009636,0.99863838289897,0.9990050498186094,10,SGD,0.8999,0.6532104758567396,0.7326500309976801,155222163.5784591,6.442378955080965e-09,6.442378955080965e-10,15522216.35784591,6.442378955080965e-08,1552221.635784591,6.442378955080965e-06,4448370696,44483706960,272192.27591948956,,,,,,,
30528,vit_small_patch16_224,64,0.01,0.0,0.0,8,30528_vit_small_patch16_224,949.1429558338132,163301.50368667406,0.8691,0.9033,0.8769395932523458,0.9021375687472988,0.8681413142223819,0.902091352844822,0.9986777767221064,0.9990232315433744,10,SGD,0.9015,0.660777488284122,0.7343969873406021,154996471.90127614,6.4517597577120505e-09,6.451759757712051e-10,15499647.190127615,6.45175975771205e-08,1549964.7190127615,6.45175975771205e-06,4448370696,44483706960,272402.31079164287,,,,,,,
30529,vit_small_patch16_224,64,0.01,0.0,0.0,9,30529_vit_small_patch16_224,938.9512914030348,162085.77954665784,0.8662,0.8977,0.8712499844105706,0.8976481421365997,0.8669910082460817,0.8981175343163841,0.9986484838695816,0.9989666659182228,10,SGD,0.8988,0.6534136504485799,0.7229720928795047,152190652.02340198,6.570705800289446e-09,6.570705800289446e-10,15219065.202340197,6.570705800289446e-08,1521906.5202340197,6.570705800289446e-06,4448370696,44483706960,274445.463904469,,,,,,,
30531,vit_tiny_patch16_224,128,0.01,0.0,0.0,1,30531_vit_tiny_patch16_224,698.5992294070311,89850.15231706944,0.712,0.8524,0.7180260818929323,0.851633210628075,0.7116029493852644,0.8514804921476856,0.9970909068711888,0.9985090897714844,10,SGD,0.8534,0.3627377115332014,0.6171955062223708,62769247.17080908,1.5931368386158552e-08,1.5931368386158552e-09,6276924.717080909,1.593136838615855e-07,627692.4717080909,1.5931368386158553e-05,1178427396,11784273960,131154.74660983143,,,,,,,
30532,vit_tiny_patch16_224,128,0.01,0.0,0.0,2,30532_vit_tiny_patch16_224,690.6966328090057,91232.47176339672,0.7149,0.8551,0.7191637590992862,0.8551987999852295,0.7150918344532528,0.8554839045673597,0.9971201995163838,0.9985363623638164,10,SGD,0.854,0.3665915279244903,0.624683042436513,63013961.0498208,1.5869499129079806e-08,1.5869499129079805e-09,6301396.10498208,1.5869499129079806e-07,630139.610498208,1.5869499129079807e-05,1178427396,11784273960,129167.54015567465,,,,,,,
30533,vit_tiny_patch16_224,128,0.01,0.0,0.0,3,30533_vit_tiny_patch16_224,705.6976459140424,89761.34370277944,0.7246,0.856,0.7296322275653228,0.8549255953489837,0.7244421062255061,0.8559649876131141,0.9972181792663024,0.9985454532111384,10,SGD,0.8509,0.3819409374408284,0.625497996997101,63344368.9451327,1.578672290296514e-08,1.5786722902965138e-09,6334436.894513271,1.5786722902965134e-07,633443.6894513271,1.5786722902965134e-05,1178427396,11784273960,131284.5092762922,,,,,,,
30534,vit_tiny_patch16_224,128,0.01,0.0,0.0,4,30534_vit_tiny_patch16_224,674.1182514838874,96823.29393414756,0.6867,0.8501,0.6939245599384124,0.8505458122784669,0.6891828304698718,0.8509759533719454,0.99683535116028,0.9984858574494924,10,SGD,0.8537,0.3273687247154657,0.6143656600349469,65270349.60979804,1.5320892349715334e-08,1.5320892349715334e-09,6527034.9609798025,1.5320892349715338e-07,652703.4960979803,1.5320892349715336e-05,1178427396,11784273960,121709.07930497428,,,,,,,
30535,vit_tiny_patch16_224,128,0.01,0.0,0.0,5,30535_vit_tiny_patch16_224,697.8488622300792,91331.5503691368,0.7343,0.8582,0.7414811337819863,0.8579559437107472,0.7351405865481836,0.859076006345933,0.9973161588404268,0.99856767528631,10,SGD,0.8494,0.3991874597340274,0.6316297690718379,63735618.51081129,1.568981400612552e-08,1.5689814006125522e-09,6373561.85108113,1.5689814006125518e-07,637356.185108113,1.568981400612552e-05,1178427396,11784273960,129027.4161817163,,,,,,,
30536,vit_tiny_patch16_224,128,0.01,0.0,0.0,6,30536_vit_tiny_patch16_224,680.491266385885,95461.90520341787,0.7291,0.8523,0.7363161628877392,0.8523635443818205,0.730082676894285,0.8525778680934056,0.99726363469015,0.9985080798956631,10,SGD,0.8529,0.3908710077987994,0.6184477207565977,64960992.76348313,1.5393853410475205e-08,1.5393853410475206e-09,6496099.276348313,1.5393853410475205e-07,649609.9276348313,1.539385341047521e-05,1178427396,11784273960,123444.78077290753,,,,,,,
30537,vit_tiny_patch16_224,128,0.01,0.0,0.0,7,30537_vit_tiny_patch16_224,676.1033481110353,96775.0664053734,0.7089,0.8535,0.7166161525002555,0.8530122935674569,0.7105783484808471,0.8539445303652943,0.9970595939309356,0.9985202009992514,10,SGD,0.8512,0.3599189028460016,0.6207908860423207,65429946.410340734,1.5283521611473567e-08,1.5283521611473567e-09,6542994.641034072,1.5283521611473572e-07,654299.4641034072,1.528352161147357e-05,1178427396,11784273960,121769.73261519439,,,,,,,
30538,vit_tiny_patch16_224,128,0.01,0.0,0.0,8,30538_vit_tiny_patch16_224,688.590397081105,92323.29950581968,0.6977,0.8521,0.7033619255377811,0.8509613738641612,0.6957922866465686,0.8507809805195276,0.9969464622085014,0.9985060594132892,10,SGD,0.8522,0.3404074253613334,0.6159832317187022,63572937.466550164,1.572996372121651e-08,1.572996372121651e-09,6357293.746655016,1.5729963721216512e-07,635729.3746655016,1.5729963721216512e-05,1178427396,11784273960,127641.38655223395,,,,,,,
30539,vit_tiny_patch16_224,128,0.01,0.0,0.0,9,30539_vit_tiny_patch16_224,705.630503954133,89963.62680222001,0.7207,0.8533,0.7292976420417553,0.8526437924529366,0.7220196864864998,0.8536331906915003,0.9971787858353822,0.9985181807449,10,SGD,0.8525,0.3784263782093939,0.62014985980728,63481079.317992054,1.5752725233147953e-08,1.5752725233147953e-09,6348107.931799205,1.5752725233147953e-07,634810.7931799205,1.575272523314795e-05,1178427396,11784273960,130989.31622562378,,,,,,,
30541,vit_tiny_patch16_224,256,0.01,0.0,0.0,1,30541_vit_tiny_patch16_224,692.7605330820661,99925.78887890137,0.366,0.8516,0.3541480779445958,0.8512707477225063,0.367417337655961,0.8503729591047134,0.993595954709492,0.9985010089572376,10,SGD,0.848,0.0473189866020262,0.6155471323958969,69224642.7723937,1.444572279394691e-08,1.444572279394691e-09,6922464.277239371,1.4445722793946908e-07,692246.4277239371,1.444572279394691e-05,1178427396,11784273960,117930.25696580883,,,,,,,
30542,vit_tiny_patch16_224,256,0.01,0.0,0.0,2,30542_vit_tiny_patch16_224,697.9070764370263,100582.08414278652,0.3288,0.8486,0.3216668938664441,0.848675211215692,0.3312688956645414,0.8488800565939819,0.9932201961255588,0.9984707057410752,10,SGD,0.8502,0.0347988086584778,0.6104164131731833,70196948.28603512,1.424563352704805e-08,1.424563352704805e-09,7019694.828603512,1.424563352704805e-07,701969.4828603512,1.4245633527048049e-05,1178427396,11784273960,117160.76536325317,,,,,,,
30543,vit_tiny_patch16_224,256,0.01,0.0,0.0,3,30543_vit_tiny_patch16_224,697.3802042698953,100762.05802640364,0.3774,0.855,0.3796012380031105,0.8542167701557852,0.3796127723040002,0.8548452672908431,0.9937111053420477,0.9985353521917714,10,SGD,0.8494,0.05404188331602,0.6234263651520006,70269464.60910842,1.4230932390943231e-08,1.4230932390943231e-09,7026946.460910842,1.4230932390943232e-07,702694.6460910842,1.423093239094323e-05,1178427396,11784273960,116951.50129736388,,,,,,,
30544,vit_tiny_patch16_224,256,0.01,0.0,0.0,4,30544_vit_tiny_patch16_224,702.3384423300158,100891.31363265635,0.2727,0.8453,0.2639040802732796,0.8463182250047531,0.2766965734651587,0.8458208122336491,0.9926535298399992,0.9984373725646196,10,SGD,0.8475,0.0197666337384363,0.6041485787717777,70859848.06138895,1.411236443992452e-08,1.411236443992452e-09,7085984.806138894,1.4112364439924524e-07,708598.4806138894,1.4112364439924524e-05,1178427396,11784273960,116801.67038865558,,,,,,,
30545,vit_tiny_patch16_224,256,0.01,0.0,0.0,5,30545_vit_tiny_patch16_224,704.7022958751768,101142.23827077792,0.4398,0.8526,0.4297564062518777,0.8527802852042947,0.4433892201223308,0.8532733662991201,0.9943414082890748,0.9985111095712418,10,SGD,0.8439,0.0833293971659864,0.6194746959598992,71275167.51937138,1.4030131879075796e-08,1.4030131879075797e-09,7127516.751937138,1.4030131879075795e-07,712751.6751937137,1.4030131879075795e-05,1178427396,11784273960,116511.89613236708,,,,,,,
30546,vit_tiny_patch16_224,256,0.01,0.0,0.0,6,30546_vit_tiny_patch16_224,698.0940369060263,100536.98459731236,0.4435,0.8507,0.4375583390935964,0.8513376976949053,0.4459200546170537,0.8508104126030587,0.9943787844410064,0.9984919182696178,10,SGD,0.8461,0.0860475370004754,0.6152557027679918,70184269.43589677,1.4248207013301692e-08,1.4248207013301691e-09,7018426.943589678,1.424820701330169e-07,701842.6943589678,1.424820701330169e-05,1178427396,11784273960,117213.32211424837,,,,,,,
30547,vit_tiny_patch16_224,256,0.01,0.0,0.0,7,30547_vit_tiny_patch16_224,689.1644646390341,99648.73545300792,0.3723,0.8505,0.369582533470438,0.8504739600993078,0.3751051396926462,0.8508139286699865,0.9936595915851884,0.9984898979480414,10,SGD,0.848,0.0512855619273469,0.6144882816672298,68674367.42042895,1.4561473771981544e-08,1.4561473771981545e-09,6867436.7420428945,1.4561473771981545e-07,686743.6742042894,1.4561473771981544e-05,1178427396,11784273960,118258.13851453435,,,,,,,
30548,vit_tiny_patch16_224,256,0.01,0.0,0.0,8,30548_vit_tiny_patch16_224,694.3535249240231,100194.78596145372,0.3373,0.848,0.3196336317021953,0.84695074284008,0.3367940813493343,0.8466742222028644,0.993306055261574,0.9984646452388098,10,SGD,0.8485,0.0360675252320365,0.6071598352883252,69570602.81134342,1.4373887239582047e-08,1.4373887239582046e-09,6957060.28113434,1.437388723958205e-07,695706.028113434,1.437388723958205e-05,1178427396,11784273960,117613.64473130937,,,,,,,
30549,vit_tiny_patch16_224,256,0.01,0.0,0.0,9,30549_vit_tiny_patch16_224,689.160866642138,99675.66588138648,0.4096,0.8481,0.4169781711344441,0.8480710290569508,0.4115849726149265,0.8482796503419593,0.9940363593168984,0.9984656554543307,10,SGD,0.8505,0.0698771281958272,0.6091881830135307,68692568.28194849,1.4557615547223424e-08,1.4557615547223423e-09,6869256.828194848,1.4557615547223425e-07,686925.6828194848,1.4557615547223425e-05,1178427396,11784273960,118226.18746307875,,,,,,,
30551,vit_tiny_patch16_224,64,0.01,0.0,0.0,1,30551_vit_tiny_patch16_224,711.8029022261035,88893.27918302832,0.7884,0.8598,0.794776365023252,0.8586057803458285,0.7874309137118787,0.8592904338532361,0.9978626246317484,0.998583837303266,10,SGD,0.8582,0.4923509454414418,0.6334549849392598,63274494.11087483,1.580415638326111e-08,1.5804156383261111e-09,6327449.411087483,1.580415638326111e-07,632744.9411087483,1.580415638326111e-05,1178427396,11784273960,132566.53448160653,,,,,,,
30552,vit_tiny_patch16_224,64,0.01,0.0,0.0,2,30552_vit_tiny_patch16_224,698.0546828780789,89087.49825749568,0.7849,0.8612,0.7929378082333494,0.8610612281308664,0.7852581971470645,0.8616499347972519,0.9978272708382118,0.998597978579004,10,SGD,0.857,0.4876646807670057,0.6380571761503985,62187945.344537556,1.6080286853983313e-08,1.6080286853983314e-09,6218794.534453754,1.6080286853983317e-07,621879.4534453754,1.6080286853983314e-05,1178427396,11784273960,132277.52704357135,,,,,,,
30553,vit_tiny_patch16_224,64,0.01,0.0,0.0,3,30553_vit_tiny_patch16_224,708.1793638060335,88663.14077772241,0.7899,0.8611,0.8003388181379969,0.8600689287299238,0.7896613115657591,0.8604166540790337,0.9978777758309736,0.9985969684099107,10,SGD,0.8552,0.4981546707335518,0.6363351284658869,62789406.62901224,1.592625338711106e-08,1.5926253387111062e-09,6278940.662901225,1.5926253387111061e-07,627894.0662901225,1.592625338711106e-05,1178427396,11784273960,132910.63069312033,,,,,,,
30554,vit_tiny_patch16_224,64,0.01,0.0,0.0,4,30554_vit_tiny_patch16_224,710.0721744238399,88713.93059716212,0.7743,0.855,0.7863536889399455,0.8551873644654552,0.7753978739475705,0.8555982792415778,0.9977202003092092,0.9985353524361336,10,SGD,0.8567,0.4710430049794445,0.6246845113513819,62993293.60081253,1.5874705747836962e-08,1.5874705747836963e-09,6299329.360081254,1.5874705747836962e-07,629932.9360081253,1.5874705747836962e-05,1178427396,11784273960,132834.53771776592,,,,,,,
30555,vit_tiny_patch16_224,64,0.01,0.0,0.0,5,30555_vit_tiny_patch16_224,704.2257678268943,88291.43369207281,0.783,0.8616,0.801361582829322,0.8610945766296975,0.7851271843206017,0.8624811653302693,0.997808078541109,0.9986020187561728,10,SGD,0.8561,0.4915608778076543,0.6389966829797391,62177102.684337296,1.608309099053444e-08,1.6083090990534441e-09,6217710.268433729,1.6083090990534442e-07,621771.026843373,1.608309099053444e-05,1178427396,11784273960,133470.1846738507,,,,,,,
30556,vit_tiny_patch16_224,64,0.01,0.0,0.0,6,30556_vit_tiny_patch16_224,709.9185365119483,88681.03694407405,0.7847,0.8522,0.7959650570706124,0.8522445724880324,0.7850790446635915,0.8523033455743506,0.9978252511952356,0.9985070697940356,10,SGD,0.8529,0.4892890883154915,0.6180891376775459,62956311.96369907,1.5884030827228332e-08,1.5884030827228332e-09,6295631.196369906,1.5884030827228336e-07,629563.1196369906,1.5884030827228336e-05,1178427396,11784273960,132883.8088286186,,,,,,,
30557,vit_tiny_patch16_224,64,0.01,0.0,0.0,7,30557_vit_tiny_patch16_224,709.911265122937,88523.48163871189,0.7841,0.8569,0.7960299973673467,0.8565023349916473,0.7843148749023103,0.8574739723773174,0.9978191904145964,0.9985545444572894,10,SGD,0.8535,0.4884759560924518,0.6284220759143014,62843816.84322505,1.5912464427402237e-08,1.5912464427402237e-09,6284381.684322505,1.5912464427402233e-07,628438.1684322505,1.5912464427402236e-05,1178427396,11784273960,133120.31725203476,,,,,,,
30558,vit_tiny_patch16_224,64,0.01,0.0,0.0,8,30558_vit_tiny_patch16_224,710.3070450688247,88662.23224486488,0.7839,0.8596,0.7938305990517104,0.8586725185606565,0.7827420512032162,0.8586739310277381,0.9978171699743869,0.9985818170495322,10,SGD,0.8591,0.4860244735423312,0.632901175735723,62977408.195055835,1.587870997966072e-08,1.587870997966072e-09,6297740.819505584,1.587870997966072e-07,629774.0819505585,1.5878709979660718e-05,1178427396,11784273960,132911.99264478838,,,,,,,
30559,vit_tiny_patch16_224,64,0.01,0.0,0.0,9,30559_vit_tiny_patch16_224,711.1482341361698,88999.37746692625,0.7916,0.8566,0.8006340786002657,0.8566465775048208,0.7923387060888506,0.8572646849428245,0.99789494797026,0.9985515141023766,10,SGD,0.858,0.5011128657112144,0.6281526004522536,63291750.12482302,1.5799847500311105e-08,1.5799847500311105e-09,6329175.012482302,1.5799847500311103e-07,632917.5012482302,1.5799847500311102e-05,1178427396,11784273960,132408.49874909795,,,,,,,
30561,vit_small_patch32_224,128,0.01,0.0,0.0,1,30561_vit_small_patch32_224,639.6479922858998,76596.90705779364,0.8155,0.8748,0.815706071175423,0.8745197123999007,0.8152927931327689,0.8736968508079547,0.9981363622143552,0.9987353525703918,10,SGD,0.8733,0.5413288093251177,0.667558870222614,48995057.81482737,2.041022185909882e-08,2.041022185909882e-09,4899505.781482737,2.041022185909882e-07,489950.5781482737,2.041022185909882e-05,1137790752,11377907520,148542.649527809,,,,,,,
30562,vit_small_patch32_224,128,0.01,0.0,0.0,2,30562_vit_small_patch32_224,644.5333707288373,76951.05719041367,0.8171,0.8757,0.8206594007355585,0.8751546774382093,0.8178471796699732,0.8762258092514996,0.9981525236462526,0.9987444433528112,10,SGD,0.8747,0.5474030700196313,0.6706726331318703,49597524.27208486,2.0162296700822088e-08,2.0162296700822087e-09,4959752.427208486,2.0162296700822087e-07,495975.2427208486,2.0162296700822088e-05,1137790752,11377907520,147859.01500801506,,,,,,,
30563,vit_small_patch32_224,128,0.01,0.0,0.0,3,30563_vit_small_patch32_224,641.3078074210789,76685.89935446964,0.8178,0.8771,0.820748580113071,0.8766737606422366,0.8172633724951973,0.8766017780862546,0.9981595942713156,0.998758584719784,10,SGD,0.8732,0.5475443063573108,0.6732091212704087,49179265.97512846,2.033377237687387e-08,2.033377237687387e-09,4917926.597512845,2.0333772376873872e-07,491792.6597512845,2.033377237687387e-05,1137790752,11377907520,148370.26905568707,,,,,,,
30564,vit_small_patch32_224,128,0.01,0.0,0.0,4,30564_vit_small_patch32_224,641.5530284740962,76589.71052461884,0.8066,0.8737,0.8127930692753516,0.8737577613132708,0.8076363353077788,0.874276321837843,0.9980464631803324,0.9987242414667838,10,SGD,0.8726,0.5284511153011603,0.6665729566720161,49136360.73702358,2.0351527565339482e-08,2.035152756533948e-09,4913636.073702358,2.0351527565339483e-07,491363.6073702357,2.0351527565339486e-05,1137790752,11377907520,148556.6069131794,,,,,,,
30565,vit_small_patch32_224,128,0.01,0.0,0.0,5,30565_vit_small_patch32_224,640.0318621790502,76527.94682418372,0.8164,0.8797,0.8241896014946277,0.880176792450738,0.8180000224318122,0.8803838757237068,0.9981454526274084,0.9987848472280896,10,SGD,0.8751,0.5493856039874137,0.6808454353449572,48980324.314621635,2.041636134494682e-08,2.0416361344946822e-09,4898032.431462164,2.0416361344946819e-07,489803.2431462164,2.041636134494682e-05,1137790752,11377907520,148676.50305763134,,,,,,,
30566,vit_small_patch32_224,128,0.01,0.0,0.0,6,30566_vit_small_patch32_224,639.7161899891216,76526.27298126396,0.8131,0.8738,0.8182387511792609,0.8741583982372235,0.8130860758157864,0.8738857720516533,0.9981121200575456,0.9987252517456512,10,SGD,0.874,0.5399329823758724,0.6666576605133799,48955095.78564164,2.0426882716738478e-08,2.042688271673848e-09,4895509.578564163,2.0426882716738482e-07,489550.95785641635,2.042688271673848e-05,1137790752,11377907520,148679.7550272136,,,,,,,
30567,vit_small_patch32_224,128,0.01,0.0,0.0,7,30567_vit_small_patch32_224,634.5198610541411,76056.51297247344,0.8145,0.8749,0.8179652683971232,0.8756970221397977,0.8151587618440364,0.87524530019889,0.9981262613335232,0.9987363627645486,10,SGD,0.8768,0.5420678317150517,0.6697194919430406,48259368.043556325,2.072136541650221e-08,2.0721365416502213e-09,4825936.804355633,2.0721365416502206e-07,482593.6804355633,2.072136541650221e-05,1137790752,11377907520,149598.06958436183,,,,,,,
30568,vit_small_patch32_224,128,0.01,0.0,0.0,8,30568_vit_small_patch32_224,637.1679344379809,76377.909134745,0.807,0.8796,0.8089904026717152,0.8784693431881421,0.8053775174954555,0.8781857582302349,0.9980505034940153,0.9987838374128468,10,SGD,0.8729,0.5247699091131789,0.6777503123541495,48665554.600077264,2.0548414750798142e-08,2.054841475079814e-09,4866555.460007727,2.0548414750798137e-07,486655.5460007727,2.054841475079814e-05,1137790752,11377907520,148968.5649803169,,,,,,,
30569,vit_small_patch32_224,128,0.01,0.0,0.0,9,30569_vit_small_patch32_224,643.5932568649296,76772.48537987316,0.8133,0.8812,0.8191967767595294,0.8811657590399268,0.8141871593695348,0.8813038278977302,0.9981141400482128,0.9987999991308394,10,SGD,0.874,0.5414314315378081,0.6834964935822789,49410253.90324776,2.0238714052312723e-08,2.023871405231272e-09,4941025.390324775,2.0238714052312726e-07,494102.53903247754,2.0238714052312726e-05,1137790752,11377907520,148202.9331693729,,,,,,,
30581,vit_small_patch32_224,256,0.01,0.0,0.0,1,30581_vit_small_patch32_224,633.804097722983,86119.79859640944,0.5703,0.874,0.5864077308479184,0.8731457484996207,0.5700597236702665,0.8728014742030764,0.9956595926477424,0.9987272717561452,10,SGD,0.8697,0.189816647618288,0.665212737578782,54583081.2454823,1.8320695299383952e-08,1.8320695299383951e-09,5458308.12454823,1.8320695299383952e-07,545830.812454823,1.8320695299383953e-05,1137790752,11377907520,132117.2100427366,,,,,,,
30582,vit_small_patch32_224,256,0.01,0.0,0.0,2,30582_vit_small_patch32_224,633.1986770809162,86497.66118638511,0.5959,0.8729,0.5955388877102644,0.8724430396678787,0.599526128725931,0.8736141746510251,0.9959181782692764,0.9987161604999384,10,SGD,0.8709,0.2118923540248319,0.6644515594591817,54770204.63381237,1.825810231467805e-08,1.825810231467805e-09,5477020.463381237,1.8258102314678048e-07,547702.0463381237,1.825810231467805e-05,1137790752,11377907520,131540.0597419957,,,,,,,
30583,vit_small_patch32_224,256,0.01,0.0,0.0,3,30583_vit_small_patch32_224,629.4438944170251,86051.72669226553,0.5813,0.8771,0.5915996782073264,0.8760696882146548,0.5821780928860165,0.8768450149663995,0.995770703190998,0.9987585847197844,10,SGD,0.8729,0.1993624929939819,0.6729319176090743,54164733.970489085,1.8462197202793174e-08,1.8462197202793174e-09,5416473.397048908,1.8462197202793176e-07,541647.3397048909,1.8462197202793175e-05,1137790752,11377907520,132221.72241457956,,,,,,,
30584,vit_small_patch32_224,256,0.01,0.0,0.0,4,30584_vit_small_patch32_224,635.4898729359265,86733.282433437,0.5484,0.8699,0.5476393713671935,0.8695713741838973,0.5522899940929421,0.8704174442648897,0.995438380414882,0.9986858575995928,10,SGD,0.8711,0.1651101097282367,0.6575534360873584,55118122.6329407,1.8142853062313152e-08,1.8142853062313152e-09,5511812.263294071,1.8142853062313148e-07,551181.2263294071,1.8142853062313148e-05,1137790752,11377907520,131182.71557094494,,,,,,,
30585,vit_small_patch32_224,256,0.01,0.0,0.0,5,30585_vit_small_patch32_224,621.2252448701765,85252.59410140944,0.5813,0.8761,0.5894353177275646,0.8769015279279395,0.5856415555565609,0.876725665947195,0.9957707026966004,0.998748483554117,10,SGD,0.8719,0.1998148250982438,0.6727045430491827,52961063.646465845,1.888179600537028e-08,1.888179600537028e-09,5296106.364646586,1.8881796005370277e-07,529610.6364646585,1.888179600537028e-05,1137790752,11377907520,133461.12971607386,,,,,,,
30586,vit_small_patch32_224,256,0.01,0.0,0.0,6,30586_vit_small_patch32_224,631.8752767120022,86478.6732760026,0.589,0.8707,0.602820046093393,0.8714791775403613,0.5914020500347117,0.8707995154602206,0.9958484823095304,0.998693938595188,10,SGD,0.8706,0.209112056023701,0.6598969970470344,54643735.60596098,1.8300359389977576e-08,1.8300359389977575e-09,5464373.560596098,1.8300359389977575e-07,546437.3560596098,1.8300359389977577e-05,1137790752,11377907520,131568.9416705854,,,,,,,
30587,vit_small_patch32_224,256,0.01,0.0,0.0,7,30587_vit_small_patch32_224,615.3032230711542,84563.41531014469,0.5316,0.875,0.535615968054546,0.8753913520984709,0.5347869161585211,0.8750624070100982,0.9952686836044324,0.9987373728662554,10,SGD,0.8736,0.1515512772142902,0.6694230054754458,52032141.99423661,1.9218889741474913e-08,1.9218889741474915e-09,5203214.1994236605,1.9218889741474915e-07,520321.4199423661,1.9218889741474915e-05,1137790752,11377907520,134548.81733750226,,,,,,,
30588,vit_small_patch32_224,256,0.01,0.0,0.0,8,30588_vit_small_patch32_224,621.4980804128572,85173.68849887872,0.5332,0.8787,0.5362006863455023,0.877746744392751,0.5303621735898484,0.877470502705344,0.9952848447202396,0.9987747464964976,10,SGD,0.8745,0.1509167483033864,0.6759427786050818,52935283.90373578,1.8890991532576393e-08,1.8890991532576392e-09,5293528.390373578,1.8890991532576392e-07,529352.8390373578,1.8890991532576392e-05,1137790752,11377907520,133584.7691995843,,,,,,,
30589,vit_small_patch32_224,256,0.01,0.0,0.0,9,30589_vit_small_patch32_224,629.5705036649015,85853.67583293072,0.592,0.8776,0.6043044459545637,0.8776219480693739,0.5965845128993118,0.8776121868307495,0.9958787848937914,0.9987636354681374,10,SGD,0.8745,0.2125474759293211,0.6751020973629567,54050941.93562137,1.8501065183860683e-08,1.8501065183860682e-09,5405094.193562138,1.8501065183860682e-07,540509.4193562138,1.8501065183860684e-05,1137790752,11377907520,132526.73702802366,,,,,,,
30571,vit_small_patch32_224,64,0.01,0.0,0.0,1,30571_vit_small_patch32_224,684.0626240379643,80328.1381368912,0.8431,0.8756,0.8445813904326548,0.8753429553559516,0.8431142391115167,0.8745541753975316,0.9984151503058664,0.9987434333846384,10,SGD,0.8751,0.5994019945883854,0.6694600233533886,54949476.95800586,1.8198535370304468e-08,1.8198535370304468e-09,5494947.695800587,1.8198535370304466e-07,549494.7695800586,1.8198535370304466e-05,1137790752,11377907520,141642.86368259077,,,,,,,
30572,vit_small_patch32_224,64,0.01,0.0,0.0,2,30572_vit_small_patch32_224,677.0169115660246,80611.063577469,0.8495,0.877,0.8524873711031294,0.8763951287809907,0.8498060341917965,0.8771133239006151,0.99847979665807,0.9987575746773596,10,SGD,0.8754,0.6144837882206261,0.673310431029069,54575053.30127052,1.8323390258177168e-08,1.8323390258177168e-09,5457505.330127053,1.8323390258177166e-07,545750.5330127053,1.8323390258177168e-05,1137790752,11377907520,141145.7313060456,,,,,,,
30573,vit_small_patch32_224,64,0.01,0.0,0.0,3,30573_vit_small_patch32_224,671.034002212109,79954.0509523536,0.8487,0.8799,0.850506363380453,0.8788028077798806,0.8483008053399349,0.8794534138177735,0.9984717157697586,0.998786867574012,10,SGD,0.8786,0.6113887113456158,0.679219922708667,53651886.80362873,1.8638673485242002e-08,1.8638673485242003e-09,5365188.680362873,1.8638673485242003e-07,536518.8680362873,1.8638673485242002e-05,1137790752,11377907520,142305.5790729146,,,,,,,
30574,vit_small_patch32_224,64,0.01,0.0,0.0,4,30574_vit_small_patch32_224,663.6620438380633,79270.46126457192,0.84,0.874,0.8446514489448254,0.8738243549776648,0.8402680242408651,0.8744751409155026,0.9983838371709058,0.9987272717720884,10,SGD,0.8763,0.5952127096502348,0.6670063291823926,52608796.33883182,1.900822808336856e-08,1.900822808336856e-09,5260879.633883182,1.900822808336856e-07,526087.9633883182,1.900822808336856e-05,1137790752,11377907520,143532.75278700932,,,,,,,
30575,vit_small_patch32_224,64,0.01,0.0,0.0,5,30575_vit_small_patch32_224,666.3025449831039,79561.50138021383,0.8396,0.8809,0.8539215530347702,0.8812900967758739,0.841724510571866,0.8814269144837822,0.9983797963041192,0.9987969684527468,10,SGD,0.8748,0.6024987675152668,0.6834535804421904,53012030.852313206,1.8863642534011023e-08,1.886364253401102e-09,5301203.085231321,1.8863642534011023e-07,530120.3085231321,1.8863642534011022e-05,1137790752,11377907520,143007.7025020744,,,,,,,
30576,vit_small_patch32_224,64,0.01,0.0,0.0,6,30576_vit_small_patch32_224,670.8700977629051,80008.63437688272,0.8423,0.8732,0.8475914864032649,0.8733518475305013,0.842549260636146,0.8732288629553894,0.9984070697328782,0.9987191911358844,10,SGD,0.8767,0.6005599074326137,0.6650808569060837,53675400.36629584,1.8630508448483334e-08,1.8630508448483336e-09,5367540.036629583,1.8630508448483336e-07,536754.0036629583,1.8630508448483338e-05,1137790752,11377907520,142208.49547817645,,,,,,,
30577,vit_small_patch32_224,64,0.01,0.0,0.0,7,30577_vit_small_patch32_224,674.3848852610681,80362.62722324376,0.8392,0.8795,0.8471512720573375,0.8794604437617299,0.8397006837675244,0.8797478840484186,0.998375756455151,0.99878282744307,10,SGD,0.8764,0.5959982380231693,0.6796439449469935,54195341.13922524,1.8451770557750488e-08,1.8451770557750488e-09,5419534.113922523,1.845177055775049e-07,541953.4113922523,1.845177055775049e-05,1137790752,11377907520,141582.07506572283,,,,,,,
30578,vit_small_patch32_224,64,0.01,0.0,0.0,8,30578_vit_small_patch32_224,673.5115330200642,80166.30625554228,0.8429,0.8815,0.8479848876342346,0.880366635492321,0.8419856331491259,0.8801752823375049,0.9984131300461646,0.9988030293473616,10,SGD,0.8755,0.6008680768993696,0.6822364375164637,53992931.82272625,1.852094276493962e-08,1.852094276493962e-09,5399293.182272624,1.8520942764939625e-07,539929.3182272625,1.8520942764939624e-05,1137790752,11377907520,141928.79841228048,,,,,,,
30579,vit_small_patch32_224,64,0.01,0.0,0.0,9,30579_vit_small_patch32_224,678.7360067639966,80641.5518641536,0.8466,0.8825,0.8524414365605972,0.8821155084660931,0.8469451165235969,0.8827640176639779,0.9984505039282048,0.9988131304534816,10,SGD,0.8762,0.6102736591238865,0.6863869803987965,54734324.89152734,1.827007096519055e-08,1.827007096519055e-09,5473432.489152735,1.8270070965190545e-07,547343.2489152735,1.8270070965190548e-05,1137790752,11377907520,141092.36810282234,,,,,,,
304711,vit_small_patch16_224,128,0.03,0.0,0.0,11,304711_vit_small_patch16_224,974.935742686,165560.17688535096,0.8583,0.9011,0.865422819375697,0.902211670720977,0.8590914189510602,0.9017750568490408,0.998568685519101,0.999001009159062,10,SGD,0.9022,0.6372132221276837,0.7323953458762975,161410534.01094517,6.195382514081705e-09,6.195382514081705e-10,16141053.401094517,6.195382514081704e-08,1614105.3401094517,6.195382514081705e-06,4448370696,44483706960,268686.03185175743,,,,,,,
304712,vit_small_patch16_224,128,0.03,0.0,0.0,12,304712_vit_small_patch16_224,960.3160994129998,162999.72431203644,0.8713,0.9049,0.8734808740302321,0.9052294651694224,0.8720854089398632,0.9056565352863934,0.998699998867456,0.9990393931025258,10,SGD,0.9079,0.662849882578236,0.7411487979536708,156531259.45672914,6.388500312785357e-09,6.388500312785357e-10,15653125.945672916,6.388500312785357e-08,1565312.5945672917,6.388500312785356e-06,4448370696,44483706960,272906.63924586267,,,,,,,
304713,vit_small_patch16_224,128,0.03,0.0,0.0,13,304713_vit_small_patch16_224,960.143094466,163125.4418945489,0.8564,0.9018,0.8615880230716246,0.9022989422385596,0.8570417260904493,0.9025407635648832,0.99854949386784,0.9990080800683976,10,SGD,0.9043,0.6314629501855096,0.7336628121621118,156623766.56676584,6.384727055926843e-09,6.384727055926843e-10,15662376.656676585,6.384727055926843e-08,1566237.6656676584,6.384727055926843e-06,4448370696,44483706960,272696.31544511695,,,,,,,
304714,vit_small_patch16_224,128,0.03,0.0,0.0,14,304714_vit_small_patch16_224,940.2208447450002,161414.69439523897,0.8668,0.9006,0.8717576365834254,0.899950438168774,0.8656158957473279,0.9001646935946057,0.9986545443496684,0.9989959587714492,10,SGD,0.9021,0.6532135255369972,0.7288467838400354,151765460.31854764,6.589114531732406e-09,6.589114531732406e-10,15176546.031854764,6.589114531732406e-08,1517654.6031854763,6.589114531732406e-06,4448370696,44483706960,275586.4769726447,,,,,,,
304715,vit_small_patch16_224,128,0.03,0.0,0.0,15,304715_vit_small_patch16_224,959.1117738960002,162903.7547300653,0.8672,0.9024,0.8713074503203235,0.90241206732609,0.8667747865058436,0.9021460129107952,0.998658584867563,0.9990141406857994,10,SGD,0.9068,0.6540546026856832,0.7339262994644362,156242909.17347184,6.400290453435745e-09,6.400290453435745e-10,15624290.917347185,6.400290453435745e-08,1562429.0917347185,6.400290453435745e-06,4448370696,44483706960,273067.4135394262,,,,,,,
304716,vit_small_patch16_224,128,0.03,0.0,0.0,16,304716_vit_small_patch16_224,956.6099754300004,162561.23017896383,0.8614,0.9005,0.8701630035220198,0.901284391069384,0.8621696914589176,0.9005009183723598,0.998599998939019,0.9989949487332784,10,SGD,0.9043,0.6453417982964836,0.7301179391821002,155507694.40736923,6.43054997253314e-09,6.43054997253314e-10,15550769.440736922,6.43054997253314e-08,1555076.9440736922,6.43054997253314e-06,4448370696,44483706960,273642.7800837127,,,,,,,
304717,vit_small_patch16_224,128,0.03,0.0,0.0,17,304717_vit_small_patch16_224,963.1068518819992,163591.5620949282,0.8583,0.899,0.8650755153406334,0.8990068948563353,0.8588220177992314,0.8989802995628957,0.9985686860761488,0.998979797414898,10,SGD,0.9036,0.636757759039157,0.725821108607614,157556154.3637049,6.346943437649446e-09,6.346943437649446e-10,15755615.436370488,6.346943437649447e-08,1575561.543637049,6.3469434376494465e-06,4448370696,44483706960,271919.3238963461,,,,,,,
304718,vit_small_patch16_224,128,0.03,0.0,0.0,18,304718_vit_small_patch16_224,958.8896485639998,163111.05401152463,0.8657,0.9043,0.8700970123972154,0.9040773161115878,0.8651994073794219,0.9041684609714704,0.9986434333000788,0.9990333325898552,10,SGD,0.901,0.6508213012305402,0.7384947905999553,156405501.25801444,6.393637000979584e-09,6.393637000979583e-10,15640550.125801444,6.393637000979585e-08,1564055.0125801445,6.393637000979584e-06,4448370696,44483706960,272720.3697479449,,,,,,,
304719,vit_small_patch16_224,128,0.03,0.0,0.0,19,304719_vit_small_patch16_224,948.5841346859996,161990.74472476283,0.8622,0.8995,0.8665271418296807,0.9000973770765474,0.8640303782343517,0.8999768236835004,0.998608079841912,0.9989848477802042,10,SGD,0.9041,0.644635586481521,0.7279153713863385,153661850.4118798,6.5077961596816005e-09,6.5077961596816e-10,15366185.041187981,6.5077961596816e-08,1536618.504118798,6.5077961596816005e-06,4448370696,44483706960,274606.4723363172,,,,,,,
304811,vit_small_patch16_224,256,0.03,0.0,0.0,11,304811_vit_small_patch16_224,946.7039110749992,161615.86578697248,0.8514,0.9066,0.85529370925149,0.9069872093324228,0.852327642750414,0.9069302661031646,0.9984989884836868,0.999056564767001,10,SGD,0.9079,0.6197308655244067,0.745042162605959,153002372.232299,6.535846375517168e-09,6.535846375517168e-10,15300237.2232299,6.535846375517168e-08,1530023.72232299,6.535846375517168e-06,4448370696,44483706960,275243.44063245883,,,,,,,
304821,vit_small_patch16_224,256,0.03,0.0,0.0,12,304821_vit_small_patch16_224,952.219359572,162122.31369048887,0.853,0.9061,0.8543551272387796,0.9065758576048392,0.853797325598297,0.9069814187740796,0.9985151502215698,0.9990515143252068,10,SGD,0.9061,0.6212936431233373,0.7443317630224184,154376005.7146882,6.47769059298089e-09,6.47769059298089e-10,15437600.571468819,6.477690592980891e-08,1543760.057146882,6.477690592980891e-06,4448370696,44483706960,274383.61782157136,,,,,,,
304813,vit_small_patch16_224,256,0.03,0.0,0.0,13,304813_vit_small_patch16_224,955.2539087179994,162459.70298534233,0.8445,0.9035,0.8476985070014442,0.9039979859096988,0.8458526807981699,0.9041469045645986,0.9984292917580024,0.9990252517983744,10,SGD,0.9035,0.6045790808932053,0.7377531718301928,155190266.2859135,6.443703100281163e-09,6.443703100281163e-10,15519026.628591351,6.443703100281162e-08,1551902.662859135,6.443703100281162e-06,4448370696,44483706960,273813.78977415385,,,,,,,
304814,vit_small_patch16_224,256,0.03,0.0,0.0,14,304814_vit_small_patch16_224,951.705081508,162063.5174994701,0.848,0.9054,0.8504428421377406,0.9047113140956102,0.847418364557997,0.9047703597344636,0.9984646452038258,0.9990444436597494,10,SGD,0.9053,0.6101990755841328,0.740412402822936,154236673.13130638,6.483542335931154e-09,6.483542335931154e-10,15423667.313130638,6.483542335931155e-08,1542366.7313130638,6.483542335931154e-06,4448370696,44483706960,274483.16343093966,,,,,,,
304815,vit_small_patch16_224,256,0.03,0.0,0.0,15,304815_vit_small_patch16_224,957.1244054580002,162664.7597314488,0.8504,0.9061,0.850635479069048,0.905981604594379,0.8494478958243296,0.9055984460816332,0.9984888877724956,0.9990515144507842,10,SGD,0.9091,0.6135454292174898,0.7427096405666962,155690411.4469314,6.423003129777583e-09,6.423003129777583e-10,15569041.14469314,6.423003129777583e-08,1556904.114469314,6.423003129777583e-06,4448370696,44483706960,273468.6175016661,,,,,,,
304816,vit_small_patch16_224,256,0.03,0.0,0.0,16,304816_vit_small_patch16_224,955.7414467469988,162502.73038395,0.849,0.9029,0.8552350902204333,0.9038365043707745,0.849239870756856,0.9028932394186536,0.9984747463188444,0.9990191911758928,10,SGD,0.9056,0.6156879622705733,0.7361049921339905,155310594.63749385,6.43871078038219e-09,6.43871078038219e-10,15531059.463749386,6.438710780382189e-08,1553105.9463749386,6.438710780382189e-06,4448370696,44483706960,273741.28948416456,,,,,,,
304817,vit_small_patch16_224,256,0.03,0.0,0.0,17,304817_vit_small_patch16_224,949.316542380002,161788.47121476397,0.8475,0.9015,0.8561889028225174,0.9016188045821396,0.8483980698220677,0.90147278822667,0.9984595951066528,0.9990050499541332,10,SGD,0.9052,0.6146663922646174,0.7319964878594503,153588472.09054622,6.510905319837169e-09,6.510905319837169e-10,15358847.209054621,6.51090531983717e-08,1535884.720905462,6.51090531983717e-06,4448370696,44483706960,274949.79479069734,,,,,,,
304818,vit_small_patch16_224,256,0.03,0.0,0.0,18,304818_vit_small_patch16_224,953.5680923610016,162246.31024950324,0.8489,0.9025,0.8544059348119316,0.9019957420748146,0.8479164224388568,0.9021907086358772,0.9984737361998652,0.9990151507576894,10,SGD,0.902,0.6140595392443222,0.7337060881717749,154712904.55723003,6.463584940518578e-09,6.463584940518578e-10,15471290.455723003,6.463584940518577e-08,1547129.0455723002,6.4635849405185775e-06,4448370696,44483706960,274173.9204521368,,,,,,,
304819,vit_small_patch16_224,256,0.03,0.0,0.0,19,304819_vit_small_patch16_224,955.9809076430028,162530.49722406192,0.842,0.899,0.8483489978003123,0.8995285807489641,0.8436392666511772,0.9000165098567785,0.9984040392962416,0.9989797972716482,10,SGD,0.9067,0.601658085613235,0.7270793998976638,155376052.25592726,6.4359982473544414e-09,6.435998247354441e-10,15537605.225592725,6.435998247354443e-08,1553760.5225592726,6.435998247354442e-06,4448370696,44483706960,273694.5233033741,,,,,,,
304911,vit_small_patch16_224,64,0.03,0.0,0.0,11,304911_vit_small_patch16_224,937.1548497879994,161711.71783374276,0.8312,0.9003,0.8475768770079466,0.9007559521168772,0.8322818850732316,0.900840324552588,0.9982949478872564,0.9989929283433616,10,SGD,0.9038,0.5853477455965191,0.7298012839144111,151548920.63544053,6.598529344894223e-09,6.598529344894223e-10,15154892.063544055,6.598529344894221e-08,1515489.2063544055,6.598529344894222e-06,4448370696,44483706960,275080.2944640913,,,,,,,
304912,vit_small_patch16_224,64,0.03,0.0,0.0,12,304912_vit_small_patch16_224,948.664900218002,163021.97631596363,0.8438,0.8969,0.8554438112573581,0.8969652353447334,0.8455517970475387,0.8977299150663705,0.9984222208476816,0.9989585849513184,10,SGD,0.9043,0.6093761669953323,0.7214609277231386,154653226.89512512,6.466079111806243e-09,6.466079111806243e-10,15465322.689512514,6.466079111806243e-08,1546532.2689512514,6.466079111806242e-06,4448370696,44483706960,272869.38831966557,,,,,,,
304913,vit_small_patch16_224,64,0.03,0.0,0.0,13,304913_vit_small_patch16_224,950.9330314489998,163098.64488040705,0.8339,0.9012,0.8458961556911042,0.9018962902959708,0.8348135258248953,0.9022083927880848,0.998322220971088,0.9990020194578176,10,SGD,0.9023,0.5878834578152023,0.7325731762377089,155095888.80134937,6.447624161597375e-09,6.447624161597375e-10,15509588.880134935,6.447624161597377e-08,1550958.8880134935,6.4476241615973765e-06,4448370696,44483706960,272741.1192938967,,,,,,,
304914,vit_small_patch16_224,64,0.03,0.0,0.0,14,304914_vit_small_patch16_224,946.003460529002,162845.90744999473,0.8422,0.8965,0.8504286275700692,0.8963027160203175,0.8416353462255758,0.8960968852417953,0.9984060592971296,0.998954544596026,10,SGD,0.9001,0.6018444814323027,0.7192927800841916,154052791.9806806,6.491281249387596e-09,6.491281249387596e-10,15405279.198068062,6.491281249387597e-08,1540527.9198068061,6.491281249387596e-06,4448370696,44483706960,273164.4144858824,,,,,,,
304915,vit_small_patch16_224,64,0.03,0.0,0.0,15,304915_vit_small_patch16_224,949.1735680189996,163095.49060386335,0.8427,0.8972,0.8533991877901823,0.8973839452660729,0.8415817386718909,0.8968030137477786,0.9984111099372566,0.9989616153944688,10,SGD,0.9027,0.6042698523341697,0.7212958283641346,154805928.7442782,6.45970091786269e-09,6.45970091786269e-10,15480592.87442782,6.45970091786269e-08,1548059.287442782,6.4597009178626895e-06,4448370696,44483706960,272746.39412345766,,,,,,,
304916,vit_small_patch16_224,64,0.03,0.0,0.0,16,304916_vit_small_patch16_224,951.4875201470022,163382.8972408398,0.8342,0.8973,0.8476860370432933,0.8979977177641456,0.8347737570948687,0.8972674891605651,0.9983252512560558,0.9989626254764592,10,SGD,0.9062,0.5893130506069328,0.7222442167184351,155456787.73011917,6.432655753417795e-09,6.432655753417795e-10,15545678.773011917,6.432655753417795e-08,1554567.8773011917,6.432655753417796e-06,4448370696,44483706960,272266.6063047429,,,,,,,
304917,vit_small_patch16_224,64,0.03,0.0,0.0,17,304917_vit_small_patch16_224,950.521023129997,163190.6655303355,0.841,0.8992,0.8497484976091282,0.8992537781262121,0.841775692380093,0.8993468349722203,0.9983939385046416,0.9989818176180368,10,SGD,0.9027,0.6005991558898324,0.7264794999105938,155116158.36515966,6.446781628293652e-09,6.446781628293653e-10,15511615.836515965,6.446781628293652e-08,1551161.5836515964,6.4467816282936525e-06,4448370696,44483706960,272587.32486590004,,,,,,,
304918,vit_small_patch16_224,64,0.03,0.0,0.0,18,304918_vit_small_patch16_224,944.3908291039988,162681.8954206795,0.8358,0.9015,0.8426799558574509,0.9012478406989872,0.8348878354511662,0.9011117714016958,0.9983414128657702,0.9990050497398196,10,SGD,0.9002,0.5870461588049092,0.7314022882888209,153635290.09654555,6.508921220974638e-09,6.508921220974638e-10,15363529.009654555,6.508921220974638e-08,1536352.9009654555,6.508921220974638e-06,4448370696,44483706960,273439.8123710661,,,,,,,
304919,vit_small_patch16_224,64,0.03,0.0,0.0,19,304919_vit_small_patch16_224,948.0662490289978,163073.95369281684,0.8418,0.8955,0.8498558557813705,0.8964087138751505,0.8420725826388485,0.8961034201851945,0.998402019092819,0.9989444437117548,10,SGD,0.9025,0.6014633521865332,0.7185733896939852,154604911.59187734,6.468099814576254e-09,6.468099814576254e-10,15460491.159187734,6.468099814576254e-08,1546049.1159187735,6.468099814576254e-06,4448370696,44483706960,272782.4152948065,,,,,,,
305311,vit_tiny_patch16_224,128,0.01,0.0,0.0,11,305311_vit_tiny_patch16_224,698.0727435699991,88724.740253733,0.6959,0.8566,0.7069044299140809,0.8567166152922964,0.698773038867436,0.8573837092880132,0.9969282799319592,0.998551513785738,10,SGD,0.8517,0.3426948639347132,0.6282911779046135,61936322.851458944,1.6145614624205036e-08,1.6145614624205035e-09,6193632.285145894,1.6145614624205037e-07,619363.2285145894,1.6145614624205035e-05,1178427396,11784273960,132818.3540047522,,,,,,,
305312,vit_tiny_patch16_224,128,0.01,0.0,0.0,12,305312_vit_tiny_patch16_224,697.8850178209977,89092.7258899194,0.7173,0.8597,0.7252826771388585,0.8596350085191793,0.7175914246302811,0.8601165063789453,0.9971444419567196,0.9985828270482056,10,SGD,0.852,0.3722574933361297,0.6347495414617823,62176478.595407665,1.60832524226269e-08,1.60832524226269e-09,6217647.859540767,1.60832524226269e-07,621764.7859540767,1.60832524226269e-05,1178427396,11784273960,132269.76548635782,,,,,,,
305313,vit_tiny_patch16_224,128,0.01,0.0,0.0,13,305313_vit_tiny_patch16_224,696.9753153480015,89134.38727388244,0.7152,0.8554,0.7248543252115125,0.8556697841622999,0.7170293510690794,0.8564553573979977,0.9971232301780004,0.9985393928502068,10,SGD,0.854,0.3706500032393059,0.6259582607632511,62124467.67856511,1.6096717402458024e-08,1.6096717402458025e-09,6212446.76785651,1.6096717402458024e-07,621244.676785651,1.6096717402458026e-05,1178427396,11784273960,132207.94264048248,,,,,,,
305314,vit_tiny_patch16_224,128,0.01,0.0,0.0,14,305314_vit_tiny_patch16_224,679.0310932069988,96173.1074172528,0.6882,0.8517,0.6962386127807421,0.8509554226366592,0.6879987395266286,0.8513286872951535,0.9968505024641636,0.9985020189718904,10,SGD,0.8504,0.328617319003247,0.6160836350317614,65304530.266651295,1.5312873332321702e-08,1.5312873332321703e-09,6530453.026665129,1.5312873332321703e-07,653045.3026665129,1.53128733323217e-05,1178427396,11784273960,122531.90394351323,,,,,,,
305315,vit_tiny_patch16_224,128,0.01,0.0,0.0,15,305315_vit_tiny_patch16_224,680.6198655810003,95049.7466842332,0.6999,0.8509,0.7058997193910771,0.8498435692927495,0.7006757942701972,0.8505334013723608,0.996968684629184,0.9984939382812776,10,SGD,0.8532,0.3451259653023537,0.6141215286987324,64692745.811730936,1.545768366224868e-08,1.545768366224868e-09,6469274.581173094,1.545768366224868e-07,646927.4581173094,1.545768366224868e-05,1178427396,11784273960,123980.06697638857,,,,,,,
305316,vit_tiny_patch16_224,128,0.01,0.0,0.0,16,305316_vit_tiny_patch16_224,679.0954112260006,95811.16740879673,0.7116,0.8502,0.7189783397202063,0.8509796604159469,0.7130104018390709,0.8502784634183304,0.9970868664791708,0.9984868675401518,10,SGD,0.8519,0.3637312438004972,0.6142480930623659,65064924.131519996,1.5369264059674217e-08,1.5369264059674216e-09,6506492.413152,1.5369264059674217e-07,650649.2413152,1.5369264059674217e-05,1178427396,11784273960,122994.78525003389,,,,,,,
305317,vit_tiny_patch16_224,128,0.01,0.0,0.0,17,305317_vit_tiny_patch16_224,697.1110958540012,89728.29644930387,0.72,0.8505,0.729232781653416,0.850344937520128,0.719619094131281,0.8506593619031007,0.997171715605658,0.9984898981537352,10,SGD,0.8515,0.3767656574972628,0.6142834431003632,62550591.06688691,1.598705916192982e-08,1.598705916192982e-09,6255059.10668869,1.5987059161929823e-07,625505.910668869,1.5987059161929822e-05,1178427396,11784273960,131332.86183203163,,,,,,,
305318,vit_tiny_patch16_224,128,0.01,0.0,0.0,18,305318_vit_tiny_patch16_224,683.9626419369961,93906.73905391368,0.6985,0.8552,0.7080478486462344,0.854502466471191,0.6982775830475185,0.8547310904178298,0.9969545431122392,0.9985373726124454,10,SGD,0.8521,0.3442963945299286,0.6236986992625768,64228701.33900289,1.5569363526781286e-08,1.5569363526781286e-09,6422870.1339002885,1.5569363526781288e-07,642287.0133900288,1.556936352678129e-05,1178427396,11784273960,125489.11908478069,,,,,,,
305319,vit_tiny_patch16_224,128,0.01,0.0,0.0,19,305319_vit_tiny_patch16_224,683.4198386080025,93870.70167410027,0.7152,0.8492,0.7249238586706985,0.8499557934180705,0.7175414766583511,0.85003308812131,0.9971232303263898,0.9984767666194508,10,SGD,0.8532,0.3709503144542921,0.6126044101863272,64153099.788133554,1.5587711323420272e-08,1.5587711323420271e-09,6415309.978813356,1.558771132342027e-07,641530.9978813356,1.558771132342027e-05,1178427396,11784273960,125537.2949156444,,,,,,,
305411,vit_tiny_patch16_224,256,0.01,0.0,0.0,11,305411_vit_tiny_patch16_224,676.5863917829993,97995.06757038744,0.3438,0.853,0.3346362332398505,0.8532609738773956,0.346317074609111,0.8537718850184106,0.9933717109219058,0.9985151501150872,10,SGD,0.8495,0.0395789736250213,0.6204794773231432,66302129.179979645,1.5082471895969766e-08,1.5082471895969766e-09,6630212.917997964,1.5082471895969768e-07,663021.2917997964,1.5082471895969768e-05,1178427396,11784273960,120253.74595038313,,,,,,,
305412,vit_tiny_patch16_224,256,0.01,0.0,0.0,12,305412_vit_tiny_patch16_224,698.145567395004,100432.8974202048,0.3464,0.8588,0.3449922833103114,0.8588238536596124,0.3476950598725639,0.8593806206010473,0.9933979740463807,0.9985737361311948,10,SGD,0.8502,0.0412770883058924,0.6329389604131246,70116782.15455312,1.4261920887866412e-08,1.4261920887866412e-09,7011678.215455311,1.4261920887866412e-07,701167.8215455312,1.4261920887866413e-05,1178427396,11784273960,117334.80027660014,,,,,,,
305413,vit_tiny_patch16_224,256,0.01,0.0,0.0,13,305413_vit_tiny_patch16_224,700.0932004780043,100667.71327205269,0.3699,0.8493,0.3578850414517645,0.8502185133674004,0.3739590137014445,0.8503105342290103,0.9936353487891788,0.9984777766426428,10,SGD,0.8495,0.0491902371974568,0.6130665827217371,70476781.56943344,1.4189070183558313e-08,1.4189070183558313e-09,7047678.156943344,1.4189070183558314e-07,704767.8156943343,1.4189070183558313e-05,1178427396,11784273960,117061.10705180331,,,,,,,
305414,vit_tiny_patch16_224,256,0.01,0.0,0.0,14,305414_vit_tiny_patch16_224,685.9905729059974,99186.9189623676,0.3024,0.8474,0.292119276878144,0.8471893396468263,0.3049040319248415,0.8470907761819744,0.9929535295670324,0.9984585845927882,10,SGD,0.846,0.0267444761052518,0.6071960674094298,68041291.3637753,1.4696957978848604e-08,1.4696957978848604e-09,6804129.136377528,1.4696957978848606e-07,680412.9136377529,1.4696957978848607e-05,1178427396,11784273960,118808.75102563734,,,,,,,
305415,vit_tiny_patch16_224,256,0.01,0.0,0.0,15,305415_vit_tiny_patch16_224,695.6531316870023,100500.76640737728,0.3483,0.8473,0.3402745133793636,0.8463675044956024,0.3526667116334417,0.8469326622558729,0.9934171668538464,0.9984575746180488,10,SGD,0.8493,0.0415220727463898,0.6064216322189668,69913672.88823588,1.4303353817480048e-08,1.4303353817480048e-09,6991367.288823588,1.430335381748005e-07,699136.7288823588,1.4303353817480048e-05,1178427396,11784273960,117255.56312906857,,,,,,,
305416,vit_tiny_patch16_224,256,0.01,0.0,0.0,16,305416_vit_tiny_patch16_224,690.86148331,99739.4920521786,0.3551,0.8471,0.3574035400549384,0.8476894592072203,0.357671535191121,0.8473236164659456,0.993485853649158,0.998455554385108,10,SGD,0.8517,0.045097824110696,0.6075045192980372,68906173.42375407,1.4512487783210283e-08,1.4512487783210284e-09,6890617.342375406,1.4512487783210285e-07,689061.7342375406,1.4512487783210283e-05,1178427396,11784273960,118150.53112397114,,,,,,,
305417,vit_tiny_patch16_224,256,0.01,0.0,0.0,17,305417_vit_tiny_patch16_224,698.7825454830017,100620.94830810804,0.3966,0.8438,0.3833383729954523,0.8439720846607645,0.3948166209973201,0.843788435046747,0.9939050471301928,0.9984222213485848,10,SGD,0.8483,0.0596589119386901,0.5999504868358371,70312162.38765328,1.4222290511941341e-08,1.4222290511941341e-09,7031216.238765327,1.4222290511941342e-07,703121.6238765328,1.422229051194134e-05,1178427396,11784273960,117115.51280470712,,,,,,,
305418,vit_tiny_patch16_224,256,0.01,0.0,0.0,18,305418_vit_tiny_patch16_224,697.8053506360011,100501.49164593636,0.3271,0.8525,0.316061374803522,0.8527775905704105,0.3264528362946708,0.8520976802345266,0.9932030250753762,0.9985100998641968,10,SGD,0.8463,0.0335204969739539,0.6185460133076616,70130478.61743376,1.4259135538701566e-08,1.4259135538701566e-09,7013047.861743376,1.4259135538701568e-07,701304.7861743376,1.4259135538701566e-05,1178427396,11784273960,117254.71698982969,,,,,,,
305419,vit_tiny_patch16_224,256,0.01,0.0,0.0,19,305419_vit_tiny_patch16_224,695.864781804994,100182.81426561468,0.4183,0.8477,0.4093334610597262,0.8484325066944522,0.4174383542197752,0.8485960004293895,0.9941242383457196,0.9984616150937822,10,SGD,0.8486,0.0710555694710915,0.6093851079875467,69713692.1895522,1.434438441850118e-08,1.434438441850118e-09,6971369.218955221,1.4344384418501178e-07,697136.921895522,1.4344384418501179e-05,1178427396,11784273960,117627.69938520949,,,,,,,
305511,vit_tiny_patch16_224,64,0.01,0.0,0.0,11,305511_vit_tiny_patch16_224,714.5666827360037,88385.9046993198,0.7863,0.8615,0.7957005904213484,0.8616748658988578,0.787703671545531,0.862264776083709,0.9978414121060823,0.9986010087819016,10,SGD,0.8566,0.4917703603241606,0.6391920323828499,63157622.72161351,1.5833401526333646e-08,1.5833401526333647e-09,6315762.2721613515,1.5833401526333645e-07,631576.2272161351,1.5833401526333645e-05,1178427396,11784273960,133327.52547014083,,,,,,,
305512,vit_tiny_patch16_224,64,0.01,0.0,0.0,12,305512_vit_tiny_patch16_224,713.0110219319977,88625.5885178208,0.795,0.8608,0.8025423979957208,0.8610617863141437,0.7954925515786359,0.8615736329640084,0.9979292911253184,0.9985939381689968,10,SGD,0.859,0.5064901475495036,0.6377021763361749,63191021.43841612,1.5825033006857895e-08,1.5825033006857895e-09,6319102.143841613,1.5825033006857892e-07,631910.2143841613,1.5825033006857893e-05,1178427396,11784273960,132966.9473239145,,,,,,,
305513,vit_tiny_patch16_224,64,0.01,0.0,0.0,13,305513_vit_tiny_patch16_224,704.5512539889969,87699.77056178785,0.7826,0.8591,0.7970353086506339,0.8599035503498049,0.7834170112762091,0.8600616524068166,0.9978040387664936,0.9985767666154504,10,SGD,0.8563,0.487590976430211,0.6344603736081103,61788983.323854946,1.61841148082773e-08,1.61841148082773e-09,6178898.332385494,1.6184114808277302e-07,617889.8332385494,1.6184114808277302e-05,1178427396,11784273960,134370.63614319864,,,,,,,
305514,vit_tiny_patch16_224,64,0.01,0.0,0.0,14,305514_vit_tiny_patch16_224,717.7901889540008,89208.13501727028,0.7851,0.8577,0.795015961566917,0.8565970873859876,0.7854929053272621,0.8572932168003013,0.9978292911467248,0.998562625082266,10,SGD,0.8569,0.4892145224471464,0.6289508347169267,64032724.09028045,1.5617014803088634e-08,1.5617014803088635e-09,6403272.409028044,1.5617014803088638e-07,640327.2409028044,1.5617014803088635e-05,1178427396,11784273960,132098.6472558654,,,,,,,
305515,vit_tiny_patch16_224,64,0.01,0.0,0.0,15,305515_vit_tiny_patch16_224,708.1047800199958,88246.55901839255,0.7793,0.8569,0.786521108933552,0.8565075705613191,0.7783532399425616,0.8570683755352541,0.9977707054237286,0.9985545443866586,10,SGD,0.8549,0.4760170904998407,0.6281286632466995,62487810.26124044,1.6003121181864714e-08,1.6003121181864714e-09,6248781.026124043,1.6003121181864714e-07,624878.1026124044,1.6003121181864713e-05,1178427396,11784273960,133538.05622657642,,,,,,,
305516,vit_tiny_patch16_224,64,0.01,0.0,0.0,16,305516_vit_tiny_patch16_224,715.2094124860014,88971.93202210777,0.7798,0.8542,0.7895291172514909,0.8549658241190614,0.7809146684339222,0.854469046995115,0.9977757558901296,0.9985272716111758,10,SGD,0.8559,0.4797200935199007,0.623109808725688,63633563.22927615,1.5714977273815872e-08,1.5714977273815873e-09,6363356.322927615,1.5714977273815871e-07,636335.6322927615,1.5714977273815873e-05,1178427396,11784273960,132449.34320490918,,,,,,,
305517,vit_tiny_patch16_224,64,0.01,0.0,0.0,17,305517_vit_tiny_patch16_224,700.7636710769948,88343.58380219892,0.7801,0.8581,0.793466171697013,0.8585424886532835,0.7786611957122402,0.858537644226286,0.997778786648872,0.99856666587301,10,SGD,0.8537,0.4809074361846278,0.6315912455753829,61907974.10132705,1.615300798509839e-08,1.615300798509839e-09,6190797.410132704,1.615300798509839e-07,619079.7410132705,1.6153007985098388e-05,1178427396,11784273960,133391.39587527898,,,,,,,
305518,vit_tiny_patch16_224,64,0.01,0.0,0.0,18,305518_vit_tiny_patch16_224,706.7773244499986,89317.28342727684,0.7827,0.8585,0.792426056507012,0.8574679245664568,0.7835450978169126,0.8580403108871998,0.997805048816881,0.9985707059714156,10,SGD,0.8538,0.484912943121739,0.6307317537802423,63127430.60787292,1.584097420678619e-08,1.584097420678619e-09,6312743.060787292,1.584097420678619e-07,631274.3060787292,1.584097420678619e-05,1178427396,11784273960,131937.21873096254,,,,,,,
305519,vit_tiny_patch16_224,64,0.01,0.0,0.0,19,305519_vit_tiny_patch16_224,710.6900231410036,88704.372401838,0.7865,0.8539,0.7975917671490481,0.8548269960035525,0.788261237300288,0.8548717650746259,0.9978434328465036,0.998524241399879,10,SGD,0.8592,0.4934145631351596,0.6230814597615868,63041312.47497045,1.5862613907301406e-08,1.5862613907301406e-09,6304131.2474970445,1.586261390730141e-07,630413.1247497045,1.5862613907301407e-05,1178427396,11784273960,132848.85108725287,,,,,,,
305611,vit_small_patch32_224,128,0.01,0.0,0.0,11,305611_vit_small_patch32_224,634.6246626150023,75929.32268102413,0.8144,0.8822,0.8231503895260589,0.8828022511746674,0.816443742463677,0.882715762946519,0.9981252507575522,0.9988100998881446,10,SGD,0.8761,0.5462963016435025,0.686648210633119,48186620.78903058,2.075264842451132e-08,2.075264842451132e-09,4818662.078903059,2.0752648424511321e-07,481866.20789030584,2.075264842451132e-05,1137790752,11377907520,149848.66344453127,,,,,,,
305612,vit_small_patch32_224,128,0.01,0.0,0.0,12,305612_vit_small_patch32_224,638.716191683001,76155.36277205411,0.8147,0.8769,0.8169757543961658,0.8770620087573165,0.8154848667617844,0.8774962495956622,0.9981282811976658,0.998756564573301,10,SGD,0.8732,0.5417627633470168,0.6740394028896509,48641663.28600379,2.055850751073599e-08,2.055850751073599e-09,4864166.328600379,2.0558507510735992e-07,486416.6328600379,2.055850751073599e-05,1137790752,11377907520,149403.89101757683,,,,,,,
305613,vit_small_patch32_224,128,0.01,0.0,0.0,13,305613_vit_small_patch32_224,640.0100501009947,76504.99017942288,0.8075,0.8743,0.811431881171912,0.8744849412181381,0.8091195720321298,0.8749395888981928,0.9980555541055656,0.9987303020834783,10,SGD,0.8728,0.5291295555054565,0.6680963640588765,48963962.597708546,2.0423183642550997e-08,2.0423183642550996e-09,4896396.259770854,2.0423183642550998e-07,489639.62597708544,2.0423183642551e-05,1137790752,11377907520,148721.11601238075,,,,,,,
305614,vit_small_patch32_224,128,0.01,0.0,0.0,14,305614_vit_small_patch32_224,647.266259516,77119.95792773845,0.8105,0.875,0.8171091427164062,0.8740672085736505,0.8097862097185592,0.8745097632168098,0.9980858570139802,0.9987373727005148,10,SGD,0.8735,0.535268106853623,0.6679882826415309,49917146.70191856,2.003319632773732e-08,2.003319632773732e-09,4991714.670191856,2.003319632773732e-07,499171.4670191856,2.003319632773732e-05,1137790752,11377907520,147535.18837057875,,,,,,,
305615,vit_small_patch32_224,128,0.01,0.0,0.0,15,305615_vit_small_patch32_224,639.5520060530034,76387.12219335744,0.8131,0.8754,0.8146969246054264,0.875032288756862,0.8121641107074348,0.8747350325360709,0.998112119817376,0.9987414132115838,10,SGD,0.8729,0.5369862450389176,0.6692065754969524,48853537.23537765,2.0469346880287772e-08,2.0469346880287774e-09,4885353.723537765,2.046934688028777e-07,488535.37235377653,2.046934688028777e-05,1137790752,11377907520,148950.59786647407,,,,,,,
305616,vit_small_patch32_224,128,0.01,0.0,0.0,16,305616_vit_small_patch32_224,640.5212994210015,76560.37790479595,0.8064,0.8695,0.8102757283235779,0.8698486700223681,0.8072332025427891,0.8693615601105258,0.9980444429624392,0.9986818171828424,10,SGD,0.8718,0.5264198372106382,0.6566604596864691,49038552.73974283,2.0392118937669208e-08,2.039211893766921e-09,4903855.273974284,2.0392118937669206e-07,490385.52739742835,2.0392118937669206e-05,1137790752,11377907520,148613.52348794058,,,,,,,
305617,vit_small_patch32_224,128,0.01,0.0,0.0,17,305617_vit_small_patch32_224,644.0433998799999,77209.73844682644,0.8174,0.8703,0.8249884362550413,0.8701915378694438,0.8178240832112219,0.8700269247268281,0.9981555545342612,0.998689898264478,10,SGD,0.8743,0.5504788250421228,0.6580322657265495,49726422.45313964,2.011003307029303e-08,2.011003307029303e-09,4972642.245313964,2.011003307029303e-07,497264.22453139635,2.011003307029303e-05,1137790752,11377907520,147363.6324754014,,,,,,,
305618,vit_small_patch32_224,128,0.01,0.0,0.0,18,305618_vit_small_patch32_224,643.6604126020029,77062.32563224212,0.8114,0.8758,0.8192386538670767,0.8757159380497083,0.8112826763382269,0.875694943215478,0.998094948029746,0.9987454535805642,10,SGD,0.8712,0.5382567668939819,0.6707734308743617,49601968.31251887,2.0160490279326545e-08,2.0160490279326547e-09,4960196.831251887,2.0160490279326547e-07,496019.6831251887,2.0160490279326547e-05,1137790752,11377907520,147645.52492612024,,,,,,,
305619,vit_small_patch32_224,128,0.01,0.0,0.0,19,305619_vit_small_patch32_224,628.1932530069971,75811.16629330776,0.8178,0.8734,0.8209246248774251,0.8743595767564848,0.8194001097966317,0.8746444565367953,0.9981595946821216,0.9987212112335708,10,SGD,0.8767,0.5490936140945855,0.6670817822497179,47624063.16804741,2.099778837583379e-08,2.0997788375833788e-09,4762406.3168047415,2.0997788375833788e-07,476240.63168047415,2.0997788375833785e-05,1137790752,11377907520,150082.21184699523,,,,,,,
305811,vit_small_patch32_224,256,0.01,0.0,0.0,11,305811_vit_small_patch32_224,623.2623049529939,85422.88460154925,0.5734,0.8815,0.5841230288029167,0.8818576905438524,0.5762098772855374,0.8821499322756775,0.995690905027865,0.998803029174407,10,SGD,0.8713,0.1921618874605889,0.6849250959516312,53240863.95249519,1.8782565228322784e-08,1.8782565228322783e-09,5324086.3952495195,1.878256522832278e-07,532408.6395249519,1.8782565228322782e-05,1137790752,11377907520,133195.07498572167,,,,,,,
305812,vit_small_patch32_224,256,0.01,0.0,0.0,12,305812_vit_small_patch32_224,625.8699925760011,85668.34571518644,0.5376,0.8772,0.5410319725141922,0.877045236394028,0.5417100489811122,0.8776112389758872,0.9953292888602304,0.9987595948789711,10,SGD,0.8728,0.1568252060053617,0.674347509498285,53617246.896762036,1.8650715168674397e-08,1.8650715168674395e-09,5361724.689676204,1.8650715168674396e-07,536172.4689676204,1.8650715168674396e-05,1137790752,11377907520,132813.43797424392,,,,,,,
305813,vit_small_patch32_224,256,0.01,0.0,0.0,13,305813_vit_small_patch32_224,614.7451040279993,84483.56070045216,0.5888,0.8705,0.5920990000711733,0.8706811210498165,0.593414228516789,0.8713894102882805,0.9958464615491356,0.9986919182164714,10,SGD,0.8738,0.2060214639662274,0.6595864365699643,51935855.31145526,1.925452067753729e-08,1.9254520677537287e-09,5193585.531145526,1.9254520677537286e-07,519358.55311455263,1.9254520677537285e-05,1137790752,11377907520,134675.9940711058,,,,,,,
305814,vit_small_patch32_224,256,0.01,0.0,0.0,14,305814_vit_small_patch32_224,633.065320554997,86619.13575203411,0.5727,0.8777,0.575827181007889,0.8770276362376221,0.5730450208600747,0.877127741466603,0.9956838348394392,0.9987646454501836,10,SGD,0.8721,0.1881609703066873,0.6743500354995812,54835570.94105828,1.823633788868326e-08,1.8236337888683261e-09,5483557.094105828,1.8236337888683264e-07,548355.7094105828,1.8236337888683263e-05,1137790752,11377907520,131355.58812976044,,,,,,,
305815,vit_small_patch32_224,256,0.01,0.0,0.0,15,305815_vit_small_patch32_224,627.4299944369996,86027.77416991536,0.5886,0.8726,0.6001989725122737,0.8722318343374618,0.5895392692314875,0.8723388169326955,0.9958444413743632,0.998713130362406,10,SGD,0.8721,0.2074052511051763,0.6630909484780639,53976405.86885744,1.852661332119125e-08,1.852661332119125e-09,5397640.586885745,1.8526613321191252e-07,539764.0586885745,1.852661332119125e-05,1137790752,11377907520,132258.53661548006,,,,,,,
305816,vit_small_patch32_224,256,0.01,0.0,0.0,16,305816_vit_small_patch32_224,626.3054641089984,85870.19329563853,0.57,0.8688,0.5768212870653006,0.8687219628407784,0.5711572575096366,0.8687064856967663,0.9956565623649216,0.9986747464704132,10,SGD,0.8714,0.1869740757291005,0.6547835279607402,53780971.265154295,1.8593937157991025e-08,1.8593937157991024e-09,5378097.126515429,1.8593937157991029e-07,537809.7126515429,1.8593937157991028e-05,1137790752,11377907520,132501.24499926914,,,,,,,
305817,vit_small_patch32_224,256,0.01,0.0,0.0,17,305817_vit_small_patch32_224,628.6360613270008,86180.54081083776,0.5976,0.8673,0.6075572068083501,0.8671302900470829,0.5987356096981461,0.8668871518735903,0.9959353512847025,0.9986595952173956,10,SGD,0.8707,0.2165030417284048,0.6510790915024337,54176195.7383559,1.845829125451154e-08,1.845829125451154e-09,5417619.57383559,1.845829125451154e-07,541761.957383559,1.8458291254511538e-05,1137790752,11377907520,132024.09050755406,,,,,,,
305818,vit_small_patch32_224,256,0.01,0.0,0.0,18,305818_vit_small_patch32_224,619.1775606930023,85115.0231576334,0.5693,0.8732,0.579764802360522,0.8732549066935428,0.5680282230662814,0.8728476211783261,0.9956494916034544,0.9987191909341026,10,SGD,0.8718,0.1866678048974471,0.6647166992265454,52701312.41707186,1.8974859526952955e-08,1.8974859526952954e-09,5270131.241707186,1.8974859526952954e-07,527013.1241707186,1.8974859526952954e-05,1137790752,11377907520,133676.8422059648,,,,,,,
305819,vit_small_patch32_224,256,0.01,0.0,0.0,19,305819_vit_small_patch32_224,642.2792900670029,88123.00164827977,0.5776,0.8711,0.5839976456728591,0.8725047507810382,0.5808386471197887,0.8723467013105907,0.9957333303717242,0.9986979788942124,10,SGD,0.873,0.1950908184329691,0.6621541544975282,56599578.93723045,1.7667975959839043e-08,1.7667975959839043e-09,5659957.8937230455,1.7667975959839044e-07,565995.7893723046,1.7667975959839043e-05,1137790752,11377907520,129113.93514955361,,,,,,,
305711,vit_small_patch32_224,64,0.01,0.0,0.0,11,305711_vit_small_patch32_224,675.0900334260004,80204.70059539813,0.8437,0.8844,0.8505122249131368,0.884835560819477,0.8451996651253206,0.8852184767195077,0.9984212106325722,0.99883232213132,10,SGD,0.8753,0.6055384494461501,0.6919175717361504,54145394.00586968,1.8468791637042923e-08,1.8468791637042923e-09,5414539.400586968,1.8468791637042922e-07,541453.9400586968,1.8468791637042923e-05,1137790752,11377907520,141860.8564776916,,,,,,,
305712,vit_small_patch32_224,64,0.01,0.0,0.0,12,305712_vit_small_patch32_224,669.1502644749999,79828.90142934816,0.8438,0.8774,0.8492783704010618,0.8775059472259403,0.8451549520852424,0.8778647042180074,0.9984222208476816,0.9987616150827512,10,SGD,0.8788,0.6047002708974069,0.675051846490493,53417530.50419702,1.8720446088787838e-08,1.8720446088787837e-09,5341753.050419701,1.8720446088787837e-07,534175.3050419701,1.872044608878784e-05,1137790752,11377907520,142528.67465638262,,,,,,,
305713,vit_small_patch32_224,64,0.01,0.0,0.0,13,305713_vit_small_patch32_224,671.7334103419998,80142.40079213868,0.836,0.8754,0.842632444202332,0.8757703959349334,0.8363881576988768,0.8762046126866835,0.9983434331081182,0.9987414132028752,10,SGD,0.8778,0.5882098529933982,0.6708962993344189,53834328.1970987,1.8575508109598608e-08,1.8575508109598607e-09,5383432.81970987,1.857550810959861e-07,538343.281970987,1.857550810959861e-05,1137790752,11377907520,141971.13397576282,,,,,,,
305714,vit_small_patch32_224,64,0.01,0.0,0.0,14,305714_vit_small_patch32_224,672.607114475999,80261.35981141284,0.8418,0.8772,0.8479167815064972,0.8769694899456497,0.8409880594138922,0.8768531952312625,0.9984020188897712,0.9987595949409857,10,SGD,0.8776,0.5993181527218076,0.6737068464189313,53984361.6266743,1.8523883025892603e-08,1.8523883025892603e-09,5398436.162667431,1.8523883025892598e-07,539843.616266743,1.8523883025892602e-05,1137790752,11377907520,141760.71208778734,,,,,,,
305715,vit_small_patch32_224,64,0.01,0.0,0.0,15,305715_vit_small_patch32_224,668.4158023840064,79859.54544935579,0.8507,0.8808,0.8537064600244011,0.8803258751451718,0.8496466071251405,0.8802860586436267,0.9984919180777648,0.998795958706427,10,SGD,0.8744,0.6161236534955787,0.6817440768885169,53379382.14955318,1.8733824928851686e-08,1.8733824928851685e-09,5337938.214955319,1.8733824928851682e-07,533793.8214955318,1.8733824928851684e-05,1137790752,11377907520,142473.98299074318,,,,,,,
305716,vit_small_patch32_224,64,0.01,0.0,0.0,16,305716_vit_small_patch32_224,674.8789962219962,80491.32260163467,0.834,0.8773,0.8403413608482413,0.8782879058867202,0.8348928900903816,0.8774914417550818,0.9983232310525044,0.9987606051213392,10,SGD,0.8762,0.5841491246309231,0.6752884553381173,54321903.00197209,1.8408780707916222e-08,1.8408780707916222e-09,5432190.300197209,1.8408780707916218e-07,543219.0300197209,1.840878070791622e-05,1137790752,11377907520,141355.70335092157,,,,,,,
305717,vit_small_patch32_224,64,0.01,0.0,0.0,17,305717_vit_small_patch32_224,673.012586138997,80333.42646398148,0.8475,0.8717,0.8537428480194614,0.8719332845542458,0.8469672637464535,0.8712415634496318,0.9984595951066528,0.9987040396864496,10,SGD,0.8779,0.6118766847616196,0.6613413760419496,54065407.09793112,1.8496115236655016e-08,1.8496115236655015e-09,5406540.709793112,1.8496115236655015e-07,540654.0709793112,1.8496115236655014e-05,1137790752,11377907520,141633.5393723238,,,,,,,
305718,vit_small_patch32_224,64,0.01,0.0,0.0,18,305718_vit_small_patch32_224,678.2794594569932,80810.2750987044,0.8404,0.877,0.8449535961767619,0.8768730230031581,0.8399470432066742,0.8768096965987233,0.9983878775479716,0.9987575748020084,10,SGD,0.8744,0.5954840140301937,0.673444379534435,54811949.71252014,1.824419684475446e-08,1.8244196844754458e-09,5481194.971252014,1.8244196844754458e-07,548119.4971252014,1.824419684475446e-05,1137790752,11377907520,140797.78228823797,,,,,,,
306411,vit_b_32,128,0.03,0.0,0.0,11,306411_vit_b_32,912.6718443629944,149130.60034265748,0.7234,0.8617,0.7433959648503126,0.8616616952570202,0.7251123941612634,0.8620764296646738,0.9972060579716536,0.9986030289858268,10,SGD,0.8616,0.3888561217893982,0.6391922932817626,136107300.0656938,7.347144492009894e-09,7.347144492009893e-10,13610730.006569382,7.347144492009893e-08,1361073.0006569382,7.347144492009892e-06,4398947904,43989479040,294972.8555972104,,,,,,,
306412,vit_b_32,128,0.03,0.0,0.0,12,306412_vit_b_32,899.8019691189984,148524.49819523987,0.7509,0.8587,0.7651844424959497,0.8592038719023831,0.7518877931553056,0.8592173741463356,0.9974838361917892,0.9985727260293048,10,SGD,0.8621,0.4309304043022186,0.6330243830463076,133642635.93848795,7.482641995031232e-09,7.482641995031232e-10,13364263.593848795,7.482641995031232e-08,1336426.3593848795,7.482641995031231e-06,4398947904,43989479040,296176.58752951666,,,,,,,
306413,vit_b_32,128,0.03,0.0,0.0,13,306413_vit_b_32,900.2667248330108,148323.80675219977,0.7324,0.8565,0.7461628315519591,0.8574380882966838,0.7335317007593904,0.8571628764114214,0.9972969676812954,0.9985505039696034,10,SGD,0.8607,0.399783930378471,0.628584296990124,133530987.7195673,7.488898397876994e-09,7.488898397876993e-10,13353098.77195673,7.488898397876992e-08,1335309.877195673,7.488898397876993e-06,4398947904,43989479040,296577.33308781596,,,,,,,
306414,vit_b_32,128,0.03,0.0,0.0,14,306414_vit_b_32,897.4769791200088,147413.03233343904,0.7361,0.8578,0.752436647622604,0.8571970745229878,0.7359726103535277,0.8577012049934725,0.9973343412453264,0.9985636351841054,10,SGD,0.86,0.4065455231826473,0.6297649537056479,132299802.94153504,7.558590245534324e-09,7.558590245534324e-10,13229980.294153504,7.558590245534323e-08,1322998.0294153504,7.558590245534324e-06,4398947904,43989479040,298409.70193529804,,,,,,,
306415,vit_b_32,128,0.03,0.0,0.0,15,306415_vit_b_32,908.2349687270034,148312.85399948052,0.7388,0.8542,0.746115769279241,0.853983752537537,0.7379521451576853,0.8541288367848641,0.9973616142124055,0.998527271639237,10,SGD,0.8629,0.4057083579483326,0.6221462540224384,134702920.31403083,7.423744026252107e-09,7.423744026252108e-10,13470292.031403081,7.423744026252108e-08,1347029.2031403081,7.423744026252108e-06,4398947904,43989479040,296599.23502081673,,,,,,,
306416,vit_b_32,128,0.03,0.0,0.0,16,306416_vit_b_32,906.7658772249996,148346.8432944707,0.74,0.8543,0.745622154735774,0.8540699885397263,0.7407208852707758,0.8546961979568664,0.9973737353834412,0.9985282817129512,10,SGD,0.8623,0.4076270923496805,0.6226959051245945,134515855.49347025,7.434067874984021e-09,7.434067874984021e-10,13451585.549347026,7.43406787498402e-08,1345158.5549347026,7.43406787498402e-06,4398947904,43989479040,296531.27807162184,,,,,,,
306417,vit_b_32,128,0.03,0.0,0.0,17,306417_vit_b_32,900.2236179780011,147725.77905936036,0.7285,0.8558,0.7451488802377365,0.8563849356278886,0.7290193747614515,0.8562232272826807,0.9972575742390576,0.998543433536914,10,SGD,0.861,0.3946562848150233,0.6266070349457992,132986235.29343621,7.519575223657427e-09,7.519575223657427e-10,13298623.529343622,7.519575223657428e-08,1329862.3529343621,7.519575223657428e-06,4398947904,43989479040,297777.94586768636,,,,,,,
306418,vit_b_32,128,0.03,0.0,0.0,18,306418_vit_b_32,902.4051276579994,147997.33022599271,0.7439,0.8606,0.7543771176709818,0.8596257483727503,0.7444987771151951,0.8600001094831622,0.9974131293235308,0.9985919181089428,10,SGD,0.8619,0.4167178797282893,0.6353269975019225,133553549.67563005,7.487633255939384e-09,7.487633255939384e-10,13355354.967563003,7.487633255939385e-08,1335535.4967563003,7.487633255939384e-06,4398947904,43989479040,297231.5714940792,,,,,,,
306419,vit_b_32,128,0.03,0.0,0.0,19,306419_vit_b_32,913.0807455800096,148618.20410577612,0.7425,0.8615,0.7520622219159327,0.8619483180673718,0.7443289626021002,0.8626920369440721,0.9973989880935582,0.9986010091299332,10,SGD,0.8616,0.4145568282414227,0.6397117065248881,135700420.61166412,7.3691739162822105e-09,7.36917391628221e-10,13570042.061166411,7.36917391628221e-08,1357004.2061166412,7.36917391628221e-06,4398947904,43989479040,295989.8439405939,,,,,,,
305911,vit_b_32,256,0.03,0.0,0.0,11,305911_vit_b_32,904.2283094769956,149886.71236414657,0.6525,0.8582,0.6768771052406692,0.8587370868715664,0.6573445003340664,0.8581769253736524,0.996489895680223,0.9985676754171384,10,SGD,0.8602,0.2893052227032677,0.6315432041126726,135531808.53409696,7.3783417399644675e-09,7.378341739964467e-10,13553180.853409695,7.378341739964469e-08,1355318.0853409695,7.378341739964468e-06,4398947904,43989479040,293484.8482974828,,,,,,,
305912,vit_b_32,256,0.03,0.0,0.0,12,305912_vit_b_32,902.9296408100054,149691.58250237314,0.679,0.8569,0.6988682710166819,0.857672864232939,0.6799911819490455,0.8573194941858739,0.9967575729328156,0.9985545441952832,10,SGD,0.8613,0.3216310161243326,0.6291675336034239,135160966.82114908,7.398585727218449e-09,7.398585727218449e-10,13516096.682114907,7.39858572721845e-08,1351609.6682114906,7.398585727218451e-06,4398947904,43989479040,293867.41929395136,,,,,,,
305913,vit_b_32,256,0.03,0.0,0.0,13,305913_vit_b_32,886.8257142360089,147744.9140330747,0.6579,0.8569,0.6776020274222706,0.8579440643186005,0.662513312497041,0.857765462633276,0.9965444418676054,0.9985545443766568,10,SGD,0.8637,0.2943241265008283,0.6296938690947911,131023988.9121192,7.632190168402848e-09,7.632190168402848e-10,13102398.89121192,7.632190168402848e-08,1310239.889121192,7.63219016840285e-06,4398947904,43989479040,297739.3795779147,,,,,,,
305914,vit_b_32,256,0.03,0.0,0.0,14,305914_vit_b_32,899.2788853670063,149107.57360935374,0.6828,0.8577,0.7071480220815849,0.8576246594471568,0.6829836684090327,0.857762520797845,0.996795956964826,0.998562625082266,10,SGD,0.8607,0.3287156870822797,0.6300500394391435,134089292.59519848,7.457717023080249e-09,7.457717023080249e-10,13408929.259519849,7.457717023080248e-08,1340892.925951985,7.457717023080247e-06,4398947904,43989479040,295018.40835562005,,,,,,,
305915,vit_b_32,256,0.03,0.0,0.0,15,305915_vit_b_32,910.6258619360016,150286.28456049802,0.6583,0.8559,0.6669582516683047,0.8562991689581235,0.6608202245215711,0.8554671872135984,0.9965484822985412,0.9985444433690952,10,SGD,0.8601,0.289137394660373,0.6260648255735027,136854577.41506273,7.3070263259600426e-09,7.307026325960043e-10,13685457.741506271,7.307026325960044e-08,1368545.7741506272,7.3070263259600426e-06,4398947904,43989479040,292704.5483135352,,,,,,,
305916,vit_b_32,256,0.03,0.0,0.0,16,305916_vit_b_32,911.8718708410016,150553.96905113352,0.651,0.8561,0.6636153281961147,0.8559122656957652,0.6521835638451965,0.8559785968108231,0.9964747448031572,0.9985464635449122,10,SGD,0.8607,0.2807589071072779,0.6263036325725552,137285929.4211954,7.284067669688015e-09,7.284067669688016e-10,13728592.942119537,7.284067669688016e-08,1372859.2942119536,7.284067669688017e-06,4398947904,43989479040,292184.1205332793,,,,,,,
305917,vit_b_32,256,0.03,0.0,0.0,17,305917_vit_b_32,905.9782903649902,150023.89405366956,0.6593,0.8555,0.6835320100060219,0.8557059988882425,0.660416314126071,0.8558656475321388,0.9965585839530272,0.9985404032322056,10,SGD,0.8621,0.2965941362192739,0.625627496368028,135918391.04864198,7.357356074367623e-09,7.357356074367623e-10,13591839.104864197,7.357356074367624e-08,1359183.9104864197,7.357356074367623e-06,4398947904,43989479040,293216.4860636346,,,,,,,
305918,vit_b_32,256,0.03,0.0,0.0,18,305918_vit_b_32,904.7772144140037,149882.93251421436,0.6534,0.8597,0.6734172772032924,0.8589124277517027,0.6546037294808837,0.8595700815865612,0.9964989872063093,0.9985828271928596,10,SGD,0.8639,0.2870243364008553,0.6338130799817865,135610662.16841298,7.37405145001146e-09,7.37405145001146e-10,13561066.2168413,7.37405145001146e-08,1356106.6216841298,7.3740514500114605e-06,4398947904,43989479040,293492.24959838705,,,,,,,
305919,vit_b_32,256,0.03,0.0,0.0,19,305919_vit_b_32,901.8502714589996,149442.87096924623,0.6744,0.8589,0.6946098102009408,0.8597410373032024,0.6770759223727483,0.8600271495714717,0.996711108828204,0.9985747464854408,10,SGD,0.8596,0.316129586355285,0.6341660668031549,134775093.75122696,7.419768535615626e-09,7.419768535615626e-10,13477509.375122696,7.419768535615627e-08,1347750.9375122697,7.419768535615626e-06,4398947904,43989479040,294356.4905752685,,,,,,,
306011,vit_b_32,64,0.03,0.0,0.0,11,306011_vit_b_32,930.5819241279968,153527.92616173823,0.7152,0.858,0.739731744361529,0.85833827820017,0.7162043821503584,0.8587771802936882,0.9971232296107266,0.9985656552132136,10,SGD,0.8616,0.3778222846599683,0.6315429464566681,142870312.9349714,6.999354725674594e-09,6.999354725674594e-10,14287031.29349714,6.999354725674593e-08,1428703.129349714,6.999354725674593e-06,4398947904,43989479040,286524.28349522594,,,,,,,
306012,vit_b_32,64,0.03,0.0,0.0,12,306012_vit_b_32,946.5919599129992,156095.64215037756,0.7319,0.8562,0.7563810362848524,0.8569787208789026,0.7314569958843802,0.856680165748285,0.9972919168326724,0.9985474734820524,10,SGD,0.8601,0.4038345535724931,0.6276719068202358,147758879.83700407,6.767782762722085e-09,6.767782762722085e-10,14775887.983700408,6.767782762722084e-08,1477588.7983700407,6.767782762722085e-06,4398947904,43989479040,281811.06425522076,,,,,,,
306013,vit_b_32,64,0.03,0.0,0.0,13,306013_vit_b_32,925.6146597939952,152884.05022934603,0.7298,0.8586,0.7483431559424006,0.8592814108310505,0.7295963177191876,0.8593764321040428,0.9972707050354486,0.9985717161066338,10,SGD,0.8605,0.3973748210584713,0.6331243266252636,141511718.1409642,7.066552601699521e-09,7.066552601699521e-10,14151171.81409642,7.066552601699522e-08,1415117.1814096419,7.066552601699523e-06,4398947904,43989479040,287730.98942636617,,,,,,,
306014,vit_b_32,64,0.03,0.0,0.0,14,306014_vit_b_32,924.2996965380008,153110.120253804,0.7147,0.8553,0.7566181616246951,0.8551998838032939,0.7141501909284507,0.8553430575325502,0.9971181794516548,0.998538382638116,10,SGD,0.8611,0.3850673842911129,0.6247283337482319,141519637.68748784,7.066157152043167e-09,7.066157152043167e-10,14151963.768748786,7.066157152043166e-08,1415196.3768748785,7.066157152043167e-06,4398947904,43989479040,287306.14911072206,,,,,,,
306015,vit_b_32,64,0.03,0.0,0.0,15,306015_vit_b_32,938.2617022640044,154568.5775691505,0.7386,0.8549,0.7534284107110585,0.8550066859997199,0.7377952046662339,0.8548346101094872,0.997359594008893,0.9985343423515316,10,SGD,0.8593,0.4094858451935554,0.6239214710902807,145025776.70655698,6.895325939356183e-09,6.895325939356183e-10,14502577.670655696,6.895325939356184e-08,1450257.7670655695,6.895325939356184e-06,4398947904,43989479040,284595.22453921847,,,,,,,
306016,vit_b_32,64,0.03,0.0,0.0,16,306016_vit_b_32,938.4873407080012,154771.29061223616,0.7392,0.8556,0.754066258296697,0.8558538146773006,0.7399549917444911,0.855901146090118,0.9973656545692362,0.998541413036034,10,SGD,0.8599,0.4113686385168868,0.625835300193714,145250896.94462276,6.884639069604178e-09,6.884639069604178e-10,14525089.694462273,6.88463906960418e-08,1452508.9694462274,6.884639069604179e-06,4398947904,43989479040,284222.4734702975,,,,,,,
306017,vit_b_32,64,0.03,0.0,0.0,17,306017_vit_b_32,933.992272716001,153908.77741351596,0.7477,0.8563,0.761616869292234,0.8564583933435012,0.7492263024055928,0.8567986254985068,0.9974515137403838,0.9985484840447608,10,SGD,0.8624,0.4255677846395448,0.6274514563406588,143749608.8073909,6.956540670242053e-09,6.956540670242053e-10,14374960.88073909,6.956540670242054e-08,1437496.0880739088,6.956540670242054e-06,4398947904,43989479040,285815.27174249996,,,,,,,
306018,vit_b_32,64,0.03,0.0,0.0,18,306018_vit_b_32,922.835043441999,152689.68437822675,0.7364,0.8637,0.7596483037569283,0.8632654485810849,0.737218739967456,0.8634161345836482,0.9973373716895068,0.9986232312643392,10,SGD,0.8605,0.4113057790716118,0.6428787987800222,140907391.516326,7.096859783144425e-09,7.096859783144424e-10,14090739.1516326,7.096859783144426e-08,1409073.91516326,7.096859783144426e-06,4398947904,43989479040,288097.25567991816,,,,,,,
306019,vit_b_32,64,0.03,0.0,0.0,19,306019_vit_b_32,936.0773101980012,154356.831438435,0.7172,0.8565,0.7467017160072147,0.8571540679616583,0.7188232995967188,0.8577753022426584,0.9971434323606146,0.9985505040443712,10,SGD,0.86,0.3838550062800668,0.6288250451271399,144489927.5835765,6.920897648187799e-09,6.920897648187798e-10,14448992.758357652,6.920897648187798e-08,1444899.275835765,6.920897648187799e-06,4398947904,43989479040,284985.6312161029,,,,,,,
306111,vit_b_16,128,0.03,0.0,0.0,11,306111_vit_b_16,1977.5644926639943,402718.9599329789,0.7789,0.8781,0.7888718065883977,0.878275270270187,0.780850734001706,0.8784320870007923,0.9977666645608556,0.998768685707681,10,SGD,0.8769,0.4787239462673926,0.6766245327737803,796402715.6860329,1.2556461452276509e-09,1.2556461452276509e-10,79640271.56860329,1.2556461452276508e-08,7964027.156860329,1.2556461452276508e-06,17262805008,172628050080,428656.3764187537,,,,,,,
306112,vit_b_16,128,0.03,0.0,0.0,12,306112_vit_b_16,1990.472853048996,404615.2337434591,0.7814,0.8723,0.788101762705826,0.8721010750255762,0.7818785620649433,0.8729406535331031,0.9977919172682664,0.9987100998863572,10,SGD,0.8744,0.4804353920491866,0.6632188414041601,805375638.6964295,1.2416566282270307e-09,1.2416566282270307e-10,80537563.86964294,1.2416566282270309e-08,8053756.386964295,1.2416566282270308e-06,17262805008,172628050080,426647.43114801386,,,,,,,
3211,vit_b_32,96,0.03,0.0,0.0,1,3211_vit_b_32,923.0512989729176,152827.1567097797,0.7332,0.8632,0.7436725386336712,0.8613891199419023,0.7316151758751586,0.8616658195964455,0.9973050484487264,0.9986181807638146,10,SGD,0.8659,0.3978459340388677,0.6398072366399722,141067305.51929978,7.088814777589889e-09,7.08881477758989e-10,14106730.551929979,7.088814777589889e-08,1410673.055192998,7.0888147775898885e-06,4398947904,43989479040,287838.10408471094,,,,,,,
3212,vit_b_32,96,0.03,0.0,0.0,2,3212_vit_b_32,910.6443568649702,151049.26979377418,0.7296,0.8617,0.7525326595958555,0.8617633425802045,0.7297027734148549,0.8618469987600436,0.9972686844939675,0.9986030290884456,10,SGD,0.8644,0.3995474442000949,0.6390975635704115,137552165.14627486,7.269969170871184e-09,7.269969170871184e-10,13755216.514627486,7.269969170871183e-08,1375521.6514627486,7.269969170871184e-06,4398947904,43989479040,291226.0290967201,,,,,,,
3213,vit_b_32,96,0.03,0.0,0.0,3,3213_vit_b_32,919.3912936919368,152193.57321991428,0.7133,0.858,0.728767644287598,0.8578827137421778,0.7122221624728899,0.8578579892643623,0.9971040377474544,0.9985656552498728,10,SGD,0.8597,0.3691622338056614,0.630532141626349,139925446.1742555,7.146662936165697e-09,7.146662936165697e-10,13992544.61742555,7.146662936165697e-08,1399254.461742555,7.1466629361656965e-06,4398947904,43989479040,289036.3772222942,,,,,,,
3214,vit_b_32,96,0.03,0.0,0.0,4,3214_vit_b_32,909.0448930340352,150873.7063623941,0.7321,0.8552,0.7586293864862264,0.8552444090915027,0.7323716793175695,0.8553577076349673,0.9972939373630356,0.9985373726396698,10,SGD,0.8562,0.4056530907495733,0.6246978815355684,137150972.26185098,7.291235224281042e-09,7.291235224281041e-10,13715097.226185098,7.291235224281042e-08,1371509.7226185098,7.291235224281042e-06,4398947904,43989479040,291564.9128042139,,,,,,,
3215,vit_b_32,96,0.03,0.0,0.0,5,3215_vit_b_32,914.1730322360528,151799.46104889756,0.7285,0.8583,0.7559712765195254,0.8583097271085656,0.7310718005048074,0.8590656203682882,0.9972575729212492,0.9985686853883649,10,SGD,0.8599,0.4015154173057771,0.6319568541968539,138770973.59886926,7.2061179226903414e-09,7.206117922690341e-10,13877097.359886926,7.206117922690342e-08,1387709.7359886926,7.206117922690342e-06,4398947904,43989479040,289786.79328663845,,,,,,,
3216,vit_b_32,96,0.03,0.0,0.0,6,3216_vit_b_32,919.7567156080622,152590.5477225846,0.7251,0.8581,0.7489559462689168,0.8591201195497171,0.7258157797576469,0.8580636864150472,0.997223230625036,0.9985666657900788,10,SGD,0.8628,0.3930727807435812,0.6316672766120436,140346181.0061597,7.125238412836547e-09,7.125238412836547e-10,14034618.100615967,7.125238412836549e-08,1403461.8100615968,7.1252384128365475e-06,4398947904,43989479040,288284.4297798481,,,,,,,
3217,vit_b_32,96,0.03,0.0,0.0,7,3217_vit_b_32,912.9219215610065,151295.8026162823,0.7259,0.8588,0.7448429733940816,0.8584395376752789,0.7261963511967175,0.8586327279053559,0.997231311221125,0.998573736389722,10,SGD,0.8618,0.3915538423344294,0.6321051451121044,138121254.84857118,7.240015311881918e-09,7.240015311881918e-10,13812125.48485712,7.240015311881917e-08,1381212.548485712,7.2400153118819175e-06,4398947904,43989479040,290751.48338097974,,,,,,,
3218,vit_b_32,96,0.03,0.0,0.0,8,3218_vit_b_32,916.317158116959,151740.70737698412,0.7348,0.8637,0.7540558678411401,0.8616961370011309,0.7322021678584939,0.8619468799279026,0.9973212099824498,0.9986232312240116,10,SGD,0.8601,0.4046119796624386,0.6406181404752367,139042613.75433517,7.1920397135717775e-09,7.192039713571777e-10,13904261.375433516,7.192039713571778e-08,1390426.1375433516,7.192039713571778e-06,4398947904,43989479040,289898.9981028142,,,,,,,
3219,vit_b_32,96,0.03,0.0,0.0,9,3219_vit_b_32,913.7229728489184,151414.5388426686,0.7323,0.859,0.7549085980422983,0.8589551504679338,0.7349409068901593,0.8589543988234984,0.9972959576374214,0.9985757565441776,10,SGD,0.863,0.4051910888406152,0.6328703917944043,138350942.5638712,7.2279955703109084e-09,7.227995570310908e-10,13835094.25638712,7.227995570310908e-08,1383509.425638712,7.227995570310908e-06,4398947904,43989479040,290523.48193398037,,,,,,,
32110,vit_b_32,96,0.03,0.0,0.0,10,32110_vit_b_32,918.4293990649747,152190.5077312279,0.7202,0.8506,0.7385379452241705,0.8503114645065805,0.7191717279391999,0.8496415476154106,0.9971737351301544,0.9984909078929416,10,SGD,0.8637,0.3814427527115246,0.6135970583584957,139776236.55898502,7.1542919212737845e-09,7.154291921273785e-10,13977623.655898504,7.154291921273784e-08,1397762.3655898503,7.154291921273784e-06,4398947904,43989479040,289042.1991211599,,,,,,,
32111,vit_b_32,96,0.03,0.0,0.0,11,32111_vit_b_32,913.0712080050724,151531.78937183713,0.7149,0.8609,0.7415592809011707,0.8619894188658418,0.7166001685266682,0.8616720977342905,0.997120199304839,0.9985949481701264,10,SGD,0.8619,0.3788049031796954,0.6385369556050463,138359313.97291353,7.2275582415490225e-09,7.227558241549022e-10,13835931.397291355,7.227558241549021e-08,1383593.1397291354,7.227558241549022e-06,4398947904,43989479040,290298.6840078564,,,,,,,
32112,vit_b_32,96,0.03,0.0,0.0,12,32112_vit_b_32,909.801428884035,151075.6227839844,0.7361,0.8555,0.7510722839962312,0.8560734936640945,0.7365028096365601,0.8557377811910541,0.997334341112056,0.9985404027688218,10,SGD,0.8619,0.4061006970834638,0.6258026715593563,137448817.47841448,7.275435455507241e-09,7.275435455507241e-10,13744881.747841446,7.275435455507242e-08,1374488.1747841446,7.275435455507242e-06,4398947904,43989479040,291175.2288646752,,,,,,,
32113,vit_b_32,96,0.03,0.0,0.0,13,32113_vit_b_32,904.4313027991448,150298.04752145137,0.7336,0.8581,0.7478863263951833,0.8582417553687037,0.7341549546151418,0.8588481412820461,0.9973090889024556,0.9985666655978168,10,SGD,0.8615,0.4017098000070561,0.631598349447459,135934258.92799404,7.356497235400471e-09,7.356497235400471e-10,13593425.892799404,7.356497235400472e-08,1359342.5892799404,7.356497235400471e-06,4398947904,43989479040,292681.6400174565,,,,,,,
32114,vit_b_32,96,0.03,0.0,0.0,14,32114_vit_b_32,918.3512196550146,152010.33485079132,0.7279,0.8547,0.7537175788629159,0.8539178428072856,0.7277829804922428,0.8542921672268724,0.9972515128944802,0.9985323220270782,10,SGD,0.8591,0.3981868952278996,0.6225845571979974,139598876.41039136,7.16338143768586e-09,7.16338143768586e-10,13959887.641039137,7.16338143768586e-08,1395988.7641039137,7.16338143768586e-06,4398947904,43989479040,289384.79139052436,,,,,,,
32115,vit_b_32,96,0.03,0.0,0.0,15,32115_vit_b_32,921.9137384700588,152506.12814494706,0.7275,0.8529,0.739037846584208,0.8527965670271229,0.7272603319154511,0.8529056399725958,0.9972474727139377,0.9985141403164044,10,SGD,0.8612,0.3899352717997751,0.6194393114872795,140597494.73770198,7.112502266598671e-09,7.112502266598671e-10,14059749.473770197,7.11250226659867e-08,1405974.9473770198,7.112502266598671e-06,4398947904,43989479040,288444.00926755473,,,,,,,
3221,vit_b_32,156,0.03,0.0,0.0,1,3221_vit_b_32,904.540835649008,148601.55233395225,0.7312,0.8634,0.7411440028349037,0.8618362395953109,0.729551085275612,0.862063102273094,0.9972848464131095,0.9986202009673764,10,SGD,0.8635,0.3942881358964344,0.6405841671105719,134416172.32689297,7.4395809870857895e-09,7.43958098708579e-10,13441617.232689297,7.43958098708579e-08,1344161.7232689296,7.43958098708579e-06,4398947904,43989479040,296023.0115304748,,,,,,,
3222,vit_b_32,156,0.03,0.0,0.0,2,3222_vit_b_32,922.9970392060932,150987.76152682464,0.7376,0.8598,0.7407982892057586,0.8596173187252013,0.7387018976219167,0.8594670860965415,0.9973494926450336,0.9985838371525676,10,SGD,0.8668,0.4025663449500898,0.6343316477531721,139361256.84561482,7.175595446213617e-09,7.175595446213617e-10,13936125.684561484,7.175595446213616e-08,1393612.5684561483,7.175595446213617e-06,4398947904,43989479040,291344.66658203147,,,,,,,
3223,vit_b_32,156,0.03,0.0,0.0,3,3223_vit_b_32,922.4503253661096,151244.2121819184,0.7247,0.8591,0.7367981428282725,0.8586747355919495,0.724928626793321,0.8587941139005169,0.9972191893682392,0.9985767663711764,10,SGD,0.8609,0.3860047605559225,0.6326200038168985,139515272.73695156,7.167674050176897e-09,7.167674050176897e-10,13951527.273695156,7.167674050176897e-08,1395152.7273695157,7.167674050176897e-06,4398947904,43989479040,290850.66069892916,,,,,,,
3224,vit_b_32,156,0.03,0.0,0.0,4,3224_vit_b_32,899.9004225709941,148114.085671683,0.7319,0.8535,0.7478555204785787,0.8530955062395178,0.7338480766147363,0.853527940193661,0.9972919171594992,0.9985202009096108,10,SGD,0.8619,0.4005879769968185,0.6205485675702682,133287928.28466395,7.502554904029216e-09,7.502554904029217e-10,13328792.828466397,7.502554904029216e-08,1332879.2828466396,7.502554904029216e-06,4398947904,43989479040,296997.26964192494,,,,,,,
3225,vit_b_32,156,0.03,0.0,0.0,5,3225_vit_b_32,903.5868045249954,149152.669346682,0.7329,0.8609,0.7450684639111315,0.861910120927916,0.7357193249328945,0.8618201266837079,0.9973020174116598,0.9985949480417892,10,SGD,0.8611,0.4006634853316359,0.6385878997689926,134772383.8813416,7.4199177249876025e-09,7.419917724987603e-10,13477238.388134163,7.419917724987601e-08,1347723.8388134162,7.419917724987602e-06,4398947904,43989479040,294929.2106717403,,,,,,,
3226,vit_b_32,156,0.03,0.0,0.0,6,3226_vit_b_32,919.4745600379538,150502.6197892296,0.7292,0.8563,0.738551106477934,0.8571014937452276,0.7300601360164944,0.8561654620582569,0.997264644791778,0.9985484839607774,10,SGD,0.861,0.3920994839690572,0.6274585722522166,138383330.11526132,7.226303913680114e-09,7.226303913680114e-10,13838333.011526132,7.226303913680114e-08,1383833.3011526132,7.226303913680113e-06,4398947904,43989479040,292283.809422087,,,,,,,
3227,vit_b_32,156,0.03,0.0,0.0,7,3227_vit_b_32,918.9632774798664,150440.34502387658,0.7217,0.8567,0.7331206701986963,0.8562852448887345,0.7223521912782235,0.8566536743730958,0.9971888869494312,0.9985525242538752,10,SGD,0.8646,0.3811172396520865,0.6275140055148469,138249152.52834353,7.233317396249372e-09,7.233317396249372e-10,13824915.252834354,7.233317396249371e-08,1382491.5252834354,7.233317396249371e-06,4398947904,43989479040,292404.800274942,,,,,,,
3228,vit_b_32,156,0.03,0.0,0.0,8,3228_vit_b_32,914.4065803389532,150061.65450218783,0.7291,0.863,0.7354261731368916,0.8617096956690402,0.7270089220873119,0.8612605932843271,0.997263634178905,0.9986161605112956,10,SGD,0.8613,0.3887549244620778,0.6395948259138742,137217364.33335105,7.287707389355148e-09,7.287707389355149e-10,13721736.433335105,7.287707389355148e-08,1372173.6433335105,7.287707389355148e-06,4398947904,43989479040,293142.70315044845,,,,,,,
3229,vit_b_32,156,0.03,0.0,0.0,9,3229_vit_b_32,919.3896389137954,150802.41185910793,0.7177,0.8581,0.7345804962550322,0.8585389691819418,0.719844379557102,0.8580270497642575,0.9971484827831308,0.9985666656285024,10,SGD,0.8637,0.378425845896971,0.6312130342530367,138646174.9864747,7.212604315247447e-09,7.212604315247447e-10,13864617.498647468,7.212604315247447e-08,1386461.7498647468,7.212604315247448e-06,4398947904,43989479040,291702.7552656028,,,,,,,
32210,vit_b_32,156,0.03,0.0,0.0,10,32210_vit_b_32,917.8843699460848,150699.15806534712,0.7209,0.8532,0.7293702456715971,0.8528605832283707,0.719285970231679,0.8523330552694743,0.9971808058428382,0.9985171705400524,10,SGD,0.8607,0.3771365013520912,0.6192895601721522,138324401.75221658,7.229382432402065e-09,7.229382432402065e-10,13832440.175221657,7.229382432402066e-08,1383244.0175221658,7.229382432402066e-06,4398947904,43989479040,291902.6197938346,,,,,,,
32211,vit_b_32,156,0.03,0.0,0.0,11,32211_vit_b_32,919.9849882051348,151088.33547334655,0.7053,0.864,0.7272081522552116,0.8642121633326024,0.7075531999180518,0.864602593384594,0.9970232295164364,0.9986262613309648,10,SGD,0.8623,0.3618236905730543,0.6446940076901104,138999000.5283802,7.194296334496481e-09,7.194296334496481e-10,13899900.052838018,7.194296334496482e-08,1389990.0052838018,7.194296334496481e-06,4398947904,43989479040,291150.72915579355,,,,,,,
32212,vit_b_32,156,0.03,0.0,0.0,12,32212_vit_b_32,903.5799577389844,148777.14121255692,0.7417,0.8576,0.7571426382782951,0.8579983442820412,0.7424514656174622,0.8582894203757613,0.9973909068179012,0.998561614908514,10,SGD,0.8619,0.415852633774748,0.6306375828742883,134432042.96936908,7.438702692540753e-09,7.438702692540753e-10,13443204.29693691,7.438702692540752e-08,1344320.429693691,7.438702692540752e-06,4398947904,43989479040,295673.64100075373,,,,,,,
32213,vit_b_32,156,0.03,0.0,0.0,13,32213_vit_b_32,905.1337228489574,149346.156795822,0.7153,0.8557,0.731164031101319,0.8561752882396415,0.7166604309012173,0.8564418601850232,0.9971242402797638,0.9985424231554968,10,SGD,0.8643,0.3737366978986225,0.6265397469877843,135178242.8937865,7.397640171915308e-09,7.397640171915308e-10,13517824.289378647,7.39764017191531e-08,1351782.4289378647,7.397640171915309e-06,4398947904,43989479040,294547.1111127422,,,,,,,
32214,vit_b_32,156,0.03,0.0,0.0,14,32214_vit_b_32,909.0356497799512,149614.07223271104,0.7384,0.8561,0.7500733573253897,0.8553227770687983,0.7384547130067858,0.8561243228502284,0.9973575735876372,0.9985464634528324,10,SGD,0.8613,0.407915477561611,0.6259788328145178,136004525.36828703,7.352696517208506e-09,7.352696517208506e-10,13600452.536828704,7.352696517208505e-08,1360045.2536828704,7.3526965172085055e-06,4398947904,43989479040,294019.66261287493,,,,,,,
32215,vit_b_32,156,0.03,0.0,0.0,15,32215_vit_b_32,920.0314995869994,150825.54330387505,0.7128,0.8558,0.7204858676586305,0.8563393468401185,0.7122108124517652,0.855654396757479,0.9970989877557536,0.9985434332673389,10,SGD,0.8625,0.3647035540734223,0.6261574147673782,138764250.78188807,7.206467042954863e-09,7.206467042954863e-10,13876425.078188807,7.206467042954863e-08,1387642.5078188807,7.206467042954863e-06,4398947904,43989479040,291658.0181075324,,,,,,,
3231,vit_small_patch32_224,96,0.03,0.0,0.0,1,3231_vit_small_patch32_224,651.6273173869122,78530.10484111957,0.8274,0.8814,0.8337236186876233,0.8806998293290819,0.827790441069747,0.8805229749694238,0.998256564326275,0.998802019287927,10,SGD,0.8812,0.5700332689297878,0.6826861030088588,51172361.551731706,1.9541798925755447e-08,1.954179892575545e-09,5117236.155173171,1.9541798925755445e-07,511723.6155173171,1.9541798925755445e-05,1137790752,11377907520,144885.9331465244,,,,,,,
3232,vit_small_patch32_224,96,0.03,0.0,0.0,2,3232_vit_small_patch32_224,645.2479309029877,78278.9573518164,0.8319,0.878,0.8404004051660183,0.8782307029075034,0.8327508193390751,0.8781497238671561,0.9983020187257248,0.9987676756962428,10,SGD,0.8828,0.5812117631430155,0.6762950041667716,50509335.26450275,1.9798320345403276e-08,1.9798320345403277e-09,5050933.526450275,1.9798320345403274e-07,505093.3526450275,1.9798320345403276e-05,1137790752,11377907520,145350.7801446973,,,,,,,
3233,vit_small_patch32_224,96,0.03,0.0,0.0,3,3233_vit_small_patch32_224,656.2641623541713,79465.04214194987,0.8257,0.884,0.8317928128590395,0.8838858678260959,0.8249600527370146,0.8837097082412758,0.9982393923243156,0.9988282817534172,10,SGD,0.8833,0.5655943613078711,0.6896820327659801,52150059.31772566,1.917543360607651e-08,1.917543360607651e-09,5215005.9317725655,1.917543360607651e-07,521500.5931772565,1.9175433606076512e-05,1137790752,11377907520,143181.2934758838,,,,,,,
3234,vit_small_patch32_224,96,0.03,0.0,0.0,4,3234_vit_small_patch32_224,652.2989597551059,79050.4225253028,0.835,0.8745,0.8437774754902146,0.8746945394891681,0.8351978294156517,0.8748337013843853,0.9983333320824967,0.9987323222809292,10,SGD,0.8803,0.587461394270237,0.6683298205397039,51564508.381456606,1.9393184021116653e-08,1.9393184021116653e-09,5156450.838145661,1.9393184021116653e-07,515645.0838145661,1.9393184021116652e-05,1137790752,11377907520,143932.27963276365,,,,,,,
3235,vit_small_patch32_224,96,0.03,0.0,0.0,5,3235_vit_small_patch32_224,657.5759152569808,79634.2337708238,0.8278,0.881,0.8472969048584299,0.8814920355515927,0.8305132281083231,0.881672722364065,0.9982606042616542,0.9987979785548018,10,SGD,0.8776,0.5815024226565099,0.6838791455878419,52365554.157637835,1.9096522820892252e-08,1.909652282089225e-09,5236555.415763782,1.9096522820892255e-07,523655.5415763783,1.9096522820892253e-05,1137790752,11377907520,142877.08917679836,,,,,,,
3236,vit_small_patch32_224,96,0.03,0.0,0.0,6,3236_vit_small_patch32_224,649.9183855990414,78923.03742017533,0.8207,0.879,0.8329973570397466,0.8793245413756516,0.8219752711250321,0.8789076091036924,0.9981888877812622,0.9987777770302996,10,SGD,0.8787,0.5609182105009459,0.6785004879366642,51293533.06669308,1.9495635028684338e-08,1.949563502868434e-09,5129353.306669308,1.9495635028684338e-07,512935.3306669308,1.9495635028684336e-05,1137790752,11377907520,144164.59239177016,,,,,,,
3237,vit_small_patch32_224,96,0.03,0.0,0.0,7,3237_vit_small_patch32_224,652.7176134209149,79073.27621004096,0.8281,0.8758,0.8388763475572545,0.876728382058263,0.8290445275659789,0.8759670525821227,0.9982636351656744,0.9987454536799112,10,SGD,0.8813,0.5749152674327265,0.6717576081611526,51612520.133190736,1.937514381044387e-08,1.937514381044387e-09,5161252.013319073,1.9375143810443869e-07,516125.20133190736,1.937514381044387e-05,1137790752,11377907520,143890.68045918652,,,,,,,
3238,vit_small_patch32_224,96,0.03,0.0,0.0,8,3238_vit_small_patch32_224,655.0850502040703,79209.29018135593,0.8266,0.8834,0.8362692412020274,0.8818579463225634,0.8255104395977049,0.8820830888737653,0.9982484834500632,0.9988222212818764,10,SGD,0.8775,0.5696429845090905,0.6863627715427298,51888821.83508232,1.927197351248963e-08,1.927197351248963e-09,5188882.183508232,1.927197351248963e-07,518888.2183508232,1.9271973512489628e-05,1137790752,11377907520,143643.59905194683,,,,,,,
3239,vit_small_patch32_224,96,0.03,0.0,0.0,9,3239_vit_small_patch32_224,650.4174516380299,78894.11449995624,0.8291,0.8805,0.8416385433258091,0.88062465265531,0.8299586869419591,0.880414070334359,0.9982737361234044,0.9987929284186472,10,SGD,0.8818,0.5781474991550044,0.6818402472205874,51314108.90230048,1.9487817705340075e-08,1.9487817705340073e-09,5131410.890230048,1.9487817705340073e-07,513141.0890230048,1.9487817705340073e-05,1137790752,11377907520,144217.44374868815,,,,,,,
32310,vit_small_patch32_224,96,0.03,0.0,0.0,10,32310_vit_small_patch32_224,651.7828036111314,78788.38781586132,0.8291,0.8799,0.8412514209659047,0.8789961175275158,0.8279574314968409,0.8795646782386554,0.9982737360033718,0.998786867723844,10,SGD,0.8805,0.5764881436150805,0.6794552811242878,51352916.3026232,1.947309076094123e-08,1.947309076094123e-09,5135291.63026232,1.9473090760941229e-07,513529.163026232,1.9473090760941228e-05,1137790752,11377907520,144410.97013676236,,,,,,,
32311,vit_small_patch32_224,96,0.03,0.0,0.0,11,32311_vit_small_patch32_224,645.5809826171026,78389.5053492306,0.8338,0.8808,0.8443541926902114,0.8813199584035067,0.8353417910339179,0.8816911805323733,0.9983212105382822,0.9987959584606692,10,SGD,0.8818,0.5871121425459472,0.6836033529741623,50606773.89022491,1.9760200525115032e-08,1.976020052511503e-09,5060677.389022491,1.9760200525115034e-07,506067.7389022491,1.9760200525115034e-05,1137790752,11377907520,145145.80069501197,,,,,,,
32312,vit_small_patch32_224,96,0.03,0.0,0.0,12,32312_vit_small_patch32_224,659.8586373638827,79885.92764085661,0.835,0.8785,0.8411975908547891,0.8784185550110615,0.8357185789751455,0.8790379522619586,0.998333331881354,0.9987727262035424,10,SGD,0.8817,0.5860303714282739,0.6775128976644075,52713419.35764538,1.8970501481136857e-08,1.8970501481136856e-09,5271341.935764537,1.8970501481136861e-07,527134.1935764537,1.8970501481136862e-05,1137790752,11377907520,142426.93120059508,,,,,,,
32313,vit_small_patch32_224,96,0.03,0.0,0.0,13,32313_vit_small_patch32_224,643.934555699816,78187.7118979746,0.8245,0.8768,0.835166978502657,0.8773268553102953,0.8250569185638074,0.8780614082877228,0.9982272714053338,0.998755554627562,10,SGD,0.881,0.5671230715403907,0.674599573343202,50347769.52220749,1.986185305704393e-08,1.986185305704393e-09,5034776.952220749,1.986185305704393e-07,503477.6952220749,1.9861853057043927e-05,1137790752,11377907520,145520.40523767695,,,,,,,
32314,vit_small_patch32_224,96,0.03,0.0,0.0,14,32314_vit_small_patch32_224,656.2443777180742,79454.13233566536,0.8362,0.875,0.8433884236015894,0.874814280154447,0.8346955662161741,0.8748598087833546,0.9983454531867544,0.9987373727005148,10,SGD,0.8803,0.5876879009178868,0.6688268255060033,52141327.63174824,1.917864476068906e-08,1.917864476068906e-09,5214132.7631748235,1.917864476068906e-07,521413.27631748235,1.917864476068906e-05,1137790752,11377907520,143200.9536260795,,,,,,,
32315,vit_small_patch32_224,96,0.03,0.0,0.0,15,32315_vit_small_patch32_224,658.5978671060875,79696.41264834264,0.8401,0.8803,0.8477526957755553,0.880475098887838,0.8388956089137869,0.8796708169001991,0.9983848472915912,0.9987909081976454,10,SGD,0.8785,0.5964939818309482,0.680992838424895,52487887.38620508,1.9052014660868617e-08,1.9052014660868618e-09,5248788.738620507,1.905201466086862e-07,524878.8738620507,1.905201466086862e-05,1137790752,11377907520,142765.61694444867,,,,,,,
3241,vit_small_patch32_224,156,0.03,0.0,0.0,1,3241_vit_small_patch32_224,645.657309200149,78193.7875424538,0.8364,0.8828,0.8393906456210576,0.8821285840267908,0.8364193857496888,0.8819948135275485,0.9983474734865504,0.9988161607128586,10,SGD,0.8825,0.5862514937622196,0.6860342706779282,50486390.460828856,1.980731818757919e-08,1.980731818757919e-09,5048639.046082886,1.980731818757919e-07,504863.9046082886,1.980731818757919e-05,1137790752,11377907520,145509.098326035,,,,,,,
3242,vit_small_patch32_224,156,0.03,0.0,0.0,2,3242_vit_small_patch32_224,643.3195971439127,77814.99898849656,0.8418,0.8789,0.8466569159407547,0.8793091778395489,0.8417507982561705,0.879667638064287,0.998402018812669,0.998776766613238,10,SGD,0.8824,0.5989704113159001,0.678997408947979,50059913.80103358,1.9976063162524926e-08,1.997606316252493e-09,5005991.380103359,1.997606316252492e-07,500599.13801033585,1.9976063162524923e-05,1137790752,11377907520,146217.40882733936,,,,,,,
3243,vit_small_patch32_224,156,0.03,0.0,0.0,3,3243_vit_small_patch32_224,641.485175754875,77528.61084667536,0.8445,0.8788,0.8484147267182399,0.8779746016270257,0.844231463764344,0.8783621600517403,0.9984292914884167,0.9987757564527082,10,SGD,0.8844,0.6039301338707554,0.6768830064580195,49733454.55501085,2.0107189595966763e-08,2.0107189595966764e-09,4973345.455501085,2.0107189595966763e-07,497334.5455501085,2.0107189595966764e-05,1137790752,11377907520,146757.53113262335,,,,,,,
3244,vit_small_patch32_224,156,0.03,0.0,0.0,4,3244_vit_small_patch32_224,642.1493656800594,77823.34488648863,0.8314,0.8767,0.8371347772764652,0.8764258602079121,0.8322444170289184,0.877039401553023,0.9982969684188422,0.9987545445198294,10,SGD,0.8811,0.5782505402320043,0.67304493965952,49974211.55395917,2.0010320701513413e-08,2.0010320701513414e-09,4997421.155395917,2.0010320701513416e-07,499742.1155395917,2.0010320701513414e-05,1137790752,11377907520,146201.72824228462,,,,,,,
3245,vit_small_patch32_224,156,0.03,0.0,0.0,5,3245_vit_small_patch32_224,646.6463087799493,78602.19138924264,0.8447,0.884,0.8551133775266696,0.8845766567011804,0.8461409725079683,0.8847669081893977,0.9984313115089136,0.9988282816164454,10,SGD,0.8833,0.6102209483118515,0.6910467697160951,50827816.92386887,1.9674266189669805e-08,1.9674266189669804e-09,5082781.692386887,1.9674266189669805e-07,508278.1692386887,1.9674266189669806e-05,1137790752,11377907520,144753.05737541002,,,,,,,
3246,vit_small_patch32_224,156,0.03,0.0,0.0,6,3246_vit_small_patch32_224,644.7720920830034,78494.26684547593,0.8395,0.8775,0.8425052497988677,0.8783615404216701,0.8391094139390637,0.8774827546264033,0.9983787868872984,0.998762625505882,10,SGD,0.8864,0.5925257850764833,0.6754937095873408,50610912.65047904,1.9758584614074033e-08,1.975858461407403e-09,5061091.265047904,1.9758584614074032e-07,506109.1265047904,1.9758584614074035e-05,1137790752,11377907520,144952.08347379797,,,,,,,
3247,vit_small_patch32_224,156,0.03,0.0,0.0,7,3247_vit_small_patch32_224,637.3468252660241,77633.59213092024,0.8334,0.8839,0.8390172432117091,0.8847543165099856,0.833908552799327,0.8841251925987399,0.9983171705561452,0.998827271918178,10,SGD,0.8843,0.5821184328000529,0.6906054185259894,49479523.4786394,2.021038057150461e-08,2.021038057150461e-09,4947952.347863941,2.0210380571504605e-07,494795.2347863941,2.0210380571504606e-05,1137790752,11377907520,146559.07588061172,,,,,,,
3248,vit_small_patch32_224,156,0.03,0.0,0.0,8,3248_vit_small_patch32_224,632.4544554189779,76995.36652425409,0.8411,0.8832,0.8475967073117979,0.8816691655032478,0.8394206000634776,0.8818674491419813,0.9983949482134664,0.9988202010782432,10,SGD,0.8786,0.5974738358187407,0.6858913767505292,48696062.60488172,2.053554120204682e-08,2.053554120204682e-09,4869606.260488172,2.053554120204682e-07,486960.6260488172,2.053554120204682e-05,1137790752,11377907520,147773.9250246426,,,,,,,
3249,vit_small_patch32_224,156,0.03,0.0,0.0,9,3249_vit_small_patch32_224,638.8413182960358,77779.95546130561,0.837,0.8811,0.8434475764776753,0.8813842086107815,0.8372091723869596,0.8811952969898982,0.998353534161,0.9987989890290976,10,SGD,0.8846,0.5900677650785903,0.6835034816443941,49689049.28390742,2.0125158649873096e-08,2.0125158649873095e-09,4968904.928390742,2.0125158649873095e-07,496890.4928390742,2.0125158649873096e-05,1137790752,11377907520,146283.28664523782,,,,,,,
32410,vit_small_patch32_224,156,0.03,0.0,0.0,10,32410_vit_small_patch32_224,628.2906907850411,77015.59925587667,0.8386,0.883,0.8449566141816324,0.8823053752338937,0.837978466707718,0.8826179539958392,0.9983696956755072,0.9988181808800144,10,SGD,0.8819,0.5928072642442357,0.6868135032381336,48388184.05769865,2.066620228623558e-08,2.066620228623558e-09,4838818.405769865,2.0666202286235583e-07,483881.8405769865,2.066620228623558e-05,1137790752,11377907520,147735.10340675313,,,,,,,
32411,vit_small_patch32_224,156,0.03,0.0,0.0,11,32411_vit_small_patch32_224,646.1416874201968,78790.37132265983,0.8384,0.8843,0.8477672626445739,0.8845035244626794,0.8402167276866409,0.8846073007705877,0.9983676752285584,0.9988313120293576,10,SGD,0.8833,0.5962244013536757,0.691101539756382,50909743.47888731,1.964260535735577e-08,1.964260535735577e-09,5090974.347888731,1.9642605357355771e-07,509097.4347888731,1.964260535735577e-05,1137790752,11377907520,144407.3346653686,,,,,,,
32412,vit_small_patch32_224,156,0.03,0.0,0.0,12,32412_vit_small_patch32_224,640.926553215133,77985.40335120648,0.8418,0.8796,0.8455907741725223,0.8795228193790421,0.8431809394631357,0.880128040018781,0.99840201880988,0.9987838373243332,10,SGD,0.8861,0.599232539528954,0.6800638593160636,49982915.77098065,2.0006836027372885e-08,2.0006836027372884e-09,4998291.577098065,2.0006836027372883e-07,499829.1577098065,2.0006836027372884e-05,1137790752,11377907520,145897.91205874397,,,,,,,
32413,vit_small_patch32_224,156,0.03,0.0,0.0,13,32413_vit_small_patch32_224,636.0314117700327,77559.4113852528,0.8337,0.8839,0.8407004281873717,0.8842566230761048,0.8347175376759952,0.8847848729152034,0.9983202007675614,0.9988272718527592,10,SGD,0.8847,0.5840640389940733,0.6907319357988975,49330221.91941509,2.0271548780655822e-08,2.027154878065582e-09,4933022.191941509,2.027154878065582e-07,493302.2191941509,2.0271548780655822e-05,1137790752,11377907520,146699.25050724926,,,,,,,
32414,vit_small_patch32_224,156,0.03,0.0,0.0,14,32414_vit_small_patch32_224,627.8355582421646,76840.20970424531,0.8393,0.8778,0.8472705709048869,0.8772973067232858,0.8384269693873831,0.8773816669085354,0.9983767663437816,0.998765655552023,10,SGD,0.8869,0.5952495153319199,0.674830228092617,48243015.95510984,2.072838897407452e-08,2.072838897407452e-09,4824301.595510984,2.0728388974074523e-07,482430.1595510984,2.072838897407452e-05,1137790752,11377907520,148072.31218906195,,,,,,,
32415,vit_small_patch32_224,156,0.03,0.0,0.0,15,32415_vit_small_patch32_224,639.8652560890187,78130.41867172692,0.8437,0.8848,0.8462649697416726,0.8847232038505528,0.8427155190715419,0.8845281575168527,0.99842121095482,0.9988363627766812,10,SGD,0.8809,0.6007436705418755,0.6916056599241369,49992940.35172679,2.0002824258074654e-08,2.0002824258074656e-09,4999294.0351726785,2.000282425807466e-07,499929.4035172679,2.0002824258074656e-05,1137790752,11377907520,145627.11570515783,,,,,,,
326,vit_l_32,128,0.03,0.0,0.0,1,326_vit_l_32,1796.7424304999877,357680.0924644147,0.786,0.8634,0.7871480304741318,0.8622330864275188,0.7834141242591519,0.8619330020560823,0.9978383821890084,0.9986202009673764,10,SGD,0.8664,0.4836492978478376,0.6407824150110664,642658998.6759728,1.556035163376274e-09,1.5560351633762741e-10,64265899.86759729,1.5560351633762738e-08,6426589.986759729,1.5560351633762738e-06,15382805008,153828050080,430071.6011901172,,,,,,,
3411,vit_l_32,64,0.03,0.0,0.0,1,3411_vit_l_32,1831.4590718250256,362634.4258842032,0.7994,0.8685,0.8031889535138856,0.8673978556303745,0.7986672864708898,0.8671869004244112,0.9979737358276404,0.9986717161581988,10,SGD,0.8692,0.5117606375056528,0.6524145319587634,664150109.0416839,1.505683709730803e-09,1.505683709730803e-10,66415010.90416838,1.5056837097308033e-08,6641501.090416838,1.5056837097308032e-06,15382805008,153828050080,424195.937009909,,,,,,,
3412,vit_l_32,64,0.03,0.0,0.0,2,3412_vit_l_32,1823.3483356519137,360635.3615554751,0.8059,0.8719,0.8137271581396402,0.8720634990813352,0.8063577679602737,0.8726100911742001,0.99803939223476,0.9987060594810552,10,SGD,0.8731,0.5277587272017203,0.6626324540409134,657563886.2694017,1.5207647817664721e-09,1.5207647817664721e-10,65756388.62694017,1.5207647817664723e-08,6575638.862694017,1.5207647817664722e-06,15382805008,153828050080,426547.3286272213,,,,,,,
3262,vit_l_32,128,0.03,0.0,0.0,2,3262_vit_l_32,1769.138133896049,351063.52399410296,0.7844,0.8638,0.7887442468785073,0.8638890129290447,0.7862251528423472,0.86437042565003,0.99782222032877,0.9986242412281008,10,SGD,0.8645,0.4853710777425309,0.6441294467497622,621079867.7178981,1.6100988809610102e-09,1.6100988809610102e-10,62107986.77178982,1.61009888096101e-08,6210798.677178982,1.6100988809610101e-06,15382805008,153828050080,438177.25159787305,,,,,,,
331,vit_l_32,72,0.03,0.0,0.0,1,331_vit_l_32,1823.096558206016,361442.853917946,0.7942,0.8667,0.7993602188521598,0.8656223054859781,0.793191678810127,0.8652790818500307,0.997921210535037,0.998653534326144,10,SGD,0.8686,0.5025124394745408,0.6482884489975717,658945222.9659672,1.51757682603558e-09,1.51757682603558e-10,65894522.296596706,1.51757682603558e-08,6589452.229659671,1.5175768260355801e-06,15382805008,153828050080,425594.3876398279,,,,,,,
3312,vit_l_32,72,0.03,0.0,0.0,2,3312_vit_l_32,1838.7835254329257,363199.9195652184,0.7762,0.8713,0.7854206110353236,0.8716354762673937,0.7768872037946906,0.8717632830527532,0.9977393919739274,0.998699998869725,10,SGD,0.8683,0.4725535384503356,0.6612051612375789,667846028.5350873,1.4973511217750124e-09,1.4973511217750124e-10,66784602.85350873,1.4973511217750123e-08,6678460.285350873,1.4973511217750126e-06,15382805008,153828050080,423535.4739729718,,,,,,,
332,vit_l_32,96,0.03,0.0,0.0,1,332_vit_l_32,1792.8713175198063,354699.8964083336,0.7876,0.8659,0.7897694471293323,0.8644564116783144,0.7859491508683036,0.86436922531367,0.9978545438175016,0.9986454535118974,10,SGD,0.8684,0.4878291238092641,0.6461323190053397,635931270.5977479,1.5724969760647928e-09,1.5724969760647929e-10,63593127.059774786,1.572496976064793e-08,6359312.705977479,1.5724969760647927e-06,15382805008,153828050080,433685.07190910424,,,,,,,
3322,vit_l_32,96,0.03,0.0,0.0,2,3322_vit_l_32,1799.504208290018,355911.17370006815,0.7921,0.8691,0.7992556729458523,0.8691791566439455,0.7938257893071404,0.8696267767493705,0.9978999981741712,0.998677776628182,10,SGD,0.8696,0.5015081169305123,0.6560506082726018,640463654.8507122,1.5613688496236268e-09,1.5613688496236268e-10,64046365.48507123,1.5613688496236264e-08,6404636.548507122,1.5613688496236267e-06,15382805008,153828050080,432209.10566194606,,,,,,,
333,vit_b_16,128,0.03,0.0,0.0,1,333_vit_b_16,1984.046183489961,407186.6810170965,0.7757,0.8737,0.7814779392296184,0.8733117891328311,0.7738453936187756,0.8724548960745541,0.9977343417055822,0.9987242414508026,10,SGD,0.8728,0.4680364068244033,0.664844735447918,807877180.4399145,1.237811915241211e-09,1.237811915241211e-10,80787718.04399145,1.237811915241211e-08,8078771.804399145,1.237811915241211e-06,17262805008,172628050080,423953.0862080233,,,,,,,
334,vit_b_16,128,0.02,0.0,0.0,1,334_vit_b_16,1999.505530672148,408379.7558273119,0.7676,0.8728,0.7710870700213366,0.8725810992256009,0.7652005252738381,0.871682445076428,0.9976525234613344,0.9987151505347752,10,SGD,0.8728,0.4518486110747272,0.6630106081038999,816557580.3912516,1.2246533790315833e-09,1.2246533790315832e-10,81655758.03912514,1.2246533790315835e-08,8165575.803912515,1.2246533790315834e-06,17262805008,172628050080,422714.5141665587,,,,,,,
335,vit_b_16,128,0.01,0.0,0.0,1,335_vit_b_16,1994.0530377670657,408302.5177544925,0.717,0.8646,0.7213759317059159,0.8643780301327173,0.7140287522039154,0.863532029726553,0.9971414119602308,0.9986323221887464,10,SGD,0.8609,0.3682589047641113,0.6444704669479424,814176875.8562871,1.2282343427504972e-09,1.2282343427504973e-10,81417687.58562872,1.2282343427504972e-08,8141768.758562871,1.2282343427504972e-06,17262805008,172628050080,422794.47853858006,,,,,,,
336,vit_b_16,128,0.04,0.0,0.0,1,336_vit_b_16,2003.743216627976,409662.0049806237,0.7805,0.8737,0.7880638517448414,0.8729710959459172,0.7784857545923661,0.8725747951906974,0.9977828265910624,0.9987242414508026,10,SGD,0.8733,0.477772346407419,0.6646767008314816,820857463.5901408,1.2182382987983723e-09,1.2182382987983723e-10,82085746.3590141,1.2182382987983722e-08,8208574.635901409,1.2182382987983722e-06,17262805008,172628050080,421391.4104339869,,,,,,,
3332,vit_b_16,128,0.03,0.0,0.0,2,3332_vit_b_16,2013.0232881279665,410267.68490210944,0.759,0.8757,0.7711967149537096,0.8762816704246138,0.7604754446481686,0.8756954931179045,0.9975656544491356,0.9987444433528112,10,SGD,0.8766,0.4440517956166845,0.6711298690602485,825878404.0742928,1.2108320002880763e-09,1.2108320002880762e-10,82587840.40742928,1.2108320002880762e-08,8258784.040742928,1.210832000288076e-06,17262805008,172628050080,420769.30850936833,,,,,,,
3342,vit_b_16,128,0.02,0.0,0.0,2,3342_vit_b_16,1986.8429297530088,407156.10582670814,0.7526,0.8676,0.7571865238315677,0.8677536845452594,0.7544046794671334,0.8676815547224388,0.9975010079282828,0.998662625099857,10,SGD,0.8696,0.4288296511216847,0.6523717882164081,808955230.1675628,1.2361623520165203e-09,1.2361623520165202e-10,80895523.0167563,1.2361623520165202e-08,8089552.301675629,1.2361623520165202e-06,17262805008,172628050080,423984.92275951063,,,,,,,
3352,vit_b_16,128,0.04,0.0,0.0,2,3352_vit_b_16,2001.364242000971,409485.83843438135,0.7828,0.8799,0.7928922206862212,0.8802947638001233,0.7835557613992878,0.8800519580417344,0.9978060586985568,0.998786867632121,10,SGD,0.8772,0.4852672906834658,0.6808360968556902,819530314.6483577,1.2202111162038927e-09,1.2202111162038927e-10,81953031.46483578,1.2202111162038926e-08,8195303.146483578,1.2202111162038925e-06,17262805008,172628050080,421572.6989241486,,,,,,,
3372,vit_b_16,128,0.03,0.0,0.05,2,3372_vit_b_16,2095.946327243932,430383.13979612506,0.746,0.8778,0.7531981238823855,0.8780885669929448,0.7473011187281502,0.8780614544851957,0.997434341203653,0.9987656554924662,10,SGD,0.8777,0.4188205725405461,0.67596220138739,902059961.1634,1.1085737567936009e-09,1.1085737567936009e-10,90205996.11634,1.108573756793601e-08,9020599.611634,1.108573756793601e-06,17262805008,172628050080,401103.1895017423,,,,,,,
339,vit_b_16,72,0.03,0.0,0.0,1,339_vit_b_16,2036.4048868000973,417351.15879992855,0.7623,0.875,0.7776273702959431,0.8740249622984306,0.7612404173036225,0.8738027026642342,0.9975989880669498,0.9987373727739534,10,SGD,0.8772,0.4501687010967156,0.6674159395764179,849895939.291858,1.1766146345318584e-09,1.1766146345318585e-10,84989593.9291858,1.1766146345318585e-08,8498959.39291858,1.1766146345318586e-06,17262805008,172628050080,413627.8202183095,,,,,,,
3392,vit_b_16,72,0.03,0.0,0.0,2,3392_vit_b_16,2041.4283545471264,417840.69145167794,0.791,0.8758,0.804179997622413,0.876718925574581,0.7912883362848323,0.8761740283043299,0.9978888870533996,0.9987454534546998,10,SGD,0.8761,0.5022809425410877,0.6719090852455691,852991835.2130325,1.1723441640566848e-09,1.1723441640566848e-10,85299183.52130324,1.172344164056685e-08,8529918.352130324,1.172344164056685e-06,17262805008,172628050080,413143.22327068984,,,,,,,
340,vit_b_16,96,0.03,0.0,0.0,1,340_vit_b_16,2023.4406073060816,414376.7693924149,0.7799,0.8784,0.7842346975916671,0.8776978052989648,0.7784526549768941,0.8771274808712881,0.9977767659803772,0.998771716234502,10,SGD,0.8745,0.4750622973482351,0.675408143466603,838466781.9129201,1.1926530920146293e-09,1.1926530920146293e-10,83846678.191292,1.1926530920146294e-08,8384667.819129201,1.1926530920146292e-06,17262805008,172628050080,416596.8336813814,,,,,,,
3402,vit_b_16,96,0.03,0.0,0.0,2,3402_vit_b_16,2015.3470246428624,413513.1258282375,0.7868,0.8764,0.7965044201676282,0.8772715872384227,0.7871725916755591,0.8767494577247374,0.99784646277409,0.9987515140660296,10,SGD,0.8777,0.4922505700649516,0.6732391908225921,833372447.788708,1.199943677827874e-09,1.199943677827874e-10,83337244.7788708,1.1999436778278737e-08,8333724.47788708,1.1999436778278738e-06,17262805008,172628050080,417466.91772900376,,,,,,,
366,vit_b_32,128,0.03,0.0,0.025,20,366_vit_b_32,948.317425618996,157364.13673933523,0.724,0.8652,0.7331179836064419,0.8648967304226978,0.7240190454116743,0.8648744650426103,0.9972121189584576,0.9986383827376816,10,SGD,0.8673,0.3832215979888563,0.6463118151389949,149231153.03740206,6.7010136934971495e-09,6.70101369349715e-10,14923115.303740205,6.70101369349715e-08,1492311.5303740206,6.70101369349715e-06,4398947904,43989479040,279539.4169947761,,,,,,,
367,vit_b_32,128,0.03,0.0,0.025,21,367_vit_b_32,935.451631325006,155625.8359229129,0.7164,0.8586,0.7287471693254356,0.8593438005914058,0.7179524447304331,0.8595415993674829,0.9971353516200644,0.998571716216774,10,SGD,0.8669,0.3737509027709615,0.6332919876207977,145580442.0904066,6.8690545628305765e-09,6.869054562830576e-10,14558044.20904066,6.869054562830577e-08,1455804.420904066,6.869054562830577e-06,4398947904,43989479040,282661.8008451346,,,,,,,
368,vit_b_32,128,0.03,0.0,0.025,22,368_vit_b_32,943.2553163770352,156321.39143836152,0.7135,0.8573,0.7222568175495923,0.857595448477972,0.714242498260368,0.8580112988797204,0.997106058484844,0.9985585848020496,10,SGD,0.8686,0.3670055823163731,0.6299148515409635,147450983.53769007,6.781914748940207e-09,6.781914748940208e-10,14745098.353769006,6.781914748940208e-08,1474509.8353769006,6.781914748940207e-06,4398947904,43989479040,281404.09086203226,,,,,,,
369,vit_b_32,128,0.03,0.0,0.025,23,369_vit_b_32,947.5515163610108,157032.78287056918,0.7214,0.8697,0.7282104925694513,0.8685040009086957,0.7203888696232261,0.8687402675728663,0.9971858563935004,0.998683837358482,10,SGD,0.8646,0.377377648873672,0.6553288190388862,148796651.5273972,6.720581341952275e-09,6.720581341952274e-10,14879665.152739719,6.720581341952275e-08,1487966.515273972,6.720581341952275e-06,4398947904,43989479040,280129.27132710477,,,,,,,
370,vit_b_32,128,0.03,0.0,0.025,24,370_vit_b_32,930.1411193420064,154993.22450673336,0.7164,0.8635,0.7273940311263636,0.8633905853371641,0.7150702714716961,0.8625820740206138,0.9971353512780388,0.9986212110347402,10,SGD,0.8663,0.3715593090548194,0.6422008343145164,144165571.33311987,6.936468886106825e-09,6.936468886106825e-10,14416557.133311985,6.936468886106826e-08,1441655.7133311986,6.936468886106826e-06,4398947904,43989479040,283815.4969676689,,,,,,,
371,vit_b_32,128,0.03,0.0,0.025,25,371_vit_b_32,938.4274026220082,156031.16357602837,0.7086,0.8671,0.719492269721387,0.8664902406509242,0.709005585140813,0.8671862405843817,0.9970565631423788,0.9986575746109202,10,SGD,0.8676,0.36040991753282,0.6506715838241631,146423919.562742,6.829485257506062e-09,6.829485257506062e-10,14642391.9562742,6.829485257506062e-08,1464239.19562742,6.829485257506062e-06,4398947904,43989479040,281927.5203223458,,,,,,,
372,vit_b_32,128,0.03,0.0,0.025,26,372_vit_b_32,950.5460446020006,157361.85951569566,0.7126,0.8649,0.7218112056514602,0.8659813785801291,0.7162471207899911,0.8656449818458565,0.9970969674582968,0.9986353524830056,10,SGD,0.8694,0.3673412694764567,0.6474723139096685,149579693.1338602,6.685399461978379e-09,6.685399461978379e-10,14957969.31338602,6.685399461978379e-08,1495796.931338602,6.685399461978379e-06,4398947904,43989479040,279543.4622810388,,,,,,,
373,vit_b_32,128,0.03,0.0,0.025,28,373_vit_b_32,939.9941954989918,156195.9263112829,0.7381,0.8695,0.7467397818021371,0.868839685384361,0.7371773411160509,0.869429561232862,0.9973545433485008,0.9986818171324148,10,SGD,0.8674,0.4052341544243417,0.6559500677257816,146823264.0931942,6.810909743603458e-09,6.810909743603458e-10,14682326.409319418,6.810909743603459e-08,1468232.6409319418,6.810909743603458e-06,4398947904,43989479040,281630.13004790765,,,,,,,
374,vit_b_32,128,0.03,0.0,0.025,27,374_vit_b_32,944.7135599050088,156790.062598077,0.7206,0.8637,0.731245285990755,0.8647518932107277,0.7221384584468378,0.8642818502383135,0.9971777757884992,0.9986232313528004,10,SGD,0.8708,0.3794463700206166,0.6446314636733524,148121698.19475847,6.751205341199542e-09,6.751205341199542e-10,14812169.81947585,6.75120534119954e-08,1481216.981947585,6.751205341199541e-06,4398947904,43989479040,280562.92797563766,,,,,,,
375,vit_b_32,128,0.03,0.0,0.075,1,375_vit_b_32,946.7877084800276,156882.64074992028,0.6527,0.8656,0.669908904090258,0.8645320434050591,0.6512583917144559,0.8637803495746739,0.9964919165151525,0.9986424232065548,10,SGD,0.8644,0.2837634629158538,0.6455229301295778,148534555.93591243,6.732440095835112e-09,6.732440095835112e-10,14853455.593591241,6.732440095835113e-08,1485345.5593591242,6.732440095835112e-06,4398947904,43989479040,280397.3647417224,,,,,,,
376,vit_b_32,128,0.03,0.0,0.075,2,376_vit_b_32,946.6705884590046,156902.7361682725,0.6705,0.8642,0.6832344114044786,0.8653138519557352,0.6701944423678796,0.8647306449499483,0.9966717142779672,0.998628281635654,10,SGD,0.8682,0.3060000299810548,0.6457622142172631,148535205.5792465,6.732410650392779e-09,6.732410650392779e-10,14853520.557924649,6.732410650392779e-08,1485352.0557924649,6.732410650392779e-06,4398947904,43989479040,280361.4526697793,,,,,,,
377,vit_b_32,128,0.03,0.0,0.075,3,377_vit_b_32,943.3727683210165,156371.19746051377,0.6649,0.8613,0.6721845762165618,0.8602875681472184,0.6648633433700677,0.8606930615127409,0.9966151484100868,0.9985989886137844,10,SGD,0.8643,0.2961452350457483,0.6368505350637438,147516329.43399715,6.778910537137703e-09,6.778910537137703e-10,14751632.943399716,6.778910537137703e-08,1475163.2943399716,6.778910537137703e-06,4398947904,43989479040,281314.4604274585,,,,,,,
378,vit_b_32,128,0.03,0.0,0.075,4,378_vit_b_32,950.7910067219636,157522.76955315,0.6706,0.8599,0.68031585674775,0.8606942679093171,0.6736361419217383,0.8602724216508699,0.9966727247756024,0.9985848474227744,10,SGD,0.8601,0.3063035963564661,0.6357960595813432,149771232.64507136,6.676849634868167e-09,6.676849634868167e-10,14977123.264507137,6.676849634868166e-08,1497712.3264507137,6.676849634868167e-06,4398947904,43989479040,279257.9076966866,,,,,,,
379,vit_b_32,128,0.03,0.0,0.075,5,379_vit_b_32,944.3205326399766,156587.47561340424,0.6498,0.8652,0.6683775973861458,0.8667519441062457,0.652678506481265,0.865982286375846,0.9964626226041304,0.998638382430145,10,SGD,0.8643,0.2824632266259793,0.6485278006969091,147868768.37599924,6.762753291196758e-09,6.762753291196759e-10,14786876.837599926,6.762753291196758e-08,1478687.6837599925,6.762753291196758e-06,4398947904,43989479040,280925.9097362599,,,,,,,
380,vit_b_32,128,0.03,0.0,0.075,6,380_vit_b_32,934.3686465579668,155585.9651666958,0.6655,0.8581,0.6814880118454666,0.8583514584471302,0.6660339789523049,0.8578104794052428,0.9966212100548366,0.9985666657900788,10,SGD,0.8664,0.3010459520629113,0.6309158865869885,145374647.69622052,6.87877849299853e-09,6.878778492998531e-10,14537464.769622052,6.87877849299853e-08,1453746.4769622053,6.8787784929985295e-06,4398947904,43989479040,282734.2362974025,,,,,,,
381,vit_b_32,128,0.03,0.0,0.075,7,381_vit_b_32,942.2302115110216,156308.71140004645,0.6615,0.8623,0.674322901051899,0.8618982597425776,0.6628353116948845,0.8620335716865817,0.9965808057218196,0.998609089949467,10,SGD,0.8637,0.294656423373244,0.6397850454570557,147278790.203481,6.789843932166987e-09,6.789843932166987e-10,14727879.0203481,6.789843932166986e-08,1472787.90203481,6.789843932166986e-06,4398947904,43989479040,281426.91885813174,,,,,,,
382,vit_b_32,128,0.03,0.0,0.075,8,382_vit_b_32,930.5339943889994,155212.61259008627,0.661,0.8617,0.6788663288130504,0.8612349914986811,0.6576589181343655,0.8600420173875343,0.9965757548418192,0.9986030291876804,10,SGD,0.8634,0.2941011745941312,0.637368077291791,144430612.37300527,6.923739943838281e-09,6.923739943838281e-10,14443061.237300526,6.92373994383828e-08,1444306.1237300527,6.923739943838281e-06,4398947904,43989479040,283414.33280409646,,,,,,,
383,vit_b_32,128,0.03,0.0,0.01,8,383_vit_b_32,949.2654747539782,157156.39586183472,0.7361,0.8661,0.7430145655875567,0.864291521775247,0.7333690585752086,0.864680080654025,0.9973343413060652,0.9986474736676096,10,SGD,0.8639,0.4000345495367415,0.6463919712877341,149183140.72840866,6.703170312123426e-09,6.703170312123426e-10,14918314.072840868,6.703170312123425e-08,1491831.4072840868,6.703170312123425e-06,4398947904,43989479040,279908.93274667417,,,,,,,
384,vit_b_32,128,0.03,0.0,0.01,7,384_vit_b_32,927.9839563600252,154890.01218972707,0.7295,0.859,0.741428917639291,0.8583781478549374,0.7307680312153275,0.8588115284030237,0.9972676748825766,0.9985757565931362,10,SGD,0.8695,0.3941722978727043,0.6323400665004932,143735446.31247547,6.957226109877152e-09,6.957226109877152e-10,14373544.631247547,6.957226109877152e-08,1437354.4631247546,6.957226109877153e-06,4398947904,43989479040,284004.6199112996,,,,,,,
385,vit_b_32,128,0.03,0.0,0.01,9,385_vit_b_32,947.710541923996,157043.1460577922,0.7173,0.8643,0.7344458857804571,0.8650157051404297,0.7193246093323215,0.8642230193215188,0.9971444423761638,0.9986292919364887,10,SGD,0.8666,0.3778710537710364,0.6452360682748249,148831445.0558795,6.719010217394214e-09,6.719010217394214e-10,14883144.50558795,6.719010217394214e-08,1488314.4505587951,6.719010217394214e-06,4398947904,43989479040,280110.78575700324,,,,,,,
386,vit_b_32,128,0.03,0.0,0.01,6,386_vit_b_32,936.5002868890296,155882.14851778667,0.7358,0.8586,0.7449788438668243,0.8591550415021362,0.7360913455675672,0.8581766688977099,0.9973313114992164,0.9985717162982178,10,SGD,0.8651,0.4024156747744863,0.6321474511018778,145983676.80778554,6.850080925942731e-09,6.850080925942731e-10,14598367.680778552,6.850080925942733e-08,1459836.7680778552,6.8500809259427324e-06,4398947904,43989479040,282197.02806431777,,,,,,,
387,vit_b_32,128,0.03,0.0,0.01,4,387_vit_b_32,923.56560545502,154405.23929226142,0.7215,0.8587,0.7368380458664013,0.8585293567368578,0.7230576204483241,0.8589978047386458,0.997186866575608,0.9985727262015563,10,SGD,0.8644,0.3833167834233655,0.6323657897114745,142603368.31238467,7.0124570817248575e-09,7.012457081724857e-10,14260336.831238465,7.012457081724858e-08,1426033.6831238465,7.0124570817248584e-06,4398947904,43989479040,284896.28487758635,,,,,,,
388,vit_b_32,128,0.03,0.0,0.01,5,388_vit_b_32,931.9016153729754,155410.07521167432,0.731,0.8643,0.7448502756136272,0.864660353161423,0.7334959246909323,0.8653622388114706,0.9972828254726188,0.998629291511652,10,SGD,0.8648,0.3982927535124462,0.6458212036946246,144826900.1349949,6.9047946139003735e-09,6.904794613900374e-10,14482690.01349949,6.904794613900373e-08,1448269.001349949,6.9047946139003725e-06,4398947904,43989479040,283054.22914238146,,,,,,,
389,vit_b_32,128,0.03,0.0,0.01,2,389_vit_b_32,943.7875898359924,156660.33296960063,0.7183,0.8646,0.7300999903067482,0.8639718311214644,0.7185415753032732,0.8646990434277315,0.997154542980587,0.9986323220432072,10,SGD,0.8668,0.3757531093863788,0.6450381648203752,147854078.07628343,6.763425216341093e-09,6.763425216341093e-10,14785407.807628343,6.763425216341093e-08,1478540.7807628342,6.763425216341093e-06,4398947904,43989479040,280795.2607156529,,,,,,,
3901,vit_b_32,128,0.03,0.0,0.0,1,3901_vit_b_32,957.4391608089792,160426.11553543978,0.7382,0.8628,0.7548655975616313,0.8629159590818876,0.7374044689614705,0.8633802335552878,0.9973555512603854,0.9986141391631964,10,SGD,0.8654,0.4098259446428453,0.6419163682630202,153598245.4300958,6.510491035883028e-09,6.510491035883028e-10,15359824.54300958,6.510491035883028e-08,1535982.454300958,6.510491035883028e-06,4398947904,43989479040,274203.97790709004,54000.0,09,540000.0,3.366035499879123,0.006009055124678453,0.06009055124678452,6.0090551246784525
3902,vit_b_32,128,0.03,0.0,0.0,2,3902_vit_b_32,953.5753203820204,160199.71263301934,0.751,0.8554,0.7676320970421442,0.8542466138364929,0.7511437327883179,0.8547878686070056,0.9974848440508962,0.9985393913644962,10,SGD,0.8659,0.4319389978439248,0.623700459217001,152762492.29913902,6.54610948636399e-09,6.54610948636399e-10,15276249.229913902,6.54610948636399e-08,1527624.92299139,6.546109486363991e-06,4398947904,43989479040,274591.4978060527,54000.0,09,540000.0,3.3707925633862756,0.006059019886643717,0.060590198866437184,6.059019886643719
3903,vit_b_32,128,0.03,0.0,0.0,3,3903_vit_b_32,958.3263049660018,160673.2069939603,0.7514,0.8618,0.7598201234930043,0.860511615705291,0.7510155916789796,0.8616759755988848,0.9974888837628904,0.9986040375544306,10,SGD,0.8632,0.4276997536407353,0.6381173148230025,153977360.76555952,6.494461231366114e-09,6.494461231366113e-10,15397736.076555952,6.494461231366113e-08,1539773.6076555953,6.494461231366113e-06,4398947904,43989479040,273782.29303441715,54000.0,09,540000.0,3.36085903868402,0.005975837549114354,0.05975837549114353,5.975837549114353
3904,vit_b_32,128,0.03,0.0,0.0,4,3904_vit_b_32,967.2291827669832,161491.37841446075,0.7538,0.8582,0.7655921146748258,0.8577116574502404,0.7537997567606665,0.858214945938399,0.9975131274541444,0.998567674545076,10,SGD,0.8624,0.4339385141580592,0.6308170157905711,156199173.9677325,6.40208251169484e-09,6.402082511694839e-10,15619917.396773249,6.40208251169484e-08,1561991.739677325,6.40208251169484e-06,4398947904,43989479040,272395.216833823,54000.0,09,540000.0,3.343831759328433,0.005831297016501853,0.05831297016501853,5.8312970165018525
3905,vit_b_32,128,0.03,0.0,0.0,5,3905_vit_b_32,940.5924242750044,158565.64328777988,0.7512,0.8608,0.7605695513862032,0.8647239591684168,0.7541593728090835,0.8622358959373214,0.997486863613463,0.9985939365554424,10,SGD,0.8663,0.4297984372003444,0.6409066449574715,149145642.82677847,6.704855609904913e-09,6.704855609904913e-10,14914564.282677844,6.704855609904913e-08,1491456.4282677844,6.7048556099049134e-06,4398947904,43989479040,277421.25045438594,54000.0,09,540000.0,3.4055296519685356,0.00633452158978507,0.0633452158978507,6.33452158978507
3906,vit_b_32,128,0.03,0.0,0.0,6,3906_vit_b_32,941.6590153160504,158617.95679415087,0.7514,0.8644,0.7646532157368513,0.8635824060330265,0.751091443908879,0.8630732150765106,0.9974888848059998,0.9986303008032726,10,SGD,0.8644,0.4304637549222647,0.6433849862648674,149364029.00622395,6.695052394163325e-09,6.695052394163325e-10,14936402.900622394,6.695052394163326e-08,1493640.2900622394,6.695052394163325e-06,4398947904,43989479040,277329.7546449176,54000.0,09,540000.0,3.4044064802876894,0.006321088284585643,0.06321088284585645,6.3210882845856435
3907,vit_b_32,128,0.03,0.0,0.0,7,3907_vit_b_32,958.9784318869932,160617.27644892936,0.7208,0.8624,0.7481749748265891,0.8630957231882117,0.722060673968427,0.8634002179225222,0.9971797942761412,0.998610099184803,10,SGD,0.868,0.3882979680735104,0.6417646926338199,154028503.90295398,6.492304830994478e-09,6.492304830994478e-10,15402850.390295397,6.492304830994478e-08,1540285.0390295398,6.492304830994478e-06,4398947904,43989479040,273877.6301812533,54000.0,09,540000.0,3.3620293653260953,0.00597801453525405,0.0597801453525405,5.97801453525405
3908,vit_b_32,128,0.03,0.0,0.0,8,3908_vit_b_32,952.0619982579956,160043.24997452338,0.7534,0.8714,0.7663114135478487,0.8702911413496862,0.7504785768002397,0.8687274981715071,0.997509087339679,0.9987010082395892,10,SGD,0.8683,0.4322013012400217,0.65796255051367,152371096.37844864,6.5629244900638516e-09,6.562924490063851e-10,15237109.637844862,6.562924490063852e-08,1523710.9637844863,6.562924490063852e-06,4398947904,43989479040,274859.9459646221,54000.0,09,540000.0,3.3740879423903247,0.006086466866536633,0.06086466866536633,6.086466866536633
3909,vit_b_32,128,0.03,0.0,0.0,9,3909_vit_b_32,954.1270746279624,160106.8128164694,0.7414,0.8594,0.7439323996583899,0.8583799815686401,0.7419718568860755,0.859019382736707,0.9973878739845664,0.9985797953682524,10,SGD,0.8651,0.4081667014477222,0.6327915453990169,152762244.94058472,6.546120086078465e-09,6.546120086078465e-10,15276224.494058473,6.546120086078465e-08,1527622.4494058474,6.546120086078464e-06,4398947904,43989479040,274750.825815421,54000.0,09,540000.0,3.3727484202624316,0.0060660630779233215,0.06066063077923321,6.066063077923321
39010,vit_b_32,128,0.03,0.0,0.0,10,39010_vit_b_32,961.8672695939896,161290.54396416203,0.7344,0.8532,0.7457759703271107,0.8522969885660677,0.7327307552179161,0.851467746131701,0.9973171661303756,0.998517168629289,10,SGD,0.8639,0.4002384141496536,0.6182520124691496,155140095.13413787,6.445786945891556e-09,6.445786945891557e-10,15514009.513413785,6.445786945891556e-08,1551400.9513413785,6.445786945891557e-06,4398947904,43989479040,272734.3956988219,54000.0,09,540000.0,3.347995404615818,0.005885735100850802,0.058857351008508016,5.885735100850803
39011,vit_b_32,128,0.03,0.0,0.0,11,39011_vit_b_32,963.1949947589892,161163.29490391945,0.7534,0.8648,0.7627490242022074,0.865178685226649,0.7548033229565325,0.8662458153327905,0.9975090856289202,0.9986343405394568,10,SGD,0.8663,0.4326711521610438,0.647245647082753,155231678.9903221,6.441984049288965e-09,6.441984049288965e-10,15523167.899032213,6.441984049288964e-08,1552316.7899032212,6.441984049288965e-06,4398947904,43989479040,272949.7375083152,54000.0,09,540000.0,3.350638867999883,0.005891555160997416,0.05891555160997415,5.891555160997417
39012,vit_b_32,128,0.03,0.0,0.0,12,39012_vit_b_32,954.4131359900348,160036.88989824324,0.7516,0.8594,0.7753776642659149,0.8589142911644224,0.7524315093813159,0.8601424539822404,0.9974909040951412,0.9985797951520806,10,SGD,0.863,0.4373971773818363,0.6340132532043475,152741309.96187425,6.5470173082161596e-09,6.547017308216159e-10,15274130.996187424,6.54701730821616e-08,1527413.0996187425,6.547017308216159e-06,4398947904,43989479040,274870.8692600185,54000.0,09,540000.0,3.374222033078435,0.006072197125584974,0.060721971255849744,6.0721971255849745
39013,vit_b_32,128,0.03,0.0,0.0,13,39013_vit_b_32,956.0960373679992,160484.66417050778,0.7364,0.862,0.750764289513672,0.8626941185098306,0.7406835373802849,0.8640108679380751,0.9973373694454064,0.998606058359128,10,SGD,0.8681,0.4084060536725674,0.6416194266229143,153438751.4717566,6.51725845269322e-09,6.51725845269322e-10,15343875.147175662,6.517258452693219e-08,1534387.5147175663,6.517258452693219e-06,4398947904,43989479040,274103.94175273436,54000.0,09,540000.0,3.3648074898064664,0.006010913066930452,0.06010913066930452,6.010913066930452
39014,vit_b_32,128,0.03,0.0,0.0,14,39014_vit_b_32,955.0637403219588,160005.4082249112,0.7486,0.8676,0.7592549276610664,0.868327600400081,0.7501060864012464,0.8680334981228413,0.9974606017212038,0.9986626239772768,10,SGD,0.8653,0.4252613191775259,0.6530680396785417,152815363.6510256,6.5438446508797e-09,6.543844650879699e-10,15281536.36510256,6.5438446508797e-08,1528153.636510256,6.5438446508797e-06,4398947904,43989479040,274924.9511501905,54000.0,09,540000.0,3.374885924111705,0.006071643096977631,0.06071643096977631,6.071643096977631
39015,vit_b_32,128,0.03,0.0,0.0,15,39015_vit_b_32,948.3794708479544,159494.48444757098,0.7282,0.856,0.7417310563116232,0.8580037145151138,0.7309689306477035,0.8572423032008228,0.9972545410892312,0.9985454522327054,10,SGD,0.8632,0.3937332380322792,0.6286868337238602,151261294.76355466,6.611076558369795e-09,6.611076558369795e-10,15126129.476355465,6.611076558369796e-08,1512612.9476355466,6.611076558369795e-06,4398947904,43989479040,275805.64426640235,54000.0,09,540000.0,3.385697015607513,0.006173385915677465,0.06173385915677466,6.173385915677465
3911,vit_b_32,128,0.03,0.0,0.0,1,3911_vit_b_32,883.1845078790211,142182.4957467221,0.7211333333333333,0.8536,0.728587684641464,0.852906033050271,0.7203354790973887,0.8532298887781602,0.997183163754844,0.9985212114763656,10,SGD,0.8602,0.3774045571247241,0.6202673887558028,125573377.53507976,7.963471395205909e-09,7.963471395205909e-10,12557337.753507975,7.963471395205909e-08,1255733.7753507975,7.96347139520591e-06,4398947904,43989479040,309387.44469896634,42000.0,07,420000.0,2.9539501173771088,0.007277936585947185,0.07277936585947185,7.277936585947186
3912,vit_b_32,128,0.03,0.0,0.0,2,3912_vit_b_32,891.8017141260207,143221.9145369159,0.7301333333333333,0.8562666666666666,0.7443949183811863,0.8559844277992006,0.7310660976192978,0.856371327757734,0.997274073028898,0.998548147591478,10,SGD,0.8625,0.3962568188866311,0.6267668673729524,127725548.88443203,7.829287160901651e-09,7.829287160901652e-10,12772554.888443204,7.829287160901651e-08,1277255.4888443204,7.829287160901651e-06,4398947904,43989479040,307142.0961117062,42000.0,07,420000.0,2.9325121184003144,0.007051822652439078,0.07051822652439077,7.051822652439077
3913,vit_b_32,128,0.03,0.0,0.0,3,3913_vit_b_32,877.3902099470142,141744.30817804812,0.7186,0.8566,0.7399144917324165,0.8554845381809523,0.7187810887579402,0.8555145848530548,0.9971575743889668,0.998551514454079,10,SGD,0.8589,0.381091428688685,0.6260198831811247,124365068.31113192,8.040843088657637e-09,8.040843088657637e-10,12436506.831113193,8.040843088657636e-08,1243650.6831113193,8.040843088657636e-06,4398947904,43989479040,310343.8833307074,42000.0,07,420000.0,2.9630819423974954,0.007394153110021031,0.07394153110021032,7.394153110021032
3914,vit_b_32,128,0.03,0.0,0.0,4,3914_vit_b_32,891.6579224219895,143242.01352178812,0.7217333333333333,0.852,0.7375839609077132,0.8525272141372591,0.723380441796418,0.8524824480912748,0.9971892242917222,0.9985050498149556,10,SGD,0.8523,0.384001187342323,0.6182776644079452,127722876.18038012,7.829450995041191e-09,7.829450995041191e-10,12772287.618038012,7.829450995041191e-08,1277228.7618038012,7.82945099504119e-06,4398947904,43989479040,307098.9995076332,42000.0,07,420000.0,2.9321006433361467,0.0070499913637439545,0.07049991363743954,7.049991363743954
3915,vit_b_32,128,0.03,0.0,0.0,5,3915_vit_b_32,880.3653142590192,141951.95624104884,0.7232,0.8550666666666666,0.7358390688703018,0.8556599869777949,0.7240962595687622,0.85548008863415,0.9972040389761734,0.9985360261883914,10,SGD,0.8562,0.3842568277291284,0.6249925554946492,124969578.56583351,8.001947445739395e-09,8.001947445739395e-10,12496957.856583353,8.001947445739392e-08,1249695.7856583353,8.001947445739393e-06,4398947904,43989479040,309889.9106772533,42000.0,07,420000.0,2.9587475306560576,0.00733687364968217,0.07336873649682168,7.336873649682168
3916,vit_b_32,128,0.03,0.0,0.0,6,3916_vit_b_32,871.8145185190369,141137.79883139915,0.728,0.8524,0.7367747254264593,0.8529326407171847,0.727438652398318,0.8523596252275815,0.9972525243769358,0.9985090904339547,10,SGD,0.8587,0.3891057211565974,0.618775441219225,123045982.13303295,8.12704309937431e-09,8.12704309937431e-10,12304598.213303294,8.12704309937431e-08,1230459.8213303294,8.12704309937431e-06,4398947904,43989479040,311677.5194471404,42000.0,07,420000.0,2.9758151499990797,0.00753778927362422,0.07537789273624221,7.53778927362422
3917,vit_b_32,128,0.03,0.0,0.0,7,3917_vit_b_32,879.7966387789929,142021.52449883785,0.7142666666666667,0.856,0.7317267137445633,0.8559250107499616,0.7160897867473941,0.8564210731718812,0.9971138033554507,0.9985454538608898,10,SGD,0.8602,0.3731826990790537,0.6265628849414473,124950059.88834594,8.003197444591779e-09,8.003197444591779e-10,12495005.988834595,8.003197444591778e-08,1249500.5988834596,8.003197444591778e-06,4398947904,43989479040,309738.11325592385,42000.0,07,420000.0,2.9572982087193185,0.007330832560803589,0.07330832560803588,7.330832560803589
3918,vit_b_32,128,0.03,0.0,0.0,8,3918_vit_b_32,877.3322072839946,141930.85096306438,0.7114,0.8570666666666666,0.7261769347588337,0.8564100591910961,0.7104160655414594,0.8562109081286343,0.9970848471546598,0.9985562282974336,10,SGD,0.861,0.3659326845519582,0.6275518956070254,124520506.75712095,8.030805736684918e-09,8.030805736684918e-10,12452050.675712096,8.030805736684918e-08,1245205.0675712095,8.030805736684918e-06,4398947904,43989479040,309935.99165728723,42000.0,07,420000.0,2.959187499758593,0.007365523447687691,0.07365523447687691,7.365523447687692
3919,vit_b_32,128,0.03,0.0,0.0,9,3919_vit_b_32,890.5677022699965,143257.4979781903,0.7216666666666667,0.8539333333333333,0.7304480031886308,0.8541586594105071,0.7230361666666616,0.8541464156813112,0.9971885511029344,0.9985245785548572,10,SGD,0.8601,0.3800697080839795,0.6220905396139086,127580500.80738561,7.838188388284726e-09,7.838188388284727e-10,12758050.080738561,7.838188388284725e-08,1275805.0080738561,7.838188388284725e-06,4398947904,43989479040,307065.80570531124,42000.0,07,420000.0,2.93178371762392,0.007056333246136516,0.07056333246136516,7.056333246136516
39110,vit_b_32,128,0.03,0.0,0.0,10,39110_vit_b_32,891.6578327330062,143315.2515051972,0.7203333333333334,0.8536666666666667,0.7348117698636021,0.8527329615900581,0.7210202217654998,0.8531880437879564,0.9971750828222282,0.9985218848140144,10,SGD,0.8575,0.3805646800331356,0.6201599598795143,127788166.55470984,7.82545072021102e-09,7.82545072021102e-10,12778816.655470982,7.825450720211022e-08,1277881.6655470983,7.825450720211022e-06,4398947904,43989479040,306942.0635835451,42000.0,07,420000.0,2.9306022603237665,0.0070391893833242035,0.07039189383324204,7.039189383324204
39111,vit_b_32,128,0.03,0.0,0.0,11,39111_vit_b_32,886.5257633529836,142884.18230320007,0.7138666666666666,0.8581333333333333,0.7292863744387461,0.8584491204792151,0.7149699187623466,0.8585386575828897,0.9971097626680384,0.9985670025530256,10,SGD,0.8571,0.3711469887879771,0.6315480489773257,126670508.78741132,7.894497382009263e-09,7.894497382009263e-10,12667050.87874113,7.894497382009265e-08,1266705.087874113,7.894497382009263e-06,4398947904,43989479040,307868.08120337897,42000.0,07,420000.0,2.939443633507035,0.007144211228929992,0.07144211228929993,7.144211228929992
39112,vit_b_32,128,0.03,0.0,0.0,12,39112_vit_b_32,889.3327831670176,143296.37425169893,0.7246,0.8543333333333333,0.741881219993412,0.8546205553515791,0.7250266544246275,0.8545848120873726,0.997218180565402,0.9985286188659896,10,SGD,0.854,0.3886662837343895,0.6230406351814896,127438163.33100598,7.846942971098972e-09,7.846942971098971e-10,12743816.333100595,7.846942971098974e-08,1274381.6333100596,7.846942971098972e-06,4398947904,43989479040,306982.498822565,42000.0,07,420000.0,2.9309883253729323,0.0070603820443152455,0.07060382044315246,7.0603820443152445
39113,vit_b_32,128,0.03,0.0,0.0,13,39113_vit_b_32,882.6566430649837,142470.60594808322,0.7242,0.8544,0.7406047698731585,0.8543399370896259,0.7237826493414012,0.8545236770906496,0.997214140327219,0.998529292355486,10,SGD,0.8593,0.387116445369663,0.6228405196580449,125752626.78156923,7.952120171111716e-09,7.952120171111716e-10,12575262.678156922,7.952120171111717e-08,1257526.2678156921,7.952120171111717e-06,4398947904,43989479040,308761.78807037516,42000.0,07,420000.0,2.9479765121027803,0.007238198695025017,0.07238198695025018,7.238198695025019
39114,vit_b_32,128,0.03,0.0,0.0,14,39114_vit_b_32,888.1975920010009,142956.62820428255,0.7340666666666666,0.8511333333333333,0.7413729863053146,0.8506407086748048,0.7339122168877091,0.8509984773462768,0.997313803417867,0.998496295570844,10,SGD,0.8577,0.3983347619194228,0.6152037910001089,126973732.93162613,7.875644646428473e-09,7.875644646428472e-10,12697373.293162614,7.875644646428472e-08,1269737.3293162615,7.875644646428472e-06,4398947904,43989479040,307712.0633898821,42000.0,07,420000.0,2.937954016373604,0.007119928442284439,0.07119928442284439,7.119928442284438
39115,vit_b_32,128,0.03,0.0,0.0,15,39115_vit_b_32,888.6348598640179,142857.80331628644,0.7253333333333334,0.8498666666666667,0.7350034263582798,0.8512816641930929,0.7265680322806106,0.8503165731979743,0.997225588125806,0.998483501082358,10,SGD,0.857,0.3862750873140582,0.6142506316753457,126948424.03044964,7.87721476369129e-09,7.87721476369129e-10,12694842.403044963,7.87721476369129e-08,1269484.2403044964,7.87721476369129e-06,4398947904,43989479040,307924.9296771526,42000.0,07,420000.0,2.9399864078136644,0.0071312039892725615,0.07131203989272561,7.13120398927256
