unique_id,exp_id,batch_size,lr,epochs,optimizer,project,source_file,model,duration,total_energy_J,accuracy_0,accuracy,precision_0,precision,recall_0,recall,specificity_0,specificity,test_accuracy,Pg_0,Pg,weight_decay,dropout,duration_minus_load,energy_minus_load,n_samples,rate,tot_samples,SPJ,EDP,EDPinv,EDPinv_per_epoch,EEDP,EEDPinv
366_vit_b_32,366,128,0.03,10,SGD,12_05,project_12_05conf.csv,vit_b_32,948.317425618996,157364.13673933523,0.724,0.8652,0.7331179836064419,0.8648967304226978,0.7240190454116743,0.8648744650426103,0.9972121189584576,0.9986383827376816,0.8673,0.3832215979888563,0.6463118151389949,0.0,0.025,947.193205823695,157289.54087379013,48000,8,480000,3.051696872744732,148983584.46278238,6.712148882750302e-09,6.712148882750301e-10,14898358.44627824,6.712148882750302e-08
367_vit_b_32,367,128,0.03,10,SGD,12_05,project_12_05conf.csv,vit_b_32,935.451631325006,155625.8359229129,0.7164,0.8586,0.7287471693254356,0.8593438005914058,0.7179524447304331,0.8595415993674829,0.9971353516200644,0.998571716216774,0.8669,0.3737509027709615,0.6332919876207977,0.0,0.025,934.327411529705,155551.2400573678,48000,8,480000,3.0857998934818807,145335787.48303622,6.880617756426451e-09,6.88061775642645e-10,14533578.748303622,6.88061775642645e-08
368_vit_b_32,368,128,0.03,10,SGD,12_05,project_12_05conf.csv,vit_b_32,943.2553163770352,156321.39143836152,0.7135,0.8573,0.7222568175495923,0.857595448477972,0.714242498260368,0.8580112988797204,0.997106058484844,0.9985585848020496,0.8686,0.3670055823163731,0.6299148515409635,0.0,0.025,942.1310965817344,156246.79557281642,48000,8,480000,3.072063002894055,147204964.85039958,6.793249134064689e-09,6.793249134064689e-10,14720496.48503996,6.793249134064688e-08
369_vit_b_32,369,128,0.03,10,SGD,12_05,project_12_05conf.csv,vit_b_32,947.5515163610108,157032.78287056918,0.7214,0.8697,0.7282104925694513,0.8685040009086957,0.7203888696232261,0.8687402675728663,0.9971858563935004,0.998683837358482,0.8646,0.377377648873672,0.6553288190388862,0.0,0.025,946.42729656571,156958.18700502408,48000,8,480000,3.0581392991283445,148549512.60102007,6.7317622420333224e-09,6.731762242033321e-10,14854951.26010201,6.73176224203332e-08
370_vit_b_32,370,128,0.03,10,SGD,12_05,project_12_05conf.csv,vit_b_32,930.1411193420064,154993.22450673336,0.7164,0.8635,0.7273940311263636,0.8633905853371641,0.7150702714716961,0.8625820740206138,0.9971353512780388,0.9986212110347402,0.8663,0.3715593090548194,0.6422008343145164,0.0,0.025,929.0168995467054,154918.62864118826,48000,8,480000,3.0984007811723053,143922024.06226414,6.948206895474009e-09,6.948206895474011e-10,14392202.406226415,6.948206895474009e-08
371_vit_b_32,371,128,0.03,10,SGD,12_05,project_12_05conf.csv,vit_b_32,938.4274026220082,156031.16357602837,0.7086,0.8671,0.719492269721387,0.8664902406509242,0.709005585140813,0.8671862405843817,0.9970565631423788,0.9986575746109202,0.8676,0.36040991753282,0.6506715838241631,0.0,0.025,937.3031828267071,155956.56771048327,48000,8,480000,3.077779968145162,146178587.29776484,6.840947217276128e-09,6.840947217276127e-10,14617858.729776485,6.84094721727613e-08
372_vit_b_32,372,128,0.03,10,SGD,12_05,project_12_05conf.csv,vit_b_32,950.5460446020006,157361.85951569566,0.7126,0.8649,0.7218112056514602,0.8659813785801291,0.7162471207899911,0.8656449818458565,0.9970969674582968,0.9986353524830056,0.8694,0.3673412694764567,0.6474723139096685,0.0,0.025,949.4218248066996,157287.26365015056,48000,8,480000,3.0517410555736406,149331960.87357843,6.696490116048103e-09,6.696490116048102e-10,14933196.087357843,6.696490116048102e-08
373_vit_b_32,373,128,0.03,10,SGD,12_05,project_12_05conf.csv,vit_b_32,939.9941954989918,156195.9263112829,0.7381,0.8695,0.7467397818021371,0.868839685384361,0.7371773411160509,0.869429561232862,0.9973545433485008,0.9986818171324148,0.8674,0.4052341544243417,0.6559500677257816,0.0,0.025,938.8699757036908,156121.3304457378,48000,8,480000,3.0745318312979077,146577629.72241774,6.822323446584284e-09,6.822323446584283e-10,14657762.972241772,6.822323446584286e-08
374_vit_b_32,374,128,0.03,10,SGD,12_05,project_12_05conf.csv,vit_b_32,944.7135599050088,156790.062598077,0.7206,0.8637,0.731245285990755,0.8647518932107277,0.7221384584468378,0.8642818502383135,0.9971777757884992,0.9986232313528004,0.8708,0.3794463700206166,0.6446314636733524,0.0,0.025,943.5893401097078,156715.4667325319,48000,8,480000,3.0628757327393954,147875043.83913463,6.762466296123953e-09,6.762466296123954e-10,14787504.383913465,6.762466296123954e-08
375_vit_b_32,375,128,0.03,10,SGD,12_05,project_12_05conf.csv,vit_b_32,946.7877084800276,156882.64074992028,0.6527,0.8656,0.669908904090258,0.8645320434050591,0.6512583917144559,0.8637803495746739,0.9964919165151525,0.9986424232065548,0.8644,0.2837634629158538,0.6455229301295778,0.0,0.075,945.6634886847266,156808.04488437518,48000,8,480000,3.061067436648007,148287642.77918944,6.7436502547219606e-09,6.74365025472196e-10,14828764.277918942,6.743650254721963e-08
376_vit_b_32,376,128,0.03,10,SGD,12_05,project_12_05conf.csv,vit_b_32,946.6705884590046,156902.7361682725,0.6705,0.8642,0.6832344114044786,0.8653138519557352,0.6701944423678796,0.8647306449499483,0.9966717142779672,0.998628281635654,0.8682,0.3060000299810548,0.6457622142172631,0.0,0.075,945.5463686637036,156828.1403027274,48000,8,480000,3.0606752019978667,148288278.56752574,6.74362134121499e-09,6.743621341214991e-10,14828827.856752574,6.74362134121499e-08
377_vit_b_32,377,128,0.03,10,SGD,12_05,project_12_05conf.csv,vit_b_32,943.3727683210165,156371.19746051377,0.6649,0.8613,0.6721845762165618,0.8602875681472184,0.6648633433700677,0.8606930615127409,0.9966151484100868,0.9985989886137844,0.8643,0.2961452350457483,0.6368505350637438,0.0,0.075,942.2485485257156,156296.60159496867,48000,8,480000,3.071084048544352,147270245.99236125,6.790237860075748e-09,6.790237860075748e-10,14727024.599236129,6.790237860075747e-08
378_vit_b_32,378,128,0.03,10,SGD,12_05,project_12_05conf.csv,vit_b_32,950.7910067219636,157522.76955315,0.6706,0.8599,0.68031585674775,0.8606942679093171,0.6736361419217383,0.8602724216508699,0.9966727247756024,0.9985848474227744,0.8601,0.3063035963564661,0.6357960595813432,0.0,0.075,949.6667869266628,157448.1736876049,48000,8,480000,3.048622214903392,149523301.21337885,6.687920824948475e-09,6.687920824948474e-10,14952330.121337883,6.687920824948475e-08
379_vit_b_32,379,128,0.03,10,SGD,12_05,project_12_05conf.csv,vit_b_32,944.3205326399766,156587.47561340424,0.6498,0.8652,0.6683775973861458,0.8667519441062457,0.652678506481265,0.865982286375846,0.9964626226041304,0.998638382430145,0.8643,0.2824632266259793,0.6485278006969091,0.0,0.075,943.1963128446756,156512.87974785914,48000,8,480000,3.066840254765459,147622371.09088284,6.774041038701078e-09,6.774041038701077e-10,14762237.109088285,6.774041038701077e-08
380_vit_b_32,380,128,0.03,10,SGD,12_05,project_12_05conf.csv,vit_b_32,934.3686465579668,155585.9651666958,0.6655,0.8581,0.6814880118454666,0.8583514584471302,0.6660339789523049,0.8578104794052428,0.9966212100548366,0.9985666657900788,0.8664,0.3010459520629113,0.6309158865869885,0.0,0.075,933.244426762666,155511.3693011507,48000,8,480000,3.0865910457676637,145130118.6985296,6.890368511840344e-09,6.890368511840345e-10,14513011.869852962,6.890368511840344e-08
381_vit_b_32,381,128,0.03,10,SGD,12_05,project_12_05conf.csv,vit_b_32,942.2302115110216,156308.71140004645,0.6615,0.8623,0.674322901051899,0.8618982597425776,0.6628353116948845,0.8620335716865817,0.9965808057218196,0.998609089949467,0.8637,0.294656423373244,0.6397850454570557,0.0,0.075,941.1059917157206,156234.11553450135,48000,8,480000,3.0723123330512347,147032862.23992535,6.801200661986839e-09,6.801200661986839e-10,14703286.223992538,6.801200661986838e-08
382_vit_b_32,382,128,0.03,10,SGD,12_05,project_12_05conf.csv,vit_b_32,930.5339943889994,155212.61259008627,0.661,0.8617,0.6788663288130504,0.8612349914986811,0.6576589181343655,0.8600420173875343,0.9965757548418192,0.9986030291876804,0.8634,0.2941011745941312,0.637368077291791,0.0,0.075,929.4097745936984,155138.01672454117,48000,8,480000,3.094019184557934,144186789.15486923,6.935448149316318e-09,6.935448149316318e-10,14418678.915486924,6.935448149316317e-08
383_vit_b_32,383,128,0.03,10,SGD,12_05,project_12_05conf.csv,vit_b_32,949.2654747539782,157156.39586183472,0.7361,0.8661,0.7430145655875567,0.864291521775247,0.7333690585752086,0.864680080654025,0.9973343413060652,0.9986474736676096,0.8639,0.4000345495367415,0.6463919712877341,0.0,0.01,948.1412549586772,157081.79999628963,48000,8,480000,3.055732745686247,148935734.97965,6.714305335362505e-09,6.714305335362505e-10,14893573.497965,6.714305335362506e-08
384_vit_b_32,384,128,0.03,10,SGD,12_05,project_12_05conf.csv,vit_b_32,927.9839563600252,154890.01218972707,0.7295,0.859,0.741428917639291,0.8583781478549374,0.7307680312153275,0.8588115284030237,0.9972676748825766,0.9985757565931362,0.8695,0.3941722978727043,0.6323400665004932,0.0,0.01,926.8597365647242,154815.41632418198,48000,8,480000,3.1004664225097884,143492175.9903894,6.969021084933414e-09,6.969021084933413e-10,14349217.59903894,6.969021084933414e-08
385_vit_b_32,385,128,0.03,10,SGD,12_05,project_12_05conf.csv,vit_b_32,947.710541923996,157043.1460577922,0.7173,0.8643,0.7344458857804571,0.8650157051404297,0.7193246093323215,0.8642230193215188,0.9971444423761638,0.9986292919364887,0.8666,0.3778710537710364,0.6452360682748249,0.0,0.01,946.586322128695,156968.55019224712,48000,8,480000,3.0579373983649614,148584282.61635265,6.730186951078927e-09,6.730186951078927e-10,14858428.261635264,6.730186951078927e-08
386_vit_b_32,386,128,0.03,10,SGD,12_05,project_12_05conf.csv,vit_b_32,936.5002868890296,155882.14851778667,0.7358,0.8586,0.7449788438668243,0.8591550415021362,0.7360913455675672,0.8581766688977099,0.9973313114992164,0.9985717162982178,0.8651,0.4024156747744863,0.6321474511018778,0.0,0.01,935.3760670937286,155807.55265224155,48000,8,480000,3.0807235710283414,145738655.82335275,6.8615975243526485e-09,6.861597524352649e-10,14573865.582335277,6.86159752435265e-08
387_vit_b_32,387,128,0.03,10,SGD,12_05,project_12_05conf.csv,vit_b_32,923.56560545502,154405.23929226142,0.7215,0.8587,0.7368380458664013,0.8585293567368578,0.7230576204483241,0.8589978047386458,0.997186866575608,0.9985727262015563,0.8644,0.3833167834233655,0.6323657897114745,0.0,0.01,922.441385659719,154330.64342671633,48000,8,480000,3.110205396298547,142360972.5722962,7.024397079699373e-09,7.024397079699372e-10,14236097.25722962,7.024397079699375e-08
388_vit_b_32,388,128,0.03,10,SGD,12_05,project_12_05conf.csv,vit_b_32,931.9016153729754,155410.07521167432,0.731,0.8643,0.7448502756136272,0.864660353161423,0.7334959246909323,0.8653622388114706,0.9972828254726188,0.998629291511652,0.8648,0.3982927535124462,0.6458212036946246,0.0,0.01,930.7773955776744,155335.47934612923,48000,8,480000,3.09008606417875,144582752.9065998,6.916454278927711e-09,6.91645427892771e-10,14458275.29065998,6.91645427892771e-08
389_vit_b_32,389,128,0.03,10,SGD,12_05,project_12_05conf.csv,vit_b_32,943.7875898359924,156660.33296960063,0.7183,0.8646,0.7300999903067482,0.8639718311214644,0.7185415753032732,0.8646990434277315,0.997154542980587,0.9986323220432072,0.8668,0.3757531093863788,0.6450381648203752,0.0,0.01,942.6633700406916,156585.73710405553,48000,8,480000,3.065413292917137,147607638.63881472,6.774717143514017e-09,6.774717143514016e-10,14760763.863881472,6.774717143514016e-08
3901_vit_b_32,3901,128,0.03,10,SGD,12_05,project_12_05conf.csv,vit_b_32,957.4391608089792,160426.11553543978,0.7382,0.8628,0.7548655975616313,0.8629159590818876,0.7374044689614705,0.8633802335552878,0.9973555512603854,0.9986141391631964,0.8654,0.4098259446428453,0.6419163682630202,0.0,0.0,956.3149410136782,160351.51966989468,54000,9,540000,3.367601386701312,153346554.074569,6.5211768600533565e-09,6.521176860053355e-10,15334655.4074569,6.521176860053357e-08
39010_vit_b_32,39010,128,0.03,10,SGD,12_05,project_12_05conf.csv,vit_b_32,961.8672695939896,161290.54396416203,0.7344,0.8532,0.7457759703271107,0.8522969885660677,0.7327307552179161,0.851467746131701,0.9973171661303756,0.998517168629289,0.8639,0.4002384141496536,0.6182520124691496,0.0,0.0,960.7430497986886,161215.94809861694,54000,9,540000,3.3495445479728727,154887101.65245232,6.456315531320855e-09,6.456315531320854e-10,15488710.165245231,6.456315531320855e-08
39011_vit_b_32,39011,128,0.03,10,SGD,12_05,project_12_05conf.csv,vit_b_32,963.1949947589892,161163.29490391945,0.7534,0.8648,0.7627490242022074,0.865178685226649,0.7548033229565325,0.8662458153327905,0.9975090856289202,0.9986343405394568,0.8663,0.4326711521610438,0.647245647082753,0.0,0.0,962.0707749636882,161088.69903837435,54000,9,540000,3.352190459191441,154978729.52174115,6.452498372428038e-09,6.452498372428039e-10,15497872.952174116,6.452498372428038e-08
39012_vit_b_32,39012,128,0.03,10,SGD,12_05,project_12_05conf.csv,vit_b_32,954.4131359900348,160036.88989824324,0.7516,0.8594,0.7753776642659149,0.8589142911644224,0.7524315093813159,0.8601424539822404,0.9974909040951412,0.9985797951520806,0.863,0.4373971773818363,0.6340132532043475,0.0,0.0,953.2889161947338,159962.29403269815,54000,9,540000,3.3757955477283774,152490281.91045415,6.557794945826274e-09,6.557794945826273e-10,15249028.191045417,6.557794945826275e-08
39013_vit_b_32,39013,128,0.03,10,SGD,12_05,project_12_05conf.csv,vit_b_32,956.0960373679992,160484.66417050778,0.7364,0.862,0.750764289513672,0.8626941185098306,0.7406835373802849,0.8640108679380751,0.9973373694454064,0.998606058359128,0.8681,0.4084060536725674,0.6416194266229143,0.0,0.0,954.9718175726982,160410.06830496268,54000,9,540000,3.366372234025748,153187094.4861509,6.527965057072131e-09,6.527965057072132e-10,15318709.448615087,6.527965057072131e-08
39014_vit_b_32,39014,128,0.03,10,SGD,12_05,project_12_05conf.csv,vit_b_32,955.0637403219588,160005.4082249112,0.7486,0.8676,0.7592549276610664,0.868327600400081,0.7501060864012464,0.8680334981228413,0.9974606017212038,0.9986626239772768,0.8653,0.4252613191775259,0.6530680396785417,0.0,0.0,953.9395205266578,159930.8123593661,54000,9,540000,3.3764600581569906,152564322.4595326,6.554612401370892e-09,6.55461240137089e-10,15256432.245953258,6.554612401370892e-08
39015_vit_b_32,39015,128,0.03,10,SGD,12_05,project_12_05conf.csv,vit_b_32,948.3794708479544,159494.48444757098,0.7282,0.856,0.7417310563116232,0.8580037145151138,0.7309689306477035,0.8572423032008228,0.9972545410892312,0.9985454522327054,0.8632,0.3937332380322792,0.6286868337238602,0.0,0.0,947.2552510526534,159419.8885820259,54000,9,540000,3.3872812533183727,151011326.58155298,6.622019835445618e-09,6.622019835445619e-10,15101132.658155298,6.622019835445618e-08
3902_vit_b_32,3902,128,0.03,10,SGD,12_05,project_12_05conf.csv,vit_b_32,953.5753203820204,160199.71263301934,0.751,0.8554,0.7676320970421442,0.8542466138364929,0.7511437327883179,0.8547878686070056,0.9974848440508962,0.9985393913644962,0.8659,0.4319389978439248,0.623700459217001,0.0,0.0,952.4511005867196,160125.11676747425,54000,9,540000,3.37236288036037,152511343.69675782,6.556889315645434e-09,6.556889315645433e-10,15251134.36967578,6.556889315645435e-08
3903_vit_b_32,3903,128,0.03,10,SGD,12_05,project_12_05conf.csv,vit_b_32,958.3263049660018,160673.2069939603,0.7514,0.8618,0.7598201234930043,0.860511615705291,0.7510155916789796,0.8616759755988848,0.9974888837628904,0.9986040375544306,0.8632,0.4276997536407353,0.6381173148230025,0.0,0.0,957.2020851707008,160598.6111284152,54000,9,540000,3.362420111891342,153725325.44763756,6.505109012376906e-09,6.505109012376905e-10,15372532.544763757,6.505109012376906e-08
3904_vit_b_32,3904,128,0.03,10,SGD,12_05,project_12_05conf.csv,vit_b_32,967.2291827669832,161491.37841446075,0.7538,0.8582,0.7655921146748258,0.8577116574502404,0.7537997567606665,0.858214945938399,0.9975131274541444,0.998567674545076,0.8624,0.4339385141580592,0.6308170157905711,0.0,0.0,966.1049629716822,161416.78254891565,54000,9,540000,3.345377051090451,155945554.72742823,6.4124944231200755e-09,6.412494423120076e-10,15594555.472742824,6.412494423120076e-08
3905_vit_b_32,3905,128,0.03,10,SGD,12_05,project_12_05conf.csv,vit_b_32,940.5924242750044,158565.64328777988,0.7512,0.8608,0.7605695513862032,0.8647239591684168,0.7541593728090835,0.8622358959373214,0.997486863613463,0.9985939365554424,0.8663,0.4297984372003444,0.6409066449574715,0.0,0.0,939.4682044797034,158491.04742223478,54000,9,540000,3.4071325086355837,148897299.74787444,6.7160385157641205e-09,6.71603851576412e-10,14889729.974787444,6.71603851576412e-08
3906_vit_b_32,3906,128,0.03,10,SGD,12_05,project_12_05conf.csv,vit_b_32,941.6590153160504,158617.95679415087,0.7514,0.8644,0.7646532157368513,0.8635824060330265,0.751091443908879,0.8630732150765106,0.9974888848059998,0.9986303008032726,0.8644,0.4304637549222647,0.6433849862648674,0.0,0.0,940.5347955207494,158543.36092860578,54000,9,540000,3.406008279609824,149115547.5521586,6.706208818702916e-09,6.706208818702917e-10,14911554.75521586,6.706208818702916e-08
3907_vit_b_32,3907,128,0.03,10,SGD,12_05,project_12_05conf.csv,vit_b_32,958.9784318869932,160617.27644892936,0.7208,0.8624,0.7481749748265891,0.8630957231882117,0.722060673968427,0.8634002179225222,0.9971797942761412,0.998610099184803,0.868,0.3882979680735104,0.6417646926338199,0.0,0.0,957.8542120916924,160542.68058338427,54000,9,540000,3.3635915261769247,153776482.81728575,6.502944934617738e-09,6.502944934617737e-10,15377648.281728577,6.502944934617737e-08
3908_vit_b_32,3908,128,0.03,10,SGD,12_05,project_12_05conf.csv,vit_b_32,952.0619982579956,160043.24997452338,0.7534,0.8714,0.7663114135478487,0.8702911413496862,0.7504785768002397,0.8687274981715071,0.997509087339679,0.9987010082395892,0.8683,0.4322013012400217,0.65796255051367,0.0,0.0,950.9377784626946,159968.65410897828,54000,9,540000,3.375661331951485,152120236.56205902,6.573747336976036e-09,6.573747336976036e-10,15212023.6562059,6.573747336976037e-08
3909_vit_b_32,3909,128,0.03,10,SGD,12_05,project_12_05conf.csv,vit_b_32,954.1270746279624,160106.8128164694,0.7414,0.8594,0.7439323996583899,0.8583799815686401,0.7419718568860755,0.859019382736707,0.9973878739845664,0.9985797953682524,0.8651,0.4081667014477222,0.6327915453990169,0.0,0.0,953.0028548326616,160032.2169509243,54000,9,540000,3.374320560500621,152511159.6194307,6.556897229654235e-09,6.556897229654234e-10,15251115.961943071,6.556897229654234e-08
3911_vit_b_32,3911,128,0.03,10,SGD,12_05,project_12_05conf.csv,vit_b_32,883.1845078790211,142182.4957467221,0.7211333333333333,0.8536,0.728587684641464,0.852906033050271,0.7203354790973887,0.8532298887781602,0.997183163754844,0.9985212114763656,0.8602,0.3774045571247241,0.6202673887558028,0.0,0.0,882.0602880837201,142107.899881177,42000,7,420000,2.9555007170690826,125347735.10816345,7.977806692215802e-09,7.977806692215801e-10,12534773.510816343,7.977806692215805e-08
39110_vit_b_32,39110,128,0.03,10,SGD,12_05,project_12_05conf.csv,vit_b_32,891.6578327330062,143315.2515051972,0.7203333333333334,0.8536666666666667,0.7348117698636021,0.8527329615900581,0.7210202217654998,0.8531880437879564,0.9971750828222282,0.9985218848140144,0.8575,0.3805646800331356,0.6201599598795143,0.0,0.0,890.5336129377052,143240.6556396521,42000,7,420000,2.932128438846205,127560618.58634508,7.839410086609964e-09,7.839410086609965e-10,12756061.858634504,7.839410086609964e-08
39111_vit_b_32,39111,128,0.03,10,SGD,12_05,project_12_05conf.csv,vit_b_32,886.5257633529836,142884.18230320007,0.7138666666666666,0.8581333333333333,0.7292863744387461,0.8584491204792151,0.7149699187623466,0.8585386575828897,0.9971097626680384,0.9985670025530256,0.8571,0.3711469887879771,0.6315480489773257,0.0,0.0,885.4015435576827,142809.58643765497,42000,7,420000,2.9409790370295306,126443828.26673402,7.908650139020577e-09,7.908650139020576e-10,12644382.826673403,7.908650139020578e-08
39112_vit_b_32,39112,128,0.03,10,SGD,12_05,project_12_05conf.csv,vit_b_32,889.3327831670176,143296.37425169893,0.7246,0.8543333333333333,0.741881219993412,0.8546205553515791,0.7250266544246275,0.8545848120873726,0.997218180565402,0.9985286188659896,0.854,0.3886662837343895,0.6230406351814896,0.0,0.0,888.2085633717167,143221.77838615383,42000,7,420000,2.932514906131092,127210810.02390808,7.860967160039774e-09,7.860967160039773e-10,12721081.00239081,7.860967160039774e-08
39113_vit_b_32,39113,128,0.03,10,SGD,12_05,project_12_05conf.csv,vit_b_32,882.6566430649837,142470.60594808322,0.7242,0.8544,0.7406047698731585,0.8543399370896259,0.7237826493414012,0.8545236770906496,0.997214140327219,0.998529292355486,0.8593,0.387116445369663,0.6228405196580449,0.0,0.0,881.5324232696827,142396.01008253812,42000,7,420000,2.9495208451174446,125526699.831994,7.966432650092838e-09,7.966432650092838e-10,12552669.9831994,7.966432650092837e-08
39114_vit_b_32,39114,128,0.03,10,SGD,12_05,project_12_05conf.csv,vit_b_32,888.1975920010009,142956.62820428255,0.7340666666666666,0.8511333333333333,0.7413729863053146,0.8506407086748048,0.7339122168877091,0.8509984773462768,0.997313803417867,0.998496295570844,0.8577,0.3983347619194228,0.6152037910001089,0.0,0.0,887.0733722056999,142882.03233873745,42000,7,420000,2.939487863696433,126746846.2543277,7.889742660684589e-09,7.889742660684591e-10,12674684.62543277,7.88974266068459e-08
39115_vit_b_32,39115,128,0.03,10,SGD,12_05,project_12_05conf.csv,vit_b_32,888.6348598640179,142857.80331628644,0.7253333333333334,0.8498666666666667,0.7350034263582798,0.8512816641930929,0.7265680322806106,0.8503165731979743,0.997225588125806,0.998483501082358,0.857,0.3862750873140582,0.6142506316753457,0.0,0.0,887.510640068717,142783.20745074135,42000,7,420000,2.9415223785674898,126721615.83567186,7.891313517472543e-09,7.891313517472542e-10,12672161.583567187,7.891313517472544e-08
3912_vit_b_32,3912,128,0.03,10,SGD,12_05,project_12_05conf.csv,vit_b_32,891.8017141260207,143221.9145369159,0.7301333333333333,0.8562666666666666,0.7443949183811863,0.8559844277992006,0.7310660976192978,0.856371327757734,0.997274073028898,0.998548147591478,0.8625,0.3962568188866311,0.6267668673729524,0.0,0.0,890.6774943307197,143147.3186713708,42000,7,420000,2.934040287294597,127498095.1143776,7.843254435314563e-09,7.843254435314562e-10,12749809.51143776,7.843254435314562e-08
3913_vit_b_32,3913,128,0.03,10,SGD,12_05,project_12_05conf.csv,vit_b_32,877.3902099470142,141744.30817804812,0.7186,0.8566,0.7399144917324165,0.8554845381809523,0.7187810887579402,0.8555145848530548,0.9971575743889668,0.998551514454079,0.8589,0.381091428688685,0.6260198831811247,0.0,0.0,876.2659901517133,141669.71231250302,42000,7,420000,2.96464214647052,124140350.73402382,8.055398539533242e-09,8.055398539533242e-10,12414035.073402382,8.055398539533242e-08
3914_vit_b_32,3914,128,0.03,10,SGD,12_05,project_12_05conf.csv,vit_b_32,891.6579224219895,143242.01352178812,0.7217333333333333,0.852,0.7375839609077132,0.8525272141372591,0.723380441796418,0.8524824480912748,0.9971892242917222,0.9985050498149556,0.8523,0.384001187342323,0.6182776644079452,0.0,0.0,890.5337026266885,143167.41765624302,42000,7,420000,2.933628383299161,127495410.54091564,7.843419584731494e-09,7.843419584731493e-10,12749541.054091563,7.843419584731496e-08
3915_vit_b_32,3915,128,0.03,10,SGD,12_05,project_12_05conf.csv,vit_b_32,880.3653142590192,141951.95624104884,0.7232,0.8550666666666666,0.7358390688703018,0.8556599869777949,0.7240962595687622,0.85548008863415,0.9972040389761734,0.9985360261883914,0.8562,0.3842568277291284,0.6249925554946492,0.0,0.0,879.2410944637182,141877.36037550375,42000,7,420000,2.9603031723200592,124744405.61618128,8.016391557284269e-09,8.016391557284267e-10,12474440.56161813,8.016391557284269e-08
3916_vit_b_32,3916,128,0.03,10,SGD,12_05,project_12_05conf.csv,vit_b_32,871.8145185190369,141137.79883139915,0.728,0.8524,0.7367747254264593,0.8529326407171847,0.727438652398318,0.8523596252275815,0.9972525243769358,0.9985090904339547,0.8587,0.3891057211565974,0.618775441219225,0.0,0.0,870.690298723736,141063.20296585406,42000,7,420000,2.977388795727726,122822362.32926646,8.141839816752305e-09,8.141839816752304e-10,12282236.232926644,8.141839816752306e-08
3917_vit_b_32,3917,128,0.03,10,SGD,12_05,project_12_05conf.csv,vit_b_32,879.7966387789929,142021.52449883785,0.7142666666666667,0.856,0.7317267137445633,0.8559250107499616,0.7160897867473941,0.8564210731718812,0.9971138033554507,0.9985454538608898,0.8602,0.3731826990790537,0.6265628849414473,0.0,0.0,878.672418983692,141946.92863329276,42000,7,420000,2.958852326315792,124724851.14952084,8.017648373868929e-09,8.017648373868928e-10,12472485.114952084,8.01764837386893e-08
3918_vit_b_32,3918,128,0.03,10,SGD,12_05,project_12_05conf.csv,vit_b_32,877.3322072839946,141930.85096306438,0.7114,0.8570666666666666,0.7261769347588337,0.8564100591910961,0.7104160655414594,0.8562109081286343,0.9970848471546598,0.9985562282974336,0.861,0.3659326845519582,0.6275518956070254,0.0,0.0,876.2079874886937,141856.2550975193,42000,7,420000,2.9607436042300037,124295583.79168013,8.045338132656457e-09,8.045338132656456e-10,12429558.37916801,8.04533813265646e-08
3919_vit_b_32,3919,128,0.03,10,SGD,12_05,project_12_05conf.csv,vit_b_32,890.5677022699965,143257.4979781903,0.7216666666666667,0.8539333333333333,0.7304480031886308,0.8541586594105071,0.7230361666666616,0.8541464156813112,0.9971885511029344,0.9985245785548572,0.8601,0.3800697080839795,0.6220905396139086,0.0,0.0,889.4434824746955,143182.9021126452,42000,7,420000,2.9333111272571952,127353099.0859046,7.852184259178972e-09,7.85218425917897e-10,12735309.908590458,7.852184259178972e-08
3001_vit_b_32,3001,256,0.03,10,SGD,22_03_3,project_22_03_3conf.csv,vit_b_32,895.1575696889777,148899.07334088863,0.6779,0.862,0.6843886482401781,0.8601695799800805,0.6765564442915951,0.8604744954497313,0.9967464621639234,0.9986060595424444,0.8641,0.3128651351918997,0.637123383594145,0.0,0.0,894.0333498936767,148824.47747534353,48000,8,480000,3.2252758964298995,133054046.1434574,7.515742880316552e-09,7.515742880316552e-10,13305404.61434574,7.515742880316554e-08
3002_vit_b_32,3002,256,0.03,10,SGD,22_03_3,project_22_03_3conf.csv,vit_b_32,905.8200193920638,150124.34698453403,0.6693,0.858,0.6831404874827055,0.8585865156423784,0.6713543376881955,0.8580676256189378,0.9966595930553074,0.9985656553185778,0.8659,0.3059352368948133,0.6312036372300528,0.0,0.0,904.6957995967628,150049.75111898893,48000,8,480000,3.198938994702908,135749379.56788895,7.366516172546446e-09,7.366516172546444e-10,13574937.956788894,7.366516172546448e-08
3003_vit_b_32,3003,256,0.03,10,SGD,22_03_3,project_22_03_3conf.csv,vit_b_32,912.9870110299672,151140.7620918072,0.6681,0.8621,0.6819368232356406,0.862006562887742,0.6698189381841992,0.8618386503201246,0.9966474716720616,0.998607069429278,0.8612,0.3041477483571119,0.6395710839699946,0.0,0.0,911.8627912346662,151066.1662262621,48000,8,480000,3.1774156450165765,137751615.99619943,7.259442967461014e-09,7.259442967461013e-10,13775161.599619944,7.259442967461014e-08
3004_vit_b_32,3004,256,0.03,10,SGD,22_03_3,project_22_03_3conf.csv,vit_b_32,910.9524636659772,150502.69113707665,0.6682,0.8507,0.6810953400217551,0.8511554940276582,0.6719393531426536,0.8507557393665078,0.9966484823331664,0.9984919180601016,0.8597,0.3047800015383195,0.6150844973585738,0.0,0.0,909.8282438706764,150428.09527153155,48000,8,480000,3.1908932911340253,136863729.74970832,7.306537691386648e-09,7.306537691386647e-10,13686372.974970832,7.306537691386648e-08
3005_vit_b_32,3005,256,0.03,10,SGD,22_03_3,project_22_03_3conf.csv,vit_b_32,906.4960250149016,150175.31595988284,0.6586,0.8578,0.6701707100515242,0.8582169484561579,0.6632947115070301,0.8584322412272111,0.996551511584952,0.9985636348780906,0.8621,0.2917517409370508,0.6310516339317683,0.0,0.0,905.3718052196008,150100.72009433774,48000,8,480000,3.1978527464646525,135896959.91657254,7.358516339246311e-09,7.35851633924631e-10,13589695.991657255,7.35851633924631e-08
3006_vit_b_32,3006,256,0.03,10,SGD,22_03_3,project_22_03_3conf.csv,vit_b_32,912.1561420500512,150607.83873449342,0.6725,0.8566,0.6896267191142642,0.8582994061125007,0.6747355967774663,0.8562282847247422,0.996691917168786,0.9985515142656608,0.8626,0.3118896242996486,0.6286036912684208,0.0,0.0,911.0319222547504,150533.24286894832,48000,8,480000,3.1886644494723324,137140589.61413917,7.291787229540248e-09,7.291787229540249e-10,13714058.961413916,7.291787229540249e-08
3007_vit_b_32,3007,256,0.03,10,SGD,22_03_3,project_22_03_3conf.csv,vit_b_32,905.0654454160248,150087.137580513,0.6557,0.8566,0.6688092501635929,0.8564393656349555,0.6586235026564597,0.8565631693502843,0.996522219822814,0.9985515141521684,0.8648,0.2878270892666018,0.6274867538023151,0.0,0.0,903.9412256207238,150012.5417149679,48000,8,480000,3.1997324657829376,135602520.81630805,7.374494175920483e-09,7.374494175920485e-10,13560252.081630806,7.374494175920484e-08
3008_vit_b_32,3008,256,0.03,10,SGD,22_03_3,project_22_03_3conf.csv,vit_b_32,899.2873325290857,149249.09099227248,0.6472,0.8619,0.6562854322452377,0.8605960530928759,0.644368837434531,0.8603167009274452,0.9964363607911324,0.9986050493913132,0.8648,0.2727189831347615,0.6372477960693372,0.0,0.0,898.1631127337847,149174.4951267274,48000,8,480000,3.217708225472647,133983028.88351227,7.463631837054687e-09,7.463631837054687e-10,13398302.888351228,7.463631837054688e-08
3009_vit_b_32,3009,256,0.03,10,SGD,22_03_3,project_22_03_3conf.csv,vit_b_32,912.6596577239688,150957.527224986,0.6449,0.856,0.6635536192180287,0.8563543448282069,0.6482526088853447,0.8558881545756054,0.9964131287151602,0.9985454534919264,0.8632,0.2764089579200544,0.626487088118953,0.0,0.0,911.535437928668,150882.9313594409,48000,8,480000,3.181274354065404,137535138.9126891,7.2708691604610685e-09,7.270869160461067e-10,13753513.891268907,7.270869160461067e-08
3011_vit_b_32,3011,64,0.03,10,SGD,22_03_3,project_22_03_3conf.csv,vit_b_32,933.9863874820294,154249.11682956578,0.743,0.8615,0.7619690561380875,0.8601405874441245,0.7423653043662394,0.860307283766782,0.9974040384232484,0.9986010090335404,0.8638,0.419193883454544,0.6366054076098467,0.0,0.0,932.8621676867284,154174.5209640207,48000,8,480000,3.1133548980639696,143823577.82855928,6.952962894526383e-09,6.952962894526382e-10,14382357.78285593,6.952962894526382e-08
3012_vit_b_32,3012,64,0.03,10,SGD,22_03_3,project_22_03_3conf.csv,vit_b_32,921.6327159790088,152915.76384596317,0.7441,0.8609,0.7658811399625652,0.8606942118980376,0.7444056660035193,0.8609020170886313,0.9974151492677747,0.9985949482733392,0.8655,0.4231343764385412,0.6370076974312944,0.0,0.0,920.5084961837078,152841.16798041807,48000,8,480000,3.14051512653644,140691593.69261613,7.107745201783741e-09,7.10774520178374e-10,14069159.369261611,7.107745201783742e-08
3013_vit_b_32,3013,64,0.03,10,SGD,22_03_3,project_22_03_3conf.csv,vit_b_32,938.1143598810304,154563.28746247152,0.7321,0.8601,0.752679841823746,0.8596982672007001,0.7312255916743446,0.8597299825347694,0.9972939369115555,0.9985868673905436,0.8597,0.4018419319542888,0.6348087759554313,0.0,0.0,936.9901400857294,154488.69159692642,48000,8,480000,3.1070235305789184,144754380.78106514,6.9082537924186055e-09,6.908253792418604e-10,14475438.078106511,6.908253792418605e-08
3014_vit_b_32,3014,64,0.03,10,SGD,22_03_3,project_22_03_3conf.csv,vit_b_32,928.52177649003,153660.3309164999,0.7338,0.8574,0.7522242199680733,0.8571875604405748,0.7340406466362599,0.8578116499268554,0.9973111090930946,0.9985595948785698,0.8601,0.4040878439389819,0.6295428099830375,0.0,0.0,927.397556694729,153585.7350509548,48000,8,480000,3.125290248086852,142435035.4294195,7.0207445589854745e-09,7.020744558985473e-10,14243503.542941948,7.020744558985474e-08
3015_vit_b_32,3015,64,0.03,10,SGD,22_03_3,project_22_03_3conf.csv,vit_b_32,928.8110323239816,153690.2103530808,0.7444,0.8613,0.7633780259579208,0.8625413112729425,0.7479957501754103,0.8625908119568149,0.9974181791479604,0.9985989884500084,0.8613,0.4239576037747845,0.6399268042292675,0.0,0.0,927.6868125286808,153615.6144875357,48000,8,480000,3.12468235472864,142507179.7585766,7.017190303633221e-09,7.01719030363322e-10,14250717.97585766,7.01719030363322e-08
3016_vit_b_32,3016,64,0.03,10,SGD,22_03_3,project_22_03_3conf.csv,vit_b_32,935.904875094071,154517.71322947464,0.7444,0.8561,0.7681180548141648,0.856873686810848,0.7457040829159785,0.8558658515676908,0.9974181802392116,0.9985464637575217,0.8594,0.4252831135834235,0.626924554923869,0.0,0.0,934.78065529877,154443.11736392954,48000,8,480000,3.107940374376986,144370438.45583892,6.92662577391761e-09,6.926625773917611e-10,14437043.84558389,6.926625773917611e-08
3017_vit_b_32,3017,64,0.03,10,SGD,22_03_3,project_22_03_3conf.csv,vit_b_32,930.520221682964,153725.08472600687,0.7314,0.8589,0.7490978808594777,0.8582339065654128,0.7324023821667436,0.8585593721317459,0.9972868668150096,0.9985747464914292,0.8602,0.400187364916205,0.6319739590742492,0.0,0.0,929.396001887663,153650.48886046177,48000,8,480000,3.123973139037089,142802150.0349981,7.002695685988754e-09,7.002695685988753e-10,14280215.003499808,7.002695685988755e-08
3018_vit_b_32,3018,64,0.03,10,SGD,22_03_3,project_22_03_3conf.csv,vit_b_32,918.1077336020536,152213.47163777196,0.7325,0.8648,0.754372211627896,0.8635390225072542,0.7286842525169723,0.8633865951576797,0.9972979776406686,0.998634342343994,0.8641,0.4015666464085867,0.6438866893160552,0.0,0.0,916.9835138067526,152138.87577222686,48000,8,480000,3.155012139820377,139508840.89222562,7.168004504979919e-09,7.168004504979919e-10,13950884.08922256,7.16800450497992e-08
3019_vit_b_32,3019,64,0.03,10,SGD,22_03_3,project_22_03_3conf.csv,vit_b_32,926.7545449750032,153170.2543046922,0.7447,0.8561,0.7621516691513396,0.8560460239986224,0.746784371613941,0.8560748135469721,0.9974212102533946,0.9985464635936682,0.8611,0.4227626182165157,0.6264719196519191,0.0,0.0,925.6303251797024,153095.6584391471,48000,8,480000,3.135294657560729,141709984.10462835,7.056665811645796e-09,7.056665811645795e-10,14170998.410462838,7.056665811645794e-08
3020_vit_b_32,3020,256,0.01,10,SGD,22_03_3,project_22_03_3conf.csv,vit_b_32,889.970024806913,148092.23950417296,0.4679,0.8468,0.4912721952193478,0.845167952202328,0.4661653281292311,0.8450709492521166,0.9946252484241652,0.9984525240717572,0.8504,0.1065797454223763,0.6038714002938894,0.0,0.0,888.845805011612,148017.64363862787,48000,8,480000,3.242856650061786,131564861.6158981,7.600813680171587e-09,7.600813680171588e-10,13156486.161589809,7.600813680171588e-08
3021_vit_b_32,3021,256,0.01,10,SGD,22_03_3,project_22_03_3conf.csv,vit_b_32,911.9995182841084,150773.23548248652,0.448,0.8474,0.4945401116557455,0.8473836899730303,0.4488125088573521,0.8475647580975418,0.994424237576443,0.9984585845184152,0.8516,0.0988817605435676,0.6076751907521614,0.0,0.0,910.8752984888074,150698.63961694142,48000,8,480000,3.185164784633124,137267668.34293872,7.2850366883312895e-09,7.285036688331288e-10,13726766.834293872,7.28503668833129e-08
3022_vit_b_32,3022,256,0.01,10,SGD,22_03_3,project_22_03_3conf.csv,vit_b_32,890.3092207849259,148304.58965279063,0.4684,0.8471,0.4975526081201499,0.8468737142530053,0.4710409605771476,0.846663304375386,0.9946302981044528,0.9984555541387714,0.846,0.1091883371047183,0.6064469404306423,0.0,0.0,889.1850009896249,148229.99378724553,48000,8,480000,3.238211024207043,131803887.172404,7.587029650286154e-09,7.587029650286153e-10,13180388.7172404,7.587029650286155e-08
3023_vit_b_32,3023,256,0.01,10,SGD,22_03_3,project_22_03_3conf.csv,vit_b_32,907.4103895199952,150345.56402182294,0.4597,0.8406,0.4872621569095962,0.8408266758308001,0.4656172339576717,0.8411333111677394,0.994542420146503,0.998389897781515,0.8487,0.1037264573617016,0.593554876947073,0.0,0.0,906.2861697246942,150270.96815627784,48000,8,480000,3.1942297696572544,136188500.15117455,7.342763881604989e-09,7.342763881604988e-10,13618850.015117452,7.34276388160499e-08
3024_vit_b_32,3024,256,0.01,10,SGD,22_03_3,project_22_03_3conf.csv,vit_b_32,910.4209957859712,150939.39918878063,0.4425,0.8473,0.4635049416023035,0.8481818846015621,0.4446582153756636,0.8479645261544416,0.994368681044554,0.998457574162338,0.8479,0.0906862412114745,0.6084620539760752,0.0,0.0,909.2967759906702,150864.80332323554,48000,8,480000,3.181656618552543,137180879.27228463,7.289645651090641e-09,7.289645651090642e-10,13718087.927228462,7.289645651090643e-08
3025_vit_b_32,3025,256,0.01,10,SGD,22_03_3,project_22_03_3conf.csv,vit_b_32,899.5951608539326,149280.84620395993,0.4424,0.8439,0.4873148384702137,0.8454761429529829,0.4445775933179447,0.8436478624574708,0.9943676733230996,0.9984232313589236,0.8489,0.0953057978637767,0.6009913655055366,0.0,0.0,898.4709410586316,149206.25033841483,48000,8,480000,3.2170234082775457,134057480.15338534,7.459486772806891e-09,7.459486772806888e-10,13405748.015338534,7.459486772806888e-08
3026_vit_b_32,3026,256,0.01,10,SGD,22_03_3,project_22_03_3conf.csv,vit_b_32,884.6737644500099,147771.74882948148,0.429,0.8481,0.4680537428276476,0.8483765386000925,0.4342598860172259,0.847939766375553,0.9942323192530548,0.9984656555070734,0.848,0.0866943121586676,0.6091634632512436,0.0,0.0,883.5495446547089,147697.1529639364,48000,8,480000,3.249893382286136,130497752.24808288,7.662967237159372e-09,7.662967237159372e-10,13049775.224808289,7.662967237159373e-08
3027_vit_b_32,3027,256,0.01,10,SGD,22_03_3,project_22_03_3conf.csv,vit_b_32,889.8343969839625,148111.69806920845,0.4211,0.8469,0.446251583778434,0.8459410449450507,0.4208594320957274,0.8453686840120525,0.9941525205838616,0.9984535341188276,0.8498,0.0786239927343622,0.6047087384516228,0.0,0.0,888.7101771886615,148037.10220366335,48000,8,480000,3.242430396534213,131562079.32991366,7.600974422822361e-09,7.600974422822358e-10,13156207.932991363,7.60097442282236e-08
3028_vit_b_32,3028,256,0.01,10,SGD,22_03_3,project_22_03_3conf.csv,vit_b_32,912.2276058400748,151108.80388031807,0.4004,0.8448,0.4560068697476309,0.8452719187622487,0.4043881377489933,0.8453752604906626,0.9939434299566604,0.998432322096854,0.848,0.0733880805720654,0.6027240382511792,0.0,0.0,911.103386044774,151034.20801477297,48000,8,480000,3.1780879729779508,137607778.33085036,7.267031065610987e-09,7.267031065610986e-10,13760777.83308504,7.267031065610987e-08
3029_vit_b_32,3029,64,0.01,10,SGD,22_03_3,project_22_03_3conf.csv,vit_b_32,925.8444888120284,153103.6147042098,0.7474,0.8528,0.7567477260913585,0.8511280488861493,0.746304955184891,0.8513743022496227,0.9974484829016051,0.9985131301786078,0.8613,0.42102803721207,0.6170443954981664,0.0,0.0,924.7202690167276,153029.0188386647,48000,8,480000,3.1366599854244246,141509035.46785587,7.066686566647912e-09,7.066686566647913e-10,14150903.546785586,7.066686566647913e-08
3030_vit_b_32,3030,64,0.01,10,SGD,22_03_3,project_22_03_3conf.csv,vit_b_32,936.2441538360436,154262.40973031556,0.7452,0.8544,0.7552262029928223,0.8542779384222962,0.746172091466122,0.8546556458267301,0.9974262603885464,0.998529291650598,0.8613,0.4188607784017311,0.6228915019183301,0.0,0.0,935.1199340407426,154187.81386477046,48000,8,480000,3.113086488280982,144184098.33111045,6.9355775815413275e-09,6.935577581541327e-10,14418409.833111046,6.935577581541328e-08
3031_vit_b_32,3031,64,0.01,10,SGD,22_03_3,project_22_03_3conf.csv,vit_b_32,926.8063938539708,153312.24961454363,0.7352,0.8533,0.7502457178631039,0.8537902319345941,0.7340712504642135,0.8528926661346925,0.9973252500715936,0.9985181804588474,0.8533,0.4038164938734677,0.620444992956224,0.0,0.0,925.6821740586698,153237.6537489985,48000,8,480000,3.132389385093525,141849364.47002265,7.049731972618971e-09,7.04973197261897e-10,14184936.447002264,7.04973197261897e-08
3032_vit_b_32,3032,64,0.01,10,SGD,22_03_3,project_22_03_3conf.csv,vit_b_32,929.9730910039508,153618.58450433772,0.7356,0.8448,0.7529092975588731,0.8445858130084478,0.7367511739014704,0.8449546503073053,0.997329290924922,0.9984323220557788,0.8533,0.4069525662164784,0.6019351707107176,0.0,0.0,928.8488712086498,153543.98863879262,48000,8,480000,3.1261399697593166,142619160.52801627,7.011680592549546e-09,7.011680592549545e-10,14261916.052801628,7.011680592549546e-08
3033_vit_b_32,3033,64,0.01,10,SGD,22_03_3,project_22_03_3conf.csv,vit_b_32,928.9316378249788,153624.3816863333,0.743,0.858,0.762069964364781,0.8585062616151942,0.7453780834944626,0.8587706065076708,0.9974040377191934,0.9985656550822004,0.8569,0.4209508586676151,0.6316617089001698,0.0,0.0,927.8074180296778,153549.7858207882,48000,8,480000,3.126021944180502,142464630.32139555,7.0192861045161365e-09,7.019286104516135e-10,14246463.032139556,7.019286104516137e-08
3034_vit_b_32,3034,64,0.01,10,SGD,22_03_3,project_22_03_3conf.csv,vit_b_32,930.8859427541028,154058.3280832075,0.7412,0.8512,0.7557388002913709,0.852291214969762,0.741969344715174,0.8509998124118744,0.99738585698712,0.998496968777757,0.8582,0.4145303168734909,0.616447140035366,0.0,0.0,929.7617229588018,153983.7322176624,48000,8,480000,3.1172124034602566,143168180.17432055,6.984792282631568e-09,6.984792282631567e-10,14316818.017432056,6.984792282631567e-08
3035_vit_b_32,3035,64,0.01,10,SGD,22_03_3,project_22_03_3conf.csv,vit_b_32,926.4891308309744,153424.37413276057,0.7308,0.8536,0.7432231523198002,0.8536159092067672,0.7319667503953562,0.8534878148541852,0.9972808062047678,0.9985212111009584,0.8601,0.3964848369958253,0.6209712978866883,0.0,0.0,925.3649110356736,153349.77826721547,48000,8,480000,3.130099080831986,141904503.9235821,7.046992677121202e-09,7.046992677121202e-10,14190450.39235821,7.046992677121204e-08
3036_vit_b_32,3036,64,0.01,10,SGD,22_03_3,project_22_03_3conf.csv,vit_b_32,936.6436557470588,154813.84125728902,0.7451,0.8547,0.7539051155999483,0.8536982387491845,0.7425364129719476,0.8532193028150915,0.9974252504695568,0.99853232206052,0.8596,0.4160345205545345,0.6216427727842058,0.0,0.0,935.5194359517578,154739.24539174393,48000,8,480000,3.101992637903934,144761571.56848493,6.9079106365387326e-09,6.907910636538732e-10,14476157.156848494,6.907910636538732e-08
3037_vit_b_32,3037,64,0.01,10,SGD,22_03_3,project_22_03_3conf.csv,vit_b_32,932.827362544951,153938.7076110066,0.7425,0.8526,0.7573575862491314,0.8535841021887554,0.7449109129159965,0.8526804351038035,0.9973989880150766,0.998511110032708,0.8579,0.4178021763693424,0.6196277305634093,0.0,0.0,931.70314274965,153864.1117454615,48000,8,480000,3.119635856307203,143355676.46962982,6.975656804297191e-09,6.975656804297192e-10,14335567.646962984,6.97565680429719e-08
3038_vit_b_32,3038,128,0.01,10,SGD,22_03_3,project_22_03_3conf.csv,vit_b_32,917.4855928150936,149342.24623411294,0.6761,0.8523,0.6845811551599448,0.8509884343450363,0.6748501088601845,0.8506557504007367,0.996728280331868,0.9985080796697032,0.8575,0.3113292883051017,0.61605795761364,0.0,0.0,916.3613730197926,149267.65036856785,48000,8,480000,3.215700111945196,136783109.03917918,7.310844204554285e-09,7.310844204554284e-10,13678310.90391792,7.310844204554284e-08
3039_vit_b_32,3039,128,0.01,10,SGD,22_03_3,project_22_03_3conf.csv,vit_b_32,913.181322032935,148979.45034976825,0.6727,0.8518,0.6894538851308256,0.8514383147294042,0.6749589667885094,0.852008897512471,0.9966939365195104,0.9985030290015016,0.8592,0.3120080781415541,0.6169988322161213,0.0,0.0,912.057102237634,148904.85448422315,48000,8,480000,3.223534932172794,135809730.08999714,7.363242672946402e-09,7.363242672946401e-10,13580973.008999713,7.363242672946405e-08
3040_vit_b_32,3040,128,0.01,10,SGD,22_03_3,project_22_03_3conf.csv,vit_b_32,917.3394260390196,149292.33853897153,0.6694,0.8513,0.6808633062287403,0.8514589569584544,0.6705287781064848,0.8509392358572363,0.9966606029972388,0.9984979784201132,0.8536,0.3045862897205331,0.6158743127994886,0.0,0.0,916.2152062437186,149217.74267342643,48000,8,480000,3.2167756420931384,136715564.87875554,7.3144561183420294e-09,7.314456118342029e-10,13671556.487875557,7.314456118342028e-08
3041_vit_b_32,3041,128,0.01,10,SGD,22_03_3,project_22_03_3conf.csv,vit_b_32,904.032273577992,147721.27686264756,0.67,0.8446,0.6887595092979417,0.8448234861699423,0.6738325454652597,0.8448953518838493,0.9966666641649936,0.9984303018522424,0.8533,0.3099162342285548,0.6019185531072334,0.0,0.0,902.908053782691,147646.68099710246,48000,8,480000,3.251004335203579,133311377.3865676,7.501235225409648e-09,7.501235225409647e-10,13331137.73865676,7.501235225409648e-08
3042_vit_b_32,3042,128,0.01,10,SGD,22_03_3,project_22_03_3conf.csv,vit_b_32,923.5421966639116,149757.18052128266,0.6606,0.852,0.6815858309455236,0.8532598639941924,0.665190048993253,0.8527446139180437,0.996571713626048,0.9985050489589132,0.8539,0.29847875379463,0.6189993066885799,0.0,0.0,922.4179768686106,149682.58465573756,48000,8,480000,3.206785886975268,138069906.91061,7.242707859920741e-09,7.24270785992074e-10,13806990.691060998,7.242707859920742e-08
3043_vit_b_32,3043,128,0.01,10,SGD,22_03_3,project_22_03_3conf.csv,vit_b_32,901.1455529240192,147365.8263795654,0.6753,0.8479,0.6923938902068089,0.8498427447719483,0.6768681237447695,0.8478053272437773,0.996720200014366,0.9984636354240378,0.8533,0.3154476516542722,0.6099743878027664,0.0,0.0,900.0213331287182,147291.2305140203,48000,8,480000,3.258849819672801,132565249.6453979,7.543455035727123e-09,7.543455035727123e-10,13256524.96453979,7.543455035727124e-08
3044_vit_b_32,3044,128,0.01,10,SGD,22_03_3,project_22_03_3conf.csv,vit_b_32,901.9384694480104,147723.91486447968,0.65,0.8523,0.6693096519562206,0.8526349970597831,0.653129106393092,0.8523703941551051,0.9964646440255152,0.9985080797787674,0.8544,0.2831400971887431,0.6184941315239684,0.0,0.0,900.8142496527096,147649.31899893458,48000,8,480000,3.2509462505781257,133004610.5057588,7.518536358983603e-09,7.518536358983602e-10,13300461.050575878,7.518536358983605e-08
3045_vit_b_32,3045,128,0.01,10,SGD,22_03_3,project_22_03_3conf.csv,vit_b_32,911.0072061640676,148393.91557443526,0.6532,0.8515,0.662858153464579,0.8506119158778118,0.6505672387302707,0.8500278734638212,0.9964969669001266,0.99849999880239,0.8551,0.2806951761457883,0.6147483195746918,0.0,0.0,909.8829863687666,148319.31970889017,48000,8,480000,3.236260798270295,134953225.55290884,7.409974796104054e-09,7.409974796104052e-10,13495322.555290883,7.409974796104054e-08
3046_vit_b_32,3046,128,0.01,10,SGD,22_03_3,project_22_03_3conf.csv,vit_b_32,926.0231835449812,150497.91666804816,0.6395,0.8508,0.6665228713543718,0.8514907485020735,0.6426193227109321,0.8510501773805454,0.9963585832211076,0.998492928201357,0.8506,0.2729135205957755,0.6156127058718895,0.0,0.0,924.8989637496802,150423.32080250306,48000,8,480000,3.1909945707834204,139126373.53402078,7.1877098108610474e-09,7.187709810861046e-10,13912637.35340208,7.187709810861048e-08
3161_vit_b_32,3161,128,0.03,10,SGD,23_04do,project_23_04doconf.csv,vit_b_32,948.314988459926,157126.73389219728,0.6171,0.8623,0.640196478048248,0.8609008767561764,0.6146329725018063,0.8601239783474268,0.9961323202811742,0.9986090898477872,0.8619,0.241880976372165,0.6376290662708293,0.0,0.0,947.190768664625,157052.1380266522,48000,8,480000,3.056309872830529,148758335.33788747,6.722312384906801e-09,6.7223123849068e-10,14875833.533788748,6.722312384906801e-08
31611_vit_b_32,31611,128,0.03,10,SGD,23_04do,project_23_04doconf.csv,vit_b_32,946.4578763160388,156965.47361908632,0.5886,0.8606,0.6257143901787202,0.8617099349208387,0.5908327609466862,0.8609779989743452,0.9958444405261688,0.9985919178642392,0.8593,0.2166967871674635,0.6375915348942378,0.0,0.1,945.3336565207378,156890.87775354122,48000,8,480000,3.0594513006296555,148314227.1415032,6.742441499195642e-09,6.742441499195643e-10,14831422.714150324,6.742441499195642e-08
31612_vit_b_32,31612,128,0.03,10,SGD,23_04do,project_23_04doconf.csv,vit_b_32,937.5059079951608,156009.27026386475,0.6247,0.8567,0.6429778645281254,0.8574942520549795,0.6241900227778199,0.8569035597946179,0.9962090876064974,0.9985525239915032,0.8626,0.2497668804051926,0.6285833095340033,0.0,0.1,936.3816881998598,155934.67439831965,48000,8,480000,3.078212090108244,146014373.661994,6.848640821587069e-09,6.848640821587068e-10,14601437.366199402,6.84864082158707e-08
31613_vit_b_32,31613,128,0.03,10,SGD,23_04do,project_23_04doconf.csv,vit_b_32,927.2495400458574,154781.3011031939,0.6277,0.8564,0.6453444141935382,0.8568527940697774,0.6311208865173953,0.8574163270969065,0.996239391135076,0.99854949386784,0.8622,0.2546947228937959,0.6282669596531161,0.0,0.1,926.1253202505565,154706.7052376488,48000,8,480000,3.1026450939063057,143277796.93312594,6.979448465882987e-09,6.979448465882986e-10,14327779.693312593,6.979448465882988e-08
31614_vit_b_32,31614,128,0.03,10,SGD,23_04do,project_23_04doconf.csv,vit_b_32,938.7966831449884,155940.571509912,0.6277,0.8583,0.6574547823331293,0.8588363481815192,0.6280144498404455,0.8580209134474488,0.9962393908512128,0.9985686856933036,0.8574,0.258197101980255,0.6315756030862815,0.0,0.1,937.6724633496874,155865.9756443669,48000,8,480000,3.079568828383666,146151233.33485588,6.842227582909546e-09,6.842227582909545e-10,14615123.33348559,6.842227582909544e-08
31615_vit_b_32,31615,128,0.03,10,SGD,23_04do,project_23_04doconf.csv,vit_b_32,947.2411719080992,156705.54983170776,0.6005,0.8569,0.6184356326498812,0.8570260525700722,0.6024603344204995,0.8567861367294617,0.9959646434833692,0.9985545443866586,0.858,0.222833199562558,0.628301924857885,0.0,0.1,946.1169521127982,156630.95396616266,48000,8,480000,3.064528356915297,148191200.77298582,6.748038984662123e-09,6.748038984662122e-10,14819120.077298583,6.748038984662122e-08
3162_vit_b_32,3162,128,0.03,10,SGD,23_04do,project_23_04doconf.csv,vit_b_32,931.946363032097,155092.02119778455,0.6197,0.8604,0.6464026863787916,0.8615842884355607,0.6196989792194286,0.8609248610133795,0.996158582518698,0.9985898977638976,0.8611,0.2472828005508869,0.6373097898095559,0.0,0.0,930.822143236796,155017.42533223945,48000,8,480000,3.096426088688063,144293652.08680514,6.9303118019246855e-09,6.930311801924684e-10,14429365.208680514,6.930311801924685e-08
3163_vit_b_32,3163,128,0.03,10,SGD,23_04do,project_23_04doconf.csv,vit_b_32,935.5031514100264,156114.3330551844,0.6208,0.8588,0.6413509484298953,0.8583558498493317,0.6211688460242233,0.8581704542393728,0.996169693455998,0.9985737360653664,0.8609,0.2463714846876903,0.6317032402564469,0.0,0.0,934.3789316147254,156039.7371896393,48000,8,480000,3.07613950551995,145800242.9246977,6.8586991347914e-09,6.858699134791401e-10,14580024.292469772,6.858699134791399e-08
3164_vit_b_32,3164,128,0.03,10,SGD,23_04do,project_23_04doconf.csv,vit_b_32,961.7084050879348,159170.94932254776,0.6299,0.8555,0.6421976356858817,0.8561015418096121,0.6328304813175704,0.8558558772249591,0.996261613355952,0.9985404029449744,0.8575,0.2550357703247546,0.6259095419728041,0.0,0.1,960.5841852926338,159096.35345700267,48000,8,480000,3.017039608828776,152825441.06852382,6.543413145142635e-09,6.543413145142634e-10,15282544.10685238,6.543413145142637e-08
3165_vit_b_32,3165,128,0.03,10,SGD,23_04do,project_23_04doconf.csv,vit_b_32,918.09675754793,153862.94461275,0.5967,0.8588,0.6270374686158678,0.8602416474373058,0.5993042495024489,0.8596319023091461,0.995926258413038,0.9985737358986384,0.8582,0.2233181754532017,0.6341692268084218,0.0,0.1,916.972537752629,153788.3487472049,48000,8,480000,3.1211727280394768,141019692.42751083,7.091208204939433e-09,7.091208204939432e-10,14101969.242751084,7.091208204939433e-08
3166_vit_b_32,3166,128,0.03,10,SGD,23_04do,project_23_04doconf.csv,vit_b_32,934.6119676551316,155600.52143226913,0.6206,0.856,0.6482919970813554,0.8564173899962465,0.6217037267198724,0.8557819741181683,0.9961676744239314,0.998545453655894,0.863,0.2491714888354006,0.626455483507202,0.0,0.1,933.4877478598306,155525.92556672404,48000,8,480000,3.086302159919116,145181545.99109688,6.887927753995153e-09,6.887927753995152e-10,14518154.599109689,6.887927753995154e-08
3167_vit_b_32,3167,128,0.03,10,SGD,23_04do,project_23_04doconf.csv,vit_b_32,945.1348686020356,157107.9160795518,0.6137,0.8591,0.6364453816269114,0.8588654703680253,0.6156258439242009,0.8587424988202226,0.996097977105876,0.9985767666948432,0.8604,0.2395169010409061,0.6327224959036462,0.0,0.1,944.0106488067346,157033.3202140067,48000,8,480000,3.056676120366371,148241126.4995002,6.7457663309336205e-09,6.74576633093362e-10,14824112.649950016,6.745766330933621e-08
3168_vit_b_32,3168,128,0.03,10,SGD,23_04do,project_23_04doconf.csv,vit_b_32,935.4456138159148,155592.97329471805,0.6159,0.8595,0.6382931220467207,0.8591068518092639,0.6119060660742596,0.857671448766023,0.996120198922545,0.9985808069477156,0.8611,0.2396221022415177,0.6324078196415752,0.0,0.1,934.321394020614,155518.37742917295,48000,8,480000,3.086451954648281,145304147.19544885,6.882116025600414e-09,6.882116025600413e-10,14530414.719544882,6.882116025600417e-08
3169_vit_b_32,3169,128,0.03,10,SGD,23_04do,project_23_04doconf.csv,vit_b_32,919.9829067119864,154036.16913527425,0.5647,0.8611,0.5944064304462564,0.8620874778213765,0.5660520900663009,0.8614305816623031,0.9956030271183026,0.998596968680754,0.861,0.1891663540964416,0.6385802095446396,0.0,0.1,918.8586869166854,153961.57326972915,48000,8,480000,3.117661048832464,141468929.05025038,7.068689971101681e-09,7.06868997110168e-10,14146892.90502504,7.06868997110168e-08
31910_vit_b_32,31910,128,0.03,10,SGD,23_04do,project_23_04doconf.csv,vit_b_32,943.2954808720388,156393.69545765556,0.6893,0.8611,0.7010175232632073,0.8597969331597735,0.6883365963432024,0.8606343016393143,0.9968616136702608,0.9985969685831968,0.8653,0.3315682105956418,0.6362948023885602,0.0,0.05,942.1712610767378,156319.09959211046,48000,8,480000,3.070642047276902,147279363.19307888,6.789817516314418e-09,6.789817516314417e-10,14727936.31930789,6.789817516314417e-08
31911_vit_b_32,31911,128,0.03,10,SGD,23_04do,project_23_04doconf.csv,vit_b_32,931.3377652899362,155128.0743357552,0.689,0.8686,0.7125726205125362,0.8685482730496187,0.6911429742926087,0.868737760532959,0.9968585828965448,0.998672726021241,0.8676,0.3382593447513338,0.6545241486259696,0.0,0.05,930.2135454946352,155053.4784702101,48000,8,480000,3.095706105633875,144232845.94905022,6.933233504615493e-09,6.933233504615493e-10,14423284.594905024,6.933233504615493e-08
31912_vit_b_32,31912,128,0.03,10,SGD,23_04do,project_23_04doconf.csv,vit_b_32,942.9206616529264,156087.04266194868,0.7158,0.8656,0.724519782140112,0.8659909965722333,0.71676637015991,0.8660071532172937,0.9971292904283682,0.9986424230597208,0.8681,0.3706560013033132,0.6482792412472563,0.0,0.05,941.7964418576254,156012.4467964036,48000,8,480000,3.076677597566305,146931967.27835497,6.805870897417115e-09,6.805870897417114e-10,14693196.7278355,6.805870897417115e-08
31913_vit_b_32,31913,128,0.03,10,SGD,23_04do,project_23_04doconf.csv,vit_b_32,937.3964242700022,155444.94283616028,0.6951,0.8664,0.7022006202366312,0.8665733716401997,0.6979031688447103,0.8674533872198475,0.9969201997235688,0.9986505040441744,0.8645,0.3395971706851048,0.6504043782791626,0.0,0.05,936.2722044747012,155370.34697061518,48000,8,480000,3.089392598774213,145468937.2681771,6.874319829232442e-09,6.874319829232441e-10,14546893.726817708,6.874319829232442e-08
31914_vit_b_32,31914,128,0.03,10,SGD,23_04do,project_23_04doconf.csv,vit_b_32,937.0329279229044,155452.91015079792,0.7129,0.8627,0.7280997756345797,0.8625908282172524,0.712666564873475,0.8624928963905256,0.997099997618542,0.9986131301742452,0.8674,0.3688456035645688,0.6409400840558623,0.0,0.05,935.9087081276034,155378.31428525285,48000,8,480000,3.089234184371361,145419917.3937557,6.876637106678344e-09,6.876637106678344e-10,14541991.73937557,6.876637106678344e-08
31915_vit_b_32,31915,128,0.03,10,SGD,23_04do,project_23_04doconf.csv,vit_b_32,947.5913527100348,156762.73896225696,0.6922,0.8614,0.6973095942137256,0.8613209511740194,0.693147822258693,0.8612002349995805,0.996890906793945,0.9985999989656944,0.8686,0.333526797401989,0.6380659651347605,0.0,0.05,946.4671329147338,156688.14309671186,48000,8,480000,3.0634098439965043,148300177.55847842,6.7430802610177285e-09,6.743080261017726e-10,14830017.755847843,6.743080261017727e-08
3194_vit_b_32,3194,128,0.03,10,SGD,23_04do,project_23_04doconf.csv,vit_b_32,945.1365203449968,156800.19327277248,0.7071,0.8646,0.7165520558240028,0.8650341498646611,0.7095533814038375,0.8646950644370642,0.9970414119209896,0.998632322205879,0.8654,0.3584485720755422,0.6458283163083816,0.0,0.05,944.012300549696,156725.59740722738,48000,8,480000,3.062677749779404,147950891.76342216,6.758999476657631e-09,6.75899947665763e-10,14795089.176342215,6.75899947665763e-08
3195_vit_b_32,3195,128,0.03,10,SGD,23_04do,project_23_04doconf.csv,vit_b_32,928.4045502759982,154912.0155427638,0.6947,0.8684,0.7112734764814183,0.8691411689724999,0.6972825743333013,0.8690861798199727,0.9969161584267308,0.9986707056958984,0.8685,0.3434799256312558,0.6550814342624528,0.0,0.05,927.2803304806972,154837.4196772187,48000,8,480000,3.100025827094189,143577693.68906978,6.9648701988875e-09,6.964870198887501e-10,14357769.36890698,6.9648701988875e-08
3196_vit_b_32,3196,128,0.03,10,SGD,23_04do,project_23_04doconf.csv,vit_b_32,948.0346365279984,156810.60493474716,0.6981,0.8606,0.7078475514691824,0.8613341093175191,0.6990003113847155,0.8603202385128861,0.9969505031855164,0.998591918330775,0.868,0.3443565421774226,0.6368265687451956,0.0,0.05,946.9104167326974,156736.00906920206,48000,8,480000,3.062474302175644,148414959.66473797,6.737865254681537e-09,6.737865254681539e-10,14841495.966473795,6.73786525468154e-08
3197_vit_b_32,3197,128,0.03,10,SGD,23_04do,project_23_04doconf.csv,vit_b_32,940.5637122350744,156107.98813882068,0.6965,0.8658,0.7067770606186796,0.8650636588264113,0.6972053019125549,0.8653795121478823,0.9969343413192684,0.998644443509212,0.8684,0.3421612340872678,0.6472665268636019,0.0,0.05,939.4394924397734,156033.3922732756,48000,8,480000,3.076264593154086,146583930.8408621,6.822030179321931e-09,6.82203017932193e-10,14658393.084086208,6.822030179321932e-08
3198_vit_b_32,3198,128,0.03,10,SGD,23_04do,project_23_04doconf.csv,vit_b_32,941.3889701368752,155977.0118266392,0.6971,0.8653,0.7072295120568433,0.8648697194520814,0.6939408374236301,0.8634236243095806,0.996940401597602,0.9986393928530768,0.87,0.3410728106611388,0.6452826920155165,0.0,0.05,940.2647503415742,155902.4159610941,48000,8,480000,3.0788490161678146,146589546.2213064,6.821768848989401e-09,6.8217688489894e-10,14658954.62213064,6.821768848989401e-08
3199_vit_b_32,3199,128,0.03,10,SGD,23_04do,project_23_04doconf.csv,vit_b_32,952.4922031590248,157406.55398972353,0.6779,0.8673,0.6889730155089073,0.8674225198876552,0.679468782864405,0.8672709709385011,0.9967464622899268,0.9986595949887406,0.8691,0.3163166539244812,0.6515868762180715,0.0,0.05,951.367983363724,157331.95812417843,48000,8,480000,3.0508741245128803,149680587.7192655,6.68089306193504e-09,6.68089306193504e-10,14968058.771926548,6.680893061935042e-08
3201_vit_small_patch32_224,3201,128,0.03,10,SGD,23_04do,project_23_04doconf.csv,vit_small_patch32_224,655.9735878380015,79020.20687459149,0.8348,0.8827,0.83946481526063,0.882160338322424,0.8349787545421121,0.8818028320123148,0.9983313118580568,0.9988151506110778,0.8812,0.5841643592174641,0.6858312427878821,0.0,0.05,655.3412843920136,78980.89204544187,48000,8,480000,6.077419329777014,51759439.23548684,1.9320147489433945e-08,1.9320147489433943e-09,5175943.923548684,1.9320147489433946e-07
32010_vit_small_patch32_224,32010,128,0.03,10,SGD,23_04do,project_23_04doconf.csv,vit_small_patch32_224,645.8609281259123,78727.90811439707,0.845,0.8841,0.851123191294941,0.8836117296981049,0.8444370437350172,0.8840013417818452,0.9984343421914722,0.998829291999946,0.8803,0.6063675062960713,0.6897743764573023,0.0,0.05,645.2286246799243,78688.59328524745,48000,8,480000,6.099994674704529,50772132.82343815,1.9695843849568715e-08,1.9695843849568713e-09,5077213.282343814,1.969584384956872e-07
32011_vit_small_patch32_224,32011,128,0.03,10,SGD,23_04do,project_23_04doconf.csv,vit_small_patch32_224,668.5821229359135,81136.00472584787,0.8329,0.8862,0.8468923980488882,0.8866298939360044,0.8344111273695554,0.8868414356246713,0.9983121196206196,0.9988505039666457,0.8843,0.5875807066310667,0.696018182563045,0.0,0.05,667.9498194899255,81096.68989669826,48000,8,480000,5.918860567693066,54168519.377730064,1.846090702658421e-08,1.8460907026584206e-09,5416851.937773006,1.8460907026584214e-07
32012_vit_small_patch32_224,32012,128,0.03,10,SGD,23_04do,project_23_04doconf.csv,vit_small_patch32_224,628.2866035480984,77695.82130448296,0.8377,0.8797,0.8450201799185677,0.8802426866364224,0.8387280862872369,0.880479374103427,0.998360604632386,0.9987848474262232,0.8833,0.5927399752289116,0.6809702660425581,0.0,0.05,627.6543001021104,77656.50647533334,48000,8,480000,6.181066104904761,48741440.22015035,2.051642289360557e-08,2.051642289360557e-09,4874144.022015035,2.051642289360557e-07
32013_vit_small_patch32_224,32013,128,0.03,10,SGD,23_04do,project_23_04doconf.csv,vit_small_patch32_224,649.6228504888713,79195.83833407356,0.8309,0.8824,0.8381041130191319,0.8825641697089308,0.8316330145226651,0.8835961644173328,0.9982919179181876,0.9988121203263092,0.8794,0.5781439800202031,0.6873048636809268,0.0,0.05,648.9905470428833,79156.52350492394,48000,8,480000,6.063934831222616,51371835.49147344,1.9465919222722292e-08,1.946591922272229e-09,5137183.549147344,1.946591922272229e-07
32014_vit_small_patch32_224,32014,128,0.03,10,SGD,23_04do,project_23_04doconf.csv,vit_small_patch32_224,649.5374508590903,79243.2618895332,0.8392,0.8807,0.8457740204356203,0.8801034931147123,0.8383479968707893,0.8805734129507463,0.998375756241942,0.9987949485053712,0.878,0.5940707550151199,0.681716250960585,0.0,0.05,648.9051474131023,79203.94706038358,48000,8,480000,6.060304035530668,51395848.94291776,1.9456824248795643e-08,1.945682424879564e-09,5139584.894291775,1.9456824248795641e-07
32015_vit_small_patch32_224,32015,128,0.03,10,SGD,23_04do,project_23_04doconf.csv,vit_small_patch32_224,642.0883648879826,78588.4122025668,0.843,0.8793,0.8478487452593104,0.879159637108784,0.8414594611772697,0.878793772052738,0.9984141402425256,0.9987808071800816,0.883,0.6004680130514773,0.678518936855163,0.0,0.05,641.4560614419946,78549.09737341719,48000,8,480000,6.110827699497448,50385794.63097591,1.9846863730620324e-08,1.984686373062032e-09,5038579.463097592,1.984686373062032e-07
3202_vit_small_patch32_224,3202,128,0.03,10,SGD,23_04do,project_23_04doconf.csv,vit_small_patch32_224,642.9520960629452,78768.55769597676,0.8385,0.8783,0.844327526426985,0.8780047644242823,0.8384416215339812,0.8787503103185287,0.9983686854503544,0.998770706001908,0.8811,0.5926220342925126,0.6768166635625001,0.0,0.05,642.3197926169572,78729.24286682715,48000,8,480000,6.096845117791038,50569350.95111047,1.9774823706295577e-08,1.9774823706295573e-09,5056935.095111047,1.9774823706295574e-07
3203_vit_small_patch32_224,3203,128,0.03,10,SGD,23_04do,project_23_04doconf.csv,vit_small_patch32_224,652.768721598899,79171.82630991323,0.8458,0.8805,0.8493189073943984,0.8798379262362538,0.8451103451102526,0.8801329726931981,0.9984424228135942,0.9987929281856324,0.881,0.6061427523301053,0.6810136065695884,0.0,0.05,652.136418152911,79132.51148076361,48000,8,480000,6.065774875813004,51605192.59650929,1.9377894930434623e-08,1.9377894930434628e-09,5160519.259650929,1.937789493043463e-07
3204_vit_small_patch32_224,3204,128,0.03,10,SGD,23_04do,project_23_04doconf.csv,vit_small_patch32_224,648.2250852759462,78740.29731682727,0.8352,0.8747,0.8438944860978785,0.8748622112918024,0.8358557578731474,0.8751512672892525,0.9983353522860332,0.9987343424844656,0.8829,0.5881477280139747,0.6688548712855337,0.0,0.05,647.5927818299582,78700.98248767765,48000,8,480000,6.0990344062750985,50966188.181946,1.9620851306950105e-08,1.96208513069501e-09,5096618.8181946,1.9620851306950105e-07
3205_vit_small_patch32_224,3205,128,0.03,10,SGD,23_04do,project_23_04doconf.csv,vit_small_patch32_224,640.0107298740186,78267.58084439172,0.8375,0.8815,0.849376030018614,0.8822556924130948,0.8389190429694158,0.8821845248956166,0.9983585841609688,0.9988030290650756,0.8801,0.5957875527498002,0.6852610884815071,0.0,0.05,639.3784264280306,78228.2660152421,48000,8,480000,6.135889550542718,50017465.62701888,1.9993016188725308e-08,1.99930161887253e-09,5001746.562701888,1.9993016188725306e-07
3206_vit_small_patch32_224,3206,128,0.03,10,SGD,23_04do,project_23_04doconf.csv,vit_small_patch32_224,653.8149532719981,79571.07826529688,0.8393,0.8759,0.8440776079918684,0.8767048932415215,0.839117728448961,0.8758944676375283,0.9983767666840424,0.9987464638798365,0.8829,0.593494864134406,0.6717613219124964,0.0,0.05,653.1826498260101,79531.76343614726,48000,8,480000,6.03532449504118,51948767.98655805,1.924973466663837e-08,1.924973466663837e-09,5194876.798655804,1.924973466663837e-07
3207_vit_small_patch32_224,3207,128,0.03,10,SGD,23_04do,project_23_04doconf.csv,vit_small_patch32_224,648.989007094875,79058.28501554219,0.8371,0.8807,0.8453767488706564,0.8811434465436736,0.8379153125888128,0.8811605407980311,0.998354544319304,0.998794948663554,0.8836,0.5919875414581276,0.6829768605977369,0.0,0.05,648.356703648887,79018.97018639257,48000,8,480000,6.074490706064127,51232479.03577916,1.9518868085646044e-08,1.9518868085646043e-09,5123247.903577916,1.951886808564605e-07
3208_vit_small_patch32_224,3208,128,0.03,10,SGD,23_04do,project_23_04doconf.csv,vit_small_patch32_224,659.3895667837933,80171.96707545804,0.8387,0.8841,0.8480583518790573,0.8829405316174785,0.8376524528702615,0.882460311391935,0.9983707057698686,0.9988292919945924,0.8801,0.5948234376519009,0.6880488867431636,0.0,0.05,658.7572633378053,80132.65224630843,48000,8,480000,5.990067551047679,52787966.69777817,1.8943711276571856e-08,1.8943711276571853e-09,5278796.669777818,1.8943711276571854e-07
3209_vit_small_patch32_224,3209,128,0.03,10,SGD,23_04do,project_23_04doconf.csv,vit_small_patch32_224,640.6617103300523,78338.74117286736,0.8359,0.8839,0.8456061689008572,0.8848453143956055,0.8362159144216483,0.8838876144500806,0.9983424230418412,0.9988272718778656,0.884,0.5900929452906979,0.6904908524998412,0.0,0.05,640.0294068840643,78299.42634371774,48000,8,480000,6.130313112294114,50113935.40213215,1.9954529453247728e-08,1.995452945324773e-09,5011393.540213214,1.995452945324773e-07
3020_vit_small_patch32_224,3020,128,0.03,10,SGD,24_03,project_24_03conf.csv,vit_small_patch32_224,643.5819120369852,77353.95873878819,0.8365,0.8824,0.8411836615936004,0.8817933621088265,0.8366087049228532,0.8814953445339975,0.9983484835883312,0.9988121203057356,0.8806,0.5877076120289867,0.6850718956796744,0.0,0.0,642.9496085909972,77314.64390963857,48000,8,480000,6.208396957256889,49709420.04005444,2.0116911426329823e-08,2.0116911426329827e-09,4970942.004005444,2.0116911426329827e-07
3021_vit_small_patch32_224,3021,128,0.03,10,SGD,24_03,project_24_03conf.csv,vit_small_patch32_224,646.1898621170549,77545.57651920505,0.8385,0.8774,0.8445423015999113,0.8772164099401232,0.8390095712991633,0.8777112982663869,0.9983686854503544,0.9987616150849128,0.8819,0.5931743188681976,0.6747111842144113,0.0,0.0,645.5575586710669,77506.26169005543,48000,8,480000,6.193048013585039,50034753.07835302,1.9986108424159265e-08,1.998610842415926e-09,5003475.307835301,1.998610842415927e-07
3022_vit_small_patch32_224,3022,128,0.03,10,SGD,24_03,project_24_03conf.csv,vit_small_patch32_224,667.0149344099918,79778.36723017464,0.8478,0.8809,0.8510070384021249,0.880810874797594,0.8474420546818822,0.8802581110333958,0.9984626248523284,0.9987969685933792,0.8819,0.6104757107787807,0.6821761458124531,0.0,0.0,666.3826309640039,79739.05240102502,48000,8,480000,6.019635116629876,53136719.52957162,1.8819377802264972e-08,1.8819377802264976e-09,5313671.952957162,1.8819377802264978e-07
3023_vit_small_patch32_224,3023,128,0.03,10,SGD,24_03,project_24_03conf.csv,vit_small_patch32_224,631.6721510519274,76169.96118000432,0.837,0.8773,0.8452532961508941,0.8774152588759815,0.8379963653234305,0.8777618067684319,0.9983535341178604,0.9987606051304384,0.8825,0.5918870330209126,0.6748253612632898,0.0,0.0,631.0398476059394,76130.6463508547,48000,8,480000,6.30495106777208,48041471.47138502,2.0815349100945645e-08,2.0815349100945646e-09,4804147.1471385015,2.081534910094565e-07
3024_vit_small_patch32_224,3024,128,0.03,10,SGD,24_03,project_24_03conf.csv,vit_small_patch32_224,645.6428408820648,77195.17808143992,0.8319,0.8804,0.8460392762816461,0.8805092765795984,0.83358982660797,0.8811568237871823,0.9983020184459004,0.9987919179424732,0.8811,0.5857010522836603,0.682247884925129,0.0,0.0,645.0105374360768,77155.8632522903,48000,8,480000,6.221173346612146,49766344.82270422,2.009390087945104e-08,2.0093900879451043e-09,4976634.482270422,2.0093900879451042e-07
3025_vit_small_patch32_224,3025,128,0.03,10,SGD,24_03,project_24_03conf.csv,vit_small_patch32_224,631.1161168109393,76075.541455527,0.8337,0.8769,0.8394457483671607,0.8781404840516587,0.8334155743922532,0.877174326959613,0.9983202009928828,0.9987565648961148,0.8811,0.5822827259964937,0.6746206470673419,0.0,0.0,630.4838133649513,76036.22662637738,48000,8,480000,6.312780385047216,47939610.11728005,2.0859577237978943e-08,2.085957723797894e-09,4793961.0117280055,2.0859577237978945e-07
3026_vit_small_patch32_224,3026,128,0.03,10,SGD,24_03,project_24_03conf.csv,vit_small_patch32_224,645.514198421035,77207.04765866521,0.8352,0.8797,0.8424722917115113,0.8805969867050062,0.8356906984639971,0.8797394354735191,0.9983353523868712,0.9987848476464842,0.8873,0.5870405894472658,0.6806718533749018,0.0,0.0,644.881894975047,77167.73282951559,48000,8,480000,6.220216435027966,49764073.77802616,2.0094817889317583e-08,2.009481788931758e-09,4976407.377802616,2.009481788931758e-07
3027_vit_small_patch32_224,3027,128,0.03,10,SGD,24_03,project_24_03conf.csv,vit_small_patch32_224,647.8500384989893,77403.7479435732,0.8387,0.8843,0.8454571656268208,0.8830141623706607,0.8377111103175217,0.8828142217408359,0.9983707057698686,0.9988313121982256,0.8816,0.5930405053451258,0.6885393472899028,0.0,0.0,647.2177350530013,77364.43311442358,48000,8,480000,6.204401437157436,50071633.17397664,1.9971387722174853e-08,1.997138772217485e-09,5007163.317397664,1.997138772217485e-07
3028_vit_small_patch32_224,3028,128,0.03,10,SGD,24_03,project_24_03conf.csv,vit_small_patch32_224,646.2289435319835,77125.68223424352,0.8372,0.8797,0.8465956949361158,0.8801906934993663,0.8373014736976504,0.8792539946378253,0.9983555543644834,0.9987848476047134,0.8835,0.5924781920159093,0.679982380452337,0.0,0.0,645.5966400859955,77086.3674050939,48000,8,480000,6.2267819350932525,49766699.793163225,2.0093757555878292e-08,2.009375755587829e-09,4976669.979316322,2.0093757555878289e-07
3029_vit_small_patch32_224,3029,256,0.03,10,SGD,24_03,project_24_03conf.csv,vit_small_patch32_224,635.7946180879371,86630.85053784936,0.812,0.8826,0.8146324465180054,0.8821969782914368,0.8115257895922886,0.8815501071627616,0.998101008652026,0.9988141405092972,0.8832,0.5357899381015688,0.6855847895608764,0.0,0.0,635.1623146419491,86591.53570869974,48000,8,480000,5.543266972591352,54999680.24913872,1.8181923885196763e-08,1.8181923885196763e-09,5499968.024913873,1.8181923885196761e-07
3030_vit_small_patch32_224,3030,256,0.03,10,SGD,24_03,project_24_03conf.csv,vit_small_patch32_224,616.2613230950665,84445.90617839832,0.8156,0.8802,0.8180329524965521,0.8798450148820176,0.8170276111927748,0.8806995820508021,0.9981373721179276,0.998789897937786,0.8814,0.5440954146977455,0.6812232678412323,0.0,0.0,615.6290196490785,84406.5913492487,48000,8,480000,5.686759675129002,51963147.08425837,1.924440793353985e-08,1.924440793353985e-09,5196314.708425837,1.9244407933539855e-07
3031_vit_small_patch32_224,3031,256,0.03,10,SGD,24_03,project_24_03conf.csv,vit_small_patch32_224,636.1612017239677,86806.32059346192,0.8154,0.8839,0.8198933823457967,0.8836130891856603,0.8151873033089315,0.8836430647308862,0.9981353518248344,0.9988272716514804,0.8842,0.5439699795854808,0.6893385072755714,0.0,0.0,635.5288982779797,86767.0057643123,48000,8,480000,5.532056750970959,55142939.58027251,1.8134687914928494e-08,1.813468791492849e-09,5514293.958027251,1.8134687914928493e-07
3032_vit_small_patch32_224,3032,256,0.03,10,SGD,24_03,project_24_03conf.csv,vit_small_patch32_224,639.23557643604,86818.32118710468,0.8035,0.8797,0.8101894085006545,0.8795789963456927,0.8045448033757939,0.8801394371089001,0.9980151500255188,0.9987848475728748,0.8808,0.5227087986416099,0.6801941124391991,0.0,0.0,638.603272990052,86779.00635795506,48000,8,480000,5.531291727633365,55417357.48701464,1.804488783562658e-08,1.804488783562658e-09,5541735.748701463,1.804488783562658e-07
3033_vit_small_patch32_224,3033,256,0.03,10,SGD,24_03,project_24_03conf.csv,vit_small_patch32_224,623.4352728410158,85105.84431016224,0.8147,0.8817,0.8228684253190504,0.8825514502532047,0.8158758044171536,0.8826156901187265,0.9981282808924768,0.9988050492691852,0.8835,0.545931972322636,0.6859828314607987,0.0,0.0,622.8029693950278,85066.52948101262,48000,8,480000,5.642642328639244,52979687.15690434,1.8875158644074396e-08,1.8875158644074394e-09,5297968.715690434,1.887515864407439e-07
3034_vit_small_patch32_224,3034,256,0.03,10,SGD,24_03,project_24_03conf.csv,vit_small_patch32_224,626.1398281500442,85527.15795399995,0.8125,0.8802,0.816818211782076,0.8803981711352499,0.8128882871680152,0.8802676240387072,0.9981060594477784,0.9987898982498338,0.8842,0.5384635869832958,0.6813172207026549,0.0,0.0,625.5075247040562,85487.84312485033,48000,8,480000,5.614833436597367,53473289.1453138,1.8700925564584172e-08,1.870092556458417e-09,5347328.91453138,1.870092556458417e-07
3035_vit_small_patch32_224,3035,256,0.03,10,SGD,24_03,project_24_03conf.csv,vit_small_patch32_224,636.7853770379443,86757.31719542123,0.817,0.8811,0.8196452841079086,0.8816745522724692,0.8173999942163426,0.8811962248896029,0.998151513876198,0.9987989890703822,0.8847,0.546360257578855,0.6837293598643739,0.0,0.0,636.1530735919563,86718.00236627161,48000,8,480000,5.535182855949791,55165923.74105822,1.8127132334335084e-08,1.8127132334335082e-09,5516592.374105822,1.8127132334335088e-07
3036_vit_small_patch32_224,3036,256,0.03,10,SGD,24_03,project_24_03conf.csv,vit_small_patch32_224,628.8850930919871,85959.83581135992,0.81,0.8812,0.8116345055488812,0.880259039805199,0.807910549919417,0.8799019574225458,0.9980808065485122,0.9987999990419116,0.8816,0.5301203846467757,0.6817070719078792,0.0,0.0,628.2527896459991,85920.5209822103,48000,8,480000,5.586558304265673,53979806.99491122,1.85254460078798e-08,1.8525446007879798e-09,5397980.699491123,1.8525446007879797e-07
3037_vit_small_patch32_224,3037,256,0.03,10,SGD,24_03,project_24_03conf.csv,vit_small_patch32_224,620.8445422580699,84947.04997382016,0.821,0.8837,0.8239881271119818,0.8839116658849807,0.8219953769225651,0.8837004042029046,0.9981919178823252,0.9988252516743822,0.8808,0.5550697184226348,0.6894587502006149,0.0,0.0,620.2122388120819,84907.73514467054,48000,8,480000,5.65319519101704,52660816.506539404,1.898945110119628e-08,1.898945110119628e-09,5266081.650653942,1.8989451101196283e-07
31020_vit_tiny_patch16_224,31020,128,0.03,10,SGD,24_03,project_24_03conf.csv,vit_tiny_patch16_224,703.0668677589856,89745.47300541132,0.7836,0.8617,0.7937615654902966,0.8606703034107162,0.7839145833399964,0.8608728176084007,0.997814139746268,0.998603029237102,0.8682,0.4865224569386573,0.6375654662057881,0.0,0.0,702.6370576606132,89722.84151682095,48000,8,480000,5.349808274964309,63042593.36832858,1.5862291612235312e-08,1.586229161223531e-09,6304259.336832859,1.586229161223531e-07
31021_vit_tiny_patch16_224,31021,128,0.03,10,SGD,24_03,project_24_03conf.csv,vit_tiny_patch16_224,702.2607844419545,89419.81886636616,0.7829,0.8638,0.7928381060464537,0.8628740189621125,0.7827638095679952,0.8643478946798042,0.9978070688004452,0.9986242412281008,0.8611,0.4848061528442642,0.6433558806678362,0.0,0.0,701.830974343582,89397.18737777579,48000,8,480000,5.369296440743821,62741715.12092016,1.5938359320792092e-08,1.593835932079209e-09,6274171.512092016,1.5938359320792096e-07
31022_vit_tiny_patch16_224,31022,128,0.03,10,SGD,24_03,project_24_03conf.csv,vit_tiny_patch16_224,719.1367808689829,91718.02593863172,0.7767,0.8641,0.7900120371673341,0.8634022078248571,0.776497610113293,0.8634588592178516,0.997744442375328,0.998627271468012,0.8657,0.4753860730713649,0.6433128579970216,0.0,0.0,718.7069707706105,91695.39445004136,48000,8,480000,5.234723105548335,65902119.17880547,1.5174018870118615e-08,1.5174018870118612e-09,6590211.917880546,1.5174018870118618e-07
31023_vit_tiny_patch16_224,31023,128,0.03,10,SGD,24_03,project_24_03conf.csv,vit_tiny_patch16_224,724.1614050490316,92827.93766708448,0.7706,0.8603,0.783050749991606,0.8603327087988896,0.7713327646477209,0.8608241658591947,0.9976828265437864,0.9985888878298472,0.8635,0.4643582767653645,0.6362349712749937,0.0,0.0,723.7315949506592,92805.30617849412,48000,8,480000,5.172118058387819,67166132.2604458,1.4888455927793552e-08,1.488845592779355e-09,6716613.22604458,1.488845592779355e-07
31024_vit_tiny_patch16_224,31024,128,0.03,10,SGD,24_03,project_24_03conf.csv,vit_tiny_patch16_224,705.8970651869895,89936.7720123726,0.7814,0.8673,0.8007476064174344,0.8666241109604607,0.7838326052016648,0.8679027643417921,0.9977919169082324,0.9986595945732956,0.865,0.4893643887514952,0.651461364409305,0.0,0.0,705.4672550886171,89914.14052378223,48000,8,480000,5.338426160822172,63431481.90896484,1.5765042371785875e-08,1.5765042371785872e-09,6343148.190896484,1.5765042371785877e-07
31025_vit_tiny_patch16_224,31025,128,0.03,10,SGD,24_03,project_24_03conf.csv,vit_tiny_patch16_224,699.1476639709435,89279.47548433981,0.7801,0.8598,0.7939938150971807,0.8604692564680899,0.7799230941780354,0.8597495546060254,0.9977787865203545,0.998583837517752,0.8668,0.4820071094693364,0.635168995838517,0.0,0.0,698.7178538725711,89256.84399574944,48000,8,480000,5.377738877064244,62365350.48014893,1.603454469991799e-08,1.603454469991799e-09,6236535.048014894,1.603454469991799e-07
31026_vit_tiny_patch16_224,31026,128,0.03,10,SGD,24_03,project_24_03conf.csv,vit_tiny_patch16_224,715.899461833993,90507.88635866532,0.7783,0.8631,0.7921281463105937,0.8628169493042533,0.7789799766204614,0.8633987435707802,0.9977606045155906,0.9986171707631228,0.8596,0.4791760711369274,0.64208160217193,0.0,0.0,715.4696517356206,90485.25487007496,48000,8,480000,5.304731701195046,64739453.789101385,1.5446531310839478e-08,1.5446531310839475e-09,6473945.378910139,1.5446531310839478e-07
31027_vit_tiny_patch16_224,31027,128,0.03,10,SGD,24_03,project_24_03conf.csv,vit_tiny_patch16_224,707.7682532150066,90721.37613661667,0.7775,0.8677,0.7898632306717821,0.8663682849676886,0.7760758575544712,0.8667459848901558,0.997752523458126,0.9986636352966748,0.863,0.4755315138191791,0.6507036124137215,0.0,0.0,707.3384431166342,90698.7446480263,48000,8,480000,5.292245243996828,64154708.83196808,1.5587320372993468e-08,1.5587320372993467e-09,6415470.883196808,1.558732037299347e-07
31028_vit_tiny_patch16_224,31028,128,0.03,10,SGD,24_03,project_24_03conf.csv,vit_tiny_patch16_224,696.3151316349395,89468.76058562592,0.7825,0.8652,0.7953594404024348,0.8646581707583607,0.7835190776523804,0.8656872100559201,0.997803028711764,0.9986383828521644,0.8634,0.4865664722096667,0.6467407350996829,0.0,0.0,695.8853215365671,89446.12909703555,48000,8,480000,5.366358553976913,62244248.306891866,1.6065741449226835e-08,1.6065741449226836e-09,6224424.830689187,1.6065741449226836e-07
31029_vit_tiny_patch16_224,31029,256,0.03,10,SGD,24_03,project_24_03conf.csv,vit_tiny_patch16_224,698.4697703600395,101002.82617365984,0.7122,0.8623,0.7178866849617791,0.8611450444339903,0.7113015339585327,0.8614014862993887,0.9970929270747504,0.9986090898477872,0.8603,0.3626162384578443,0.6387572235684251,0.0,0.0,698.0399602616671,100980.19468506948,48000,8,480000,4.753407353758756,70488211.0851813,1.418676945555552e-08,1.418676945555552e-09,7048821.108518131,1.4186769455555518e-07
31030_vit_tiny_patch16_224,31030,256,0.03,10,SGD,24_03,project_24_03conf.csv,vit_tiny_patch16_224,705.9973250379553,101812.15780922196,0.7136,0.8659,0.7174619738060362,0.8658868973975108,0.7142576233896792,0.8662070780697587,0.9971070681918358,0.9986454533677552,0.8618,0.3646283301619697,0.6485776291814728,0.0,0.0,705.5675149395829,101789.5263206316,48000,8,480000,4.715612866573577,71819383.1329253,1.392381772688262e-08,1.392381772688262e-09,7181938.313292529,1.392381772688262e-07
31031_vit_tiny_patch16_224,31031,256,0.03,10,SGD,24_03,project_24_03conf.csv,vit_tiny_patch16_224,704.5028984639794,102190.1474832606,0.7253,0.8673,0.7327136354190654,0.8661701105903669,0.7253467201025178,0.8668659407248388,0.9972252499798592,0.9986595947299868,0.8622,0.3844066296168531,0.6503422336583452,0.0,0.0,704.073088365607,102167.51599467023,48000,8,480000,4.698166489875707,71933398.51701002,1.390174829239482e-08,1.3901748292394816e-09,7193339.851701003,1.3901748292394818e-07
31032_vit_tiny_patch16_224,31032,256,0.03,10,SGD,24_03,project_24_03conf.csv,vit_tiny_patch16_224,697.557901186985,100968.46896472668,0.6806,0.8602,0.6910982941825107,0.8602274640316874,0.6833731895468483,0.860831575920077,0.9967737349524208,0.998587877728079,0.8599,0.3203954115864402,0.636088026533936,0.0,0.0,697.1280910886126,100945.83747613632,48000,8,480000,4.75502518975557,70372178.98308024,1.4210161095628893e-08,1.421016109562889e-09,7037217.898308022,1.4210161095628897e-07
31033_vit_tiny_patch16_224,31033,256,0.03,10,SGD,24_03,project_24_03conf.csv,vit_tiny_patch16_224,705.4401456048945,101688.17934758111,0.7323,0.8679,0.7393661462169066,0.8667528702686321,0.733670912738312,0.8684927090920026,0.9972959567993313,0.9986656551856244,0.8621,0.396163039589377,0.6524560585746021,0.0,0.0,705.0103355065221,101665.54785899074,48000,8,480000,4.721363432435892,71675262.00552145,1.3951815061701009e-08,1.3951815061701007e-09,7167526.200552144,1.395181506170101e-07
31034_vit_tiny_patch16_224,31034,256,0.03,10,SGD,24_03,project_24_03conf.csv,vit_tiny_patch16_224,707.9232310040388,101705.72495007564,0.7241,0.8594,0.7325380489148091,0.8592826843309885,0.7250140392777235,0.8592866106848881,0.9972131296087576,0.9985797971112408,0.8637,0.3834980316222849,0.6336540713887028,0.0,0.0,707.4934209056664,101683.09346148527,48000,8,480000,4.720548752598785,71940119.64133681,1.3900449498632745e-08,1.3900449498632743e-09,7194011.964133682,1.3900449498632745e-07
31035_vit_tiny_patch16_224,31035,256,0.03,10,SGD,24_03,project_24_03conf.csv,vit_tiny_patch16_224,702.9005041490309,101406.81310014131,0.7041,0.8625,0.7115819245857956,0.862377756466072,0.7052298958070088,0.8630741604363921,0.9970111090489998,0.998611110152881,0.861,0.3522816030176302,0.6410636587482599,0.0,0.0,702.4706940506585,101384.18161155094,48000,8,480000,4.734466386867914,71219416.4224242,1.4041114772251058e-08,1.4041114772251056e-09,7121941.642242419,1.404111477225106e-07
31036_vit_tiny_patch16_224,31036,256,0.03,10,SGD,24_03,project_24_03conf.csv,vit_tiny_patch16_224,704.7735732779838,101619.3496141476,0.7002,0.8676,0.7046412206571911,0.8664331789486306,0.6983197969100512,0.8664622672553154,0.9969717147539155,0.998662625194858,0.8638,0.3435004757892357,0.6504637065840723,0.0,0.0,704.3437631796114,101596.71812555724,48000,8,480000,4.724562061215374,71559014.77125321,1.3974479710161148e-08,1.3974479710161147e-09,7155901.477125322,1.397447971016115e-07
31037_vit_tiny_patch16_224,31037,256,0.03,10,SGD,24_03,project_24_03conf.csv,vit_tiny_patch16_224,701.6993792740395,101031.06913708356,0.7201,0.8599,0.7277450657072108,0.8595821510082463,0.7211653416943714,0.8600101556053832,0.9971727252249318,0.9985848474598532,0.8653,0.3768576350839556,0.6347809564512162,0.0,0.0,701.2695691756671,101008.4376484932,48000,8,480000,4.752078253802795,70834143.55286606,1.4117485577469633e-08,1.411748557746963e-09,7083414.355286606,1.411748557746963e-07
31038_vit_tiny_patch16_224,31038,64,0.03,10,SGD,24_03,project_24_03conf.csv,vit_tiny_patch16_224,712.3395303329453,88852.0155494634,0.7365,0.8644,0.7618786119792341,0.8636799421371713,0.735465290776446,0.863826751314661,0.997338381807494,0.9986303019851848,0.864,0.4115885149200627,0.6440194464371791,0.0,0.0,711.9097202345729,88829.38406087302,48000,8,480000,5.403617339855306,63238501.95538554,1.5813151309395267e-08,1.5813151309395267e-09,6323850.195538554,1.581315130939527e-07
31039_vit_tiny_patch16_224,31039,64,0.03,10,SGD,24_03,project_24_03conf.csv,vit_tiny_patch16_224,715.9253398380242,89480.89694300867,0.7428,0.8644,0.7668670044557508,0.8642993888171326,0.7421049019848059,0.8648894744872861,0.9974020179432268,0.9986303018394308,0.8622,0.4216261026560838,0.6452742220041364,0.0,0.0,715.4955297396518,89458.2654544183,48000,8,480000,5.365630526835719,64006989.03089942,1.5623293879942537e-08,1.5623293879942536e-09,6400698.903089941,1.5623293879942541e-07
31040_vit_tiny_patch16_224,31040,64,0.03,10,SGD,24_03,project_24_03conf.csv,vit_tiny_patch16_224,721.2713651700178,90109.2400495956,0.7314,0.863,0.7573912829697131,0.8619073810980227,0.7292178904698687,0.8623036177112069,0.9972868661979988,0.998616160346708,0.8632,0.4028586314124947,0.6405163108461459,0.0,0.0,720.8415550716454,90086.60856100524,48000,8,480000,5.328205908372626,64938171.00624561,1.5399263399392974e-08,1.5399263399392975e-09,6493817.100624561,1.5399263399392973e-07
31041_vit_tiny_patch16_224,31041,64,0.03,10,SGD,24_03,project_24_03conf.csv,vit_tiny_patch16_224,710.7075187000446,89229.75854621976,0.7282,0.8602,0.7587944594125774,0.8600543557303406,0.7285340869649066,0.8605326789980946,0.9972545433940764,0.998587877728079,0.8642,0.40144931925334,0.6357392057564439,0.0,0.0,710.2777086016722,89207.12705762939,48000,8,480000,5.380735999825569,63361833.79743124,1.5782371501383873e-08,1.578237150138387e-09,6336183.379743123,1.578237150138387e-07
31042_vit_tiny_patch16_224,31042,64,0.03,10,SGD,24_03,project_24_03conf.csv,vit_tiny_patch16_224,715.8096729710232,89606.04376851612,0.7349,0.8689,0.7644287075219686,0.8682668204853397,0.7357391227427601,0.8694234566024754,0.9973222194527556,0.9986757562061722,0.8597,0.4122157493452644,0.655056654429751,0.0,0.0,715.3798628726508,89583.41227992575,48000,8,480000,5.358134812950863,64086169.19247743,1.5603990886030088e-08,1.5603990886030086e-09,6408616.919247742,1.560399088603009e-07
31043_vit_tiny_patch16_224,31043,64,0.03,10,SGD,24_03,project_24_03conf.csv,vit_tiny_patch16_224,717.0911875619786,89665.52558459365,0.7403,0.8558,0.765241757359898,0.8558334730592655,0.7412329730846123,0.8560711595551047,0.9973767660724696,0.998543433452638,0.8617,0.4188132250554799,0.6260923204930526,0.0,0.0,716.6613774636062,89642.89409600328,48000,8,480000,5.354579466008124,64243599.96266588,1.5565752862248282e-08,1.5565752862248283e-09,6424359.996266588,1.5565752862248286e-07
31044_vit_tiny_patch16_224,31044,64,0.03,10,SGD,24_03,project_24_03conf.csv,vit_tiny_patch16_224,718.009194239974,89919.08122517532,0.7577,0.8608,0.7814035328940042,0.8610616805441392,0.758837020963024,0.8612616538521607,0.9975525235639496,0.998593938423862,0.8611,0.4481846103087676,0.6374711837938962,0.0,0.0,717.5793841416016,89896.44973658495,48000,8,480000,5.339476713557638,64507839.03849508,1.5501991926954022e-08,1.550199192695402e-09,6450783.903849507,1.5501991926954022e-07
31045_vit_tiny_patch16_224,31045,64,0.03,10,SGD,24_03,project_24_03conf.csv,vit_tiny_patch16_224,715.3252830050187,89639.4002390226,0.7299,0.8616,0.7657475608915383,0.860401282570129,0.7286873501621571,0.8604981819389467,0.9972717149934376,0.9986020190858635,0.8617,0.4061661419227478,0.6370142334256361,0.0,0.0,714.8954729066463,89616.76875043222,48000,8,480000,5.356140448856397,64066622.27620581,1.5608751709880573e-08,1.560875170988057e-09,6406662.22762058,1.5608751709880574e-07
31046_vit_tiny_patch16_224,31046,64,0.03,10,SGD,24_03,project_24_03conf.csv,vit_tiny_patch16_224,718.0012035600375,89888.08166332344,0.7533,0.8622,0.7768681267314369,0.862122403930098,0.7546472325142816,0.8627240870147324,0.9975080790031822,0.9986080797999128,0.8622,0.4405301901484063,0.6403891261636823,0.0,0.0,717.5713934616651,89865.45017473307,48000,8,480000,5.3413185942617,64484876.30594304,1.550751210649121e-08,1.5507512106491212e-09,6448487.630594304,1.5507512106491212e-07
3211_vit_b_32,3211,96,0.03,10,SGD,25_04,project_25_04conf.csv,vit_b_32,923.0512989729176,152827.1567097797,0.7332,0.8632,0.7436725386336712,0.8613891199419023,0.7316151758751586,0.8616658195964455,0.9973050484487264,0.9986181807638146,0.8659,0.3978459340388677,0.6398072366399722,0.0,0.0,921.9270791776166,152752.5608442346,48000,8,480000,3.142336844286803,140826722.2560264,7.100925051582013e-09,7.100925051582013e-10,14082672.225602638,7.100925051582013e-08
32110_vit_b_32,32110,96,0.03,10,SGD,25_04,project_25_04conf.csv,vit_b_32,918.4293990649747,152190.5077312279,0.7202,0.8506,0.7385379452241705,0.8503114645065805,0.7191717279391999,0.8496415476154106,0.9971737351301544,0.9984909078929416,0.8637,0.3814427527115246,0.6135970583584957,0.0,0.0,917.3051792696738,152115.9118656828,48000,8,480000,3.1554884305846738,139536713.80372006,7.166572672813941e-09,7.16657267281394e-10,13953671.380372008,7.166572672813939e-08
32111_vit_b_32,32111,96,0.03,10,SGD,25_04,project_25_04conf.csv,vit_b_32,913.0712080050724,151531.78937183713,0.7149,0.8609,0.7415592809011707,0.8619894188658418,0.7166001685266682,0.8616720977342905,0.997120199304839,0.9985949481701264,0.8619,0.3788049031796954,0.6385369556050463,0.0,0.0,911.9469882097716,151457.19350629204,48000,8,480000,3.1692122961466285,138120931.46076757,7.240032263205842e-09,7.240032263205841e-10,13812093.14607676,7.240032263205841e-08
32112_vit_b_32,32112,96,0.03,10,SGD,25_04,project_25_04conf.csv,vit_b_32,909.801428884035,151075.6227839844,0.7361,0.8555,0.7510722839962312,0.8560734936640945,0.7365028096365601,0.8557377811910541,0.997334341112056,0.9985404027688218,0.8619,0.4061006970834638,0.6258026715593563,0.0,0.0,908.677209088734,151001.0269184393,48000,8,480000,3.178786328779499,137211191.70978022,7.288035236332121e-09,7.28803523633212e-10,13721119.170978025,7.28803523633212e-08
32113_vit_b_32,32113,96,0.03,10,SGD,25_04,project_25_04conf.csv,vit_b_32,904.4313027991448,150298.04752145137,0.7336,0.8581,0.7478863263951833,0.8582417553687037,0.7341549546151418,0.8588481412820461,0.9973090889024556,0.9985666655978168,0.8615,0.4017098000070561,0.631598349447459,0.0,0.0,903.3070830038438,150223.45165590628,48000,8,480000,3.195240122024769,135697907.91406566,7.369310370158961e-09,7.369310370158961e-10,13569790.791406564,7.369310370158963e-08
32114_vit_b_32,32114,96,0.03,10,SGD,25_04,project_25_04conf.csv,vit_b_32,918.3512196550146,152010.33485079132,0.7279,0.8547,0.7537175788629159,0.8539178428072856,0.7277829804922428,0.8542921672268724,0.9972515128944802,0.9985323220270782,0.8591,0.3981868952278996,0.6225845571979974,0.0,0.0,917.2269998597136,151935.73898524622,48000,8,480000,3.1592303641384243,139359562.04090592,7.1756827113626565e-09,7.175682711362654e-10,13935956.204090592,7.175682711362655e-08
32115_vit_b_32,32115,96,0.03,10,SGD,25_04,project_25_04conf.csv,vit_b_32,921.9137384700588,152506.12814494706,0.7275,0.8529,0.739037846584208,0.8527965670271229,0.7272603319154511,0.8529056399725958,0.9972474727139377,0.9985141403164044,0.8612,0.3899352717997751,0.6194393114872795,0.0,0.0,920.7895186747578,152431.53227940196,48000,8,480000,3.148954765607,140357357.23840633,7.124671051631681e-09,7.12467105163168e-10,14035735.723840632,7.124671051631683e-08
3212_vit_b_32,3212,96,0.03,10,SGD,25_04,project_25_04conf.csv,vit_b_32,910.6443568649702,151049.26979377418,0.7296,0.8617,0.7525326595958555,0.8617633425802045,0.7297027734148549,0.8618469987600436,0.9972686844939675,0.9986030290884456,0.8644,0.3995474442000949,0.6390975635704115,0.0,0.0,909.5201370696692,150974.67392822908,48000,8,480000,3.179341193531468,137314506.12525153,7.282551772700905e-09,7.282551772700905e-10,13731450.612525154,7.282551772700905e-08
3213_vit_b_32,3213,96,0.03,10,SGD,25_04,project_25_04conf.csv,vit_b_32,919.3912936919368,152193.57321991428,0.7133,0.858,0.728767644287598,0.8578827137421778,0.7122221624728899,0.8578579892643623,0.9971040377474544,0.9985656552498728,0.8597,0.3691622338056614,0.630532141626349,0.0,0.0,918.2670738966358,152118.97735436918,48000,8,480000,3.155424841450352,139685848.21934518,7.158921342051237e-09,7.158921342051237e-10,13968584.821934516,7.158921342051239e-08
3214_vit_b_32,3214,96,0.03,10,SGD,25_04,project_25_04conf.csv,vit_b_32,909.0448930340352,150873.7063623941,0.7321,0.8552,0.7586293864862264,0.8552444090915027,0.7323716793175695,0.8553577076349673,0.9972939373630356,0.9985373726396698,0.8562,0.4056530907495733,0.6246978815355684,0.0,0.0,907.9206732387344,150799.110496849,48000,8,480000,3.183042648053483,136913629.92610142,7.303874716781273e-09,7.303874716781273e-10,13691362.992610142,7.303874716781273e-08
3215_vit_b_32,3215,96,0.03,10,SGD,25_04,project_25_04conf.csv,vit_b_32,914.1730322360528,151799.46104889756,0.7285,0.8583,0.7559712765195254,0.8583097271085656,0.7310718005048074,0.8590656203682882,0.9972575729212492,0.9985686853883649,0.8599,0.4015154173057771,0.6319568541968539,0.0,0.0,913.0488124407518,151724.86518335246,48000,8,480000,3.1636211995966663,138532207.97339314,7.218537946006481e-09,7.218537946006482e-10,13853220.797339313,7.218537946006481e-08
3216_vit_b_32,3216,96,0.03,10,SGD,25_04,project_25_04conf.csv,vit_b_32,919.7567156080622,152590.5477225846,0.7251,0.8581,0.7489559462689168,0.8591201195497171,0.7258157797576469,0.8580636864150472,0.997223230625036,0.9985666657900788,0.8628,0.3930727807435812,0.6316672766120436,0.0,0.0,918.6324958127612,152515.9518570395,48000,8,480000,3.147211777886204,140106109.50569114,7.137447492676112e-09,7.137447492676111e-10,14010610.950569116,7.137447492676111e-08
3217_vit_b_32,3217,96,0.03,10,SGD,25_04,project_25_04conf.csv,vit_b_32,912.9219215610065,151295.8026162823,0.7259,0.8588,0.7448429733940816,0.8584395376752789,0.7261963511967175,0.8586327279053559,0.997231311221125,0.998573736389722,0.8618,0.3915538423344294,0.6321051451121044,0.0,0.0,911.7977017657056,151221.2067507372,48000,8,480000,3.1741579789876924,137883148.77355877,7.252517866721111e-09,7.25251786672111e-10,13788314.877355875,7.25251786672111e-08
3218_vit_b_32,3218,96,0.03,10,SGD,25_04,project_25_04conf.csv,vit_b_32,916.317158116959,151740.70737698412,0.7348,0.8637,0.7540558678411401,0.8616961370011309,0.7322021678584939,0.8619468799279026,0.9973212099824498,0.9986232312240116,0.8601,0.4046119796624386,0.6406181404752367,0.0,0.0,915.192938321658,151666.11151143903,48000,8,480000,3.1648467493267094,138803754.23797414,7.2044160872301435e-09,7.204416087230143e-10,13880375.423797414,7.204416087230144e-08
3219_vit_b_32,3219,96,0.03,10,SGD,25_04,project_25_04conf.csv,vit_b_32,913.7229728489184,151414.5388426686,0.7323,0.859,0.7549085980422983,0.8589551504679338,0.7349409068901593,0.8589543988234984,0.9972959576374214,0.9985757565441776,0.863,0.4051910888406152,0.6328703917944043,0.0,0.0,912.5987530536174,151339.94297712352,48000,8,480000,3.171667641453761,138112643.24812847,7.240466741364395e-09,7.240466741364394e-10,13811264.32481285,7.240466741364395e-08
3221_vit_b_32,3221,156,0.03,10,SGD,25_04,project_25_04conf.csv,vit_b_32,904.540835649008,148601.55233395225,0.7312,0.8634,0.7411440028349037,0.8618362395953109,0.729551085275612,0.862063102273094,0.9972848464131095,0.9986202009673764,0.8635,0.3942881358964344,0.6405841671105719,0.0,0.0,903.4166158537072,148526.95646840715,48000,8,480000,3.2317365912099585,134181720.37573926,7.452579957983644e-09,7.452579957983645e-10,13418172.037573924,7.452579957983647e-08
32210_vit_b_32,32210,156,0.03,10,SGD,25_04,project_25_04conf.csv,vit_b_32,917.8843699460848,150699.15806534712,0.7209,0.8532,0.7293702456715971,0.8528605832283707,0.719285970231679,0.8523330552694743,0.9971808058428382,0.9985171705400524,0.8607,0.3771365013520912,0.6192895601721522,0.0,0.0,916.7601501507838,150624.56219980202,48000,8,480000,3.186731254118333,138086596.25868657,7.2418324956510284e-09,7.241832495651026e-10,13808659.625868658,7.241832495651028e-08
32211_vit_b_32,32211,156,0.03,10,SGD,25_04,project_25_04conf.csv,vit_b_32,919.9849882051348,151088.33547334655,0.7053,0.864,0.7272081522552116,0.8642121633326024,0.7075531999180518,0.864602593384594,0.9970232295164364,0.9986262613309648,0.8623,0.3618236905730543,0.6446940076901104,0.0,0.0,918.8607684098338,151013.73960780146,48000,8,480000,3.1785187311208265,138760600.816467,7.206656602205546e-09,7.206656602205544e-10,13876060.0816467,7.206656602205546e-08
32212_vit_b_32,32212,156,0.03,10,SGD,25_04,project_25_04conf.csv,vit_b_32,903.5799577389844,148777.14121255692,0.7417,0.8576,0.7571426382782951,0.8579983442820412,0.7424514656174622,0.8582894203757613,0.9973909068179012,0.998561614908514,0.8619,0.415852633774748,0.6306375828742883,0.0,0.0,902.4557379436834,148702.54534701182,48000,8,480000,3.2279205367996453,134197465.2952416,7.451705572828417e-09,7.451705572828416e-10,13419746.52952416,7.45170557282842e-08
32213_vit_b_32,32213,156,0.03,10,SGD,25_04,project_25_04conf.csv,vit_b_32,905.1337228489574,149346.156795822,0.7153,0.8557,0.731164031101319,0.8561752882396415,0.7166604309012173,0.8564418601850232,0.9971242402797638,0.9985424231554968,0.8643,0.3737366978986225,0.6265397469877843,0.0,0.0,904.0095030536564,149271.5609302769,48000,8,480000,3.2156158682108424,134942909.61662322,7.4105412640132745e-09,7.410541264013273e-10,13494290.961662322,7.410541264013275e-08
32214_vit_b_32,32214,156,0.03,10,SGD,25_04,project_25_04conf.csv,vit_b_32,909.0356497799512,149614.07223271104,0.7384,0.8561,0.7500733573253897,0.8553227770687983,0.7384547130067858,0.8561243228502284,0.9973575735876372,0.9985464634528324,0.8613,0.407915477561611,0.6259788328145178,0.0,0.0,907.9114299846502,149539.47636716595,48000,8,480000,3.209854759832452,135768599.82766944,7.365473322029512e-09,7.365473322029511e-10,13576859.982766945,7.365473322029514e-08
32215_vit_b_32,32215,156,0.03,10,SGD,25_04,project_25_04conf.csv,vit_b_32,920.0314995869994,150825.54330387505,0.7128,0.8558,0.7204858676586305,0.8563393468401185,0.7122108124517652,0.855654396757479,0.9970989877557536,0.9985434332673389,0.8625,0.3647035540734223,0.6261574147673782,0.0,0.0,918.9072797916984,150750.94743832995,48000,8,480000,3.1840595907124305,138526143.03657708,7.218853987264739e-09,7.218853987264738e-10,13852614.303657709,7.218853987264739e-08
3222_vit_b_32,3222,156,0.03,10,SGD,25_04,project_25_04conf.csv,vit_b_32,922.9970392060932,150987.76152682464,0.7376,0.8598,0.7407982892057586,0.8596173187252013,0.7387018976219167,0.8594670860965415,0.9973494926450336,0.9985838371525676,0.8668,0.4025663449500898,0.6343316477531721,0.0,0.0,921.8728194107922,150913.16566127955,48000,8,480000,3.1806370100097614,139122745.51437172,7.187897250753273e-09,7.187897250753275e-10,13912274.551437171,7.187897250753274e-08
3223_vit_b_32,3223,156,0.03,10,SGD,25_04,project_25_04conf.csv,vit_b_32,922.4503253661096,151244.2121819184,0.7247,0.8591,0.7367981428282725,0.8586747355919495,0.724928626793321,0.8587941139005169,0.9972191893682392,0.9985767663711764,0.8609,0.3860047605559225,0.6326200038168985,0.0,0.0,921.3261055708086,151169.6163163733,48000,8,480000,3.1752412402465744,139276513.8813976,7.179961445987661e-09,7.17996144598766e-10,13927651.38813976,7.17996144598766e-08
3224_vit_b_32,3224,156,0.03,10,SGD,25_04,project_25_04conf.csv,vit_b_32,899.9004225709941,148114.085671683,0.7319,0.8535,0.7478555204785787,0.8530955062395178,0.7338480766147363,0.853527940193661,0.9972919171594992,0.9985202009096108,0.8619,0.4005879769968185,0.6205485675702682,0.0,0.0,898.7762027756932,148039.4898061379,48000,8,480000,3.242378102144058,133054370.50881156,7.515724558132984e-09,7.515724558132982e-10,13305437.050881157,7.515724558132983e-08
3225_vit_b_32,3225,156,0.03,10,SGD,25_04,project_25_04conf.csv,vit_b_32,903.5868045249954,149152.669346682,0.7329,0.8609,0.7450684639111315,0.861910120927916,0.7357193249328945,0.8618201266837079,0.9973020174116598,0.9985949480417892,0.8611,0.4006634853316359,0.6385878997689926,0.0,0.0,902.4625847296944,149078.0734811369,48000,8,480000,3.2197893948551406,134537383.52031013,7.432878311098099e-09,7.432878311098098e-10,13453738.352031017,7.432878311098098e-08
3226_vit_b_32,3226,156,0.03,10,SGD,25_04,project_25_04conf.csv,vit_b_32,919.4745600379538,150502.6197892296,0.7292,0.8563,0.738551106477934,0.8571014937452276,0.7300601360164944,0.8561654620582569,0.997264644791778,0.9985484839607774,0.861,0.3920994839690572,0.6274585722522166,0.0,0.0,918.3503402426528,150428.0239236845,48000,8,480000,3.1908948045712195,138145626.95234558,7.238738004677903e-09,7.238738004677903e-10,13814562.695234558,7.238738004677905e-08
3227_vit_b_32,3227,156,0.03,10,SGD,25_04,project_25_04conf.csv,vit_b_32,918.9632774798664,150440.34502387658,0.7217,0.8567,0.7331206701986963,0.8562852448887345,0.7223521912782235,0.8566536743730958,0.9971888869494312,0.9985525242538752,0.8646,0.3811172396520865,0.6275140055148469,0.0,0.0,917.8390576845654,150365.74915833148,48000,8,480000,3.1922163304262305,138011557.5155167,7.2457699775438714e-09,7.24576997754387e-10,13801155.751551673,7.24576997754387e-08
3228_vit_b_32,3228,156,0.03,10,SGD,25_04,project_25_04conf.csv,vit_b_32,914.4065803389532,150061.65450218783,0.7291,0.863,0.7354261731368916,0.8617096956690402,0.7270089220873119,0.8612605932843271,0.997263634178905,0.9986161605112956,0.8613,0.3887549244620778,0.6395948259138742,0.0,0.0,913.2823605436522,149987.05863664273,48000,8,480000,3.200276106239563,136980534.96267226,7.3003073047751205e-09,7.30030730477512e-10,13698053.496267226,7.30030730477512e-08
3229_vit_b_32,3229,156,0.03,10,SGD,25_04,project_25_04conf.csv,vit_b_32,919.3896389137954,150802.41185910793,0.7177,0.8581,0.7345804962550322,0.8585389691819418,0.719844379557102,0.8580270497642575,0.9971484827831308,0.9985666656285024,0.8637,0.378425845896971,0.6312130342530367,0.0,0.0,918.2654191184944,150727.81599356284,48000,8,480000,3.1845482324277787,138408141.1261443,7.225008528137129e-09,7.225008528137131e-10,13840814.112614429,7.225008528137131e-08
3231_vit_small_patch32_224,3231,96,0.03,10,SGD,25_04,project_25_04conf.csv,vit_small_patch32_224,651.6273173869122,78530.10484111957,0.8274,0.8814,0.8337236186876233,0.8806998293290819,0.827790441069747,0.8805229749694238,0.998256564326275,0.998802019287927,0.8812,0.5700332689297878,0.6826861030088588,0.0,0.0,650.9950139409242,78490.79001196995,48000,8,480000,6.115367165075028,51097112.93807653,1.957057732815312e-08,1.957057732815312e-09,5109711.293807653,1.9570577328153122e-07
32310_vit_small_patch32_224,32310,96,0.03,10,SGD,25_04,project_25_04conf.csv,vit_small_patch32_224,651.7828036111314,78788.38781586132,0.8291,0.8799,0.8412514209659047,0.8789961175275158,0.8279574314968409,0.8795646782386554,0.9982737360033718,0.998786867723844,0.8805,0.5764881436150805,0.6794552811242878,0.0,0.0,651.1505001651434,78749.0729867117,48000,8,480000,6.0953098467711015,51277498.26283871,1.950173143927947e-08,1.950173143927947e-09,5127749.826283872,1.9501731439279465e-07
32311_vit_small_patch32_224,32311,96,0.03,10,SGD,25_04,project_25_04conf.csv,vit_small_patch32_224,645.5809826171026,78389.5053492306,0.8338,0.8808,0.8443541926902114,0.8813199584035067,0.8353417910339179,0.8816911805323733,0.9983212105382822,0.9987959584606692,0.8818,0.5871121425459472,0.6836033529741623,0.0,0.0,644.9486791711146,78350.19052008099,48000,8,480000,6.126341197306688,50531851.88873141,1.9789498358420542e-08,1.978949835842054e-09,5053185.188873142,1.9789498358420532e-07
32312_vit_small_patch32_224,32312,96,0.03,10,SGD,25_04,project_25_04conf.csv,vit_small_patch32_224,659.8586373638827,79885.92764085661,0.835,0.8785,0.8411975908547891,0.8784185550110615,0.8357185789751455,0.8790379522619586,0.998333331881354,0.9987727262035424,0.8817,0.5860303714282739,0.6775128976644075,0.0,0.0,659.2263339178947,79846.61281170699,48000,8,480000,6.011526138646962,52636989.839623205,1.89980468686915e-08,1.8998046868691503e-09,5263698.983962321,1.8998046868691507e-07
32313_vit_small_patch32_224,32313,96,0.03,10,SGD,25_04,project_25_04conf.csv,vit_small_patch32_224,643.934555699816,78187.7118979746,0.8245,0.8768,0.835166978502657,0.8773268553102953,0.8250569185638074,0.8780614082877228,0.9982272714053338,0.998755554627562,0.881,0.5671230715403907,0.674599573343202,0.0,0.0,643.302252253828,78148.39706882498,48000,8,480000,6.142160530525865,50273039.84440156,1.989137722912852e-08,1.989137722912852e-09,5027303.984440156,1.989137722912852e-07
32314_vit_small_patch32_224,32314,96,0.03,10,SGD,25_04,project_25_04conf.csv,vit_small_patch32_224,656.2443777180742,79454.13233566536,0.8362,0.875,0.8433884236015894,0.874814280154447,0.8346955662161741,0.8748598087833546,0.9983454531867544,0.9987373727005148,0.8803,0.5876879009178868,0.6688268255060033,0.0,0.0,655.6120742720863,79414.81750651574,48000,8,480000,6.0442120887656445,52065313.23338597,1.9206645228800193e-08,1.920664522880019e-09,5206531.323338597,1.920664522880019e-07
32315_vit_small_patch32_224,32315,96,0.03,10,SGD,25_04,project_25_04conf.csv,vit_small_patch32_224,658.5978671060875,79696.41264834264,0.8401,0.8803,0.8477526957755553,0.880475098887838,0.8388956089137869,0.8796708169001991,0.9983848472915912,0.9987909081976454,0.8785,0.5964939818309482,0.680992838424895,0.0,0.0,657.9655636600995,79657.09781919302,48000,8,480000,6.025828371120322,52411627.26613302,1.9079735779281423e-08,1.9079735779281423e-09,5241162.726613303,1.9079735779281424e-07
3232_vit_small_patch32_224,3232,96,0.03,10,SGD,25_04,project_25_04conf.csv,vit_small_patch32_224,645.2479309029877,78278.9573518164,0.8319,0.878,0.8404004051660183,0.8782307029075034,0.8327508193390751,0.8781497238671561,0.9983020187257248,0.9987676756962428,0.8828,0.5812117631430155,0.6762950041667716,0.0,0.0,644.6156274569997,78239.64252266678,48000,8,480000,6.134997355860098,50434496.2567602,1.9827698781981208e-08,1.9827698781981207e-09,5043449.625676021,1.9827698781981206e-07
3233_vit_small_patch32_224,3233,96,0.03,10,SGD,25_04,project_25_04conf.csv,vit_small_patch32_224,656.2641623541713,79465.04214194987,0.8257,0.884,0.8317928128590395,0.8838858678260959,0.8249600527370146,0.8837097082412758,0.9982393923243156,0.9988282817534172,0.8833,0.5655943613078711,0.6896820327659801,0.0,0.0,655.6318589081833,79425.72731280026,48000,8,480000,6.04338186428723,52074037.2432257,1.9203427522418377e-08,1.9203427522418374e-09,5207403.72432257,1.920342752241838e-07
3234_vit_small_patch32_224,3234,96,0.03,10,SGD,25_04,project_25_04conf.csv,vit_small_patch32_224,652.2989597551059,79050.4225253028,0.835,0.8745,0.8437774754902146,0.8746945394891681,0.8351978294156517,0.8748337013843853,0.9983333320824967,0.9987323222809292,0.8803,0.587461394270237,0.6683298205397039,0.0,0.0,651.6666563091179,79011.10769615318,48000,8,480000,6.075095185931304,51488904.36363176,1.9421660110257304e-08,1.9421660110257304e-09,5148890.436363176,1.9421660110257305e-07
3235_vit_small_patch32_224,3235,96,0.03,10,SGD,25_04,project_25_04conf.csv,vit_small_patch32_224,657.5759152569808,79634.2337708238,0.8278,0.881,0.8472969048584299,0.8814920355515927,0.8305132281083231,0.881672722364065,0.9982606042616542,0.9987979785548018,0.8776,0.5815024226565099,0.6838791455878419,0.0,0.0,656.9436118109928,79594.91894167419,48000,8,480000,6.0305356972815805,52289373.53134665,1.9124344631907205e-08,1.9124344631907204e-09,5228937.353134665,1.912434463190721e-07
3236_vit_small_patch32_224,3236,96,0.03,10,SGD,25_04,project_25_04conf.csv,vit_small_patch32_224,649.9183855990414,78923.03742017533,0.8207,0.879,0.8329973570397466,0.8793245413756516,0.8219752711250321,0.8789076091036924,0.9981888877812622,0.9987777770302996,0.8787,0.5609182105009459,0.6785004879366642,0.0,0.0,649.2860821530534,78883.72259102571,48000,8,480000,6.084905532267664,51218103.186775394,1.9524346623172133e-08,1.952434662317213e-09,5121810.318677538,1.9524346623172137e-07
3237_vit_small_patch32_224,3237,96,0.03,10,SGD,25_04,project_25_04conf.csv,vit_small_patch32_224,652.7176134209149,79073.27621004096,0.8281,0.8758,0.8388763475572545,0.876728382058263,0.8290445275659789,0.8759670525821227,0.9982636351656744,0.9987454536799112,0.8813,0.5749152674327265,0.6717576081611526,0.0,0.0,652.0853099749269,79033.96138089134,48000,8,480000,6.0733384941533926,51536885.20560493,1.9403578543998705e-08,1.9403578543998703e-09,5153688.520560493,1.9403578543998705e-07
3238_vit_small_patch32_224,3238,96,0.03,10,SGD,25_04,project_25_04conf.csv,vit_small_patch32_224,655.0850502040703,79209.29018135593,0.8266,0.8834,0.8362692412020274,0.8818579463225634,0.8255104395977049,0.8820830888737653,0.9982484834500632,0.9988222212818764,0.8775,0.5696429845090905,0.6863627715427298,0.0,0.0,654.4527467580823,79169.97535220631,48000,8,480000,6.062904502175311,51813007.83002109,1.930017271494105e-08,1.930017271494105e-09,5181300.78300211,1.9300172714941048e-07
3239_vit_small_patch32_224,3239,96,0.03,10,SGD,25_04,project_25_04conf.csv,vit_small_patch32_224,650.4174516380299,78894.11449995624,0.8291,0.8805,0.8416385433258091,0.88062465265531,0.8299586869419591,0.880414070334359,0.9982737361234044,0.9987929284186472,0.8818,0.5781474991550044,0.6818402472205874,0.0,0.0,649.7851481920419,78854.79967080662,48000,8,480000,6.087137396884468,51238677.68974885,1.951650676965199e-08,1.951650676965199e-09,5123867.768974886,1.951650676965199e-07
3241_vit_small_patch32_224,3241,156,0.03,10,SGD,25_04,project_25_04conf.csv,vit_small_patch32_224,645.657309200149,78193.7875424538,0.8364,0.8828,0.8393906456210576,0.8821285840267908,0.8364193857496888,0.8819948135275485,0.9983474734865504,0.9988161607128586,0.8825,0.5862514937622196,0.6860342706779282,0.0,0.0,645.025005754161,78154.47271330419,48000,8,480000,6.141683045585821,50411589.211612456,1.983670849578468e-08,1.983670849578468e-09,5041158.921161246,1.983670849578468e-07
32410_vit_small_patch32_224,32410,156,0.03,10,SGD,25_04,project_25_04conf.csv,vit_small_patch32_224,628.2906907850411,77015.59925587667,0.8386,0.883,0.8449566141816324,0.8823053752338937,0.837978466707718,0.8826179539958392,0.9983696956755072,0.9988181808800144,0.8819,0.5928072642442357,0.6868135032381336,0.0,0.0,627.6583873390531,76976.28442672706,48000,8,480000,6.235686790740168,48314810.54663177,2.0697587110164386e-08,2.0697587110164382e-09,4831481.054663178,2.0697587110164387e-07
32411_vit_small_patch32_224,32411,156,0.03,10,SGD,25_04,project_25_04conf.csv,vit_small_patch32_224,646.1416874201968,78790.37132265983,0.8384,0.8843,0.8477672626445739,0.8845035244626794,0.8402167276866409,0.8846073007705877,0.9983676752285584,0.9988313120293576,0.8833,0.5962244013536757,0.691101539756382,0.0,0.0,645.5093839742088,78751.05649351022,48000,8,480000,6.095156323897143,50834545.9644439,1.96716618792946e-08,1.9671661879294595e-09,5083454.596444389,1.96716618792946e-07
32412_vit_small_patch32_224,32412,156,0.03,10,SGD,25_04,project_25_04conf.csv,vit_small_patch32_224,640.926553215133,77985.40335120648,0.8418,0.8796,0.8455907741725223,0.8795228193790421,0.8431809394631357,0.880128040018781,0.99840201880988,0.9987838373243332,0.8861,0.599232539528954,0.6800638593160636,0.0,0.0,640.294249769145,77946.08852205686,48000,8,480000,6.158102466734705,49908432.27266976,2.00366942911891e-08,2.00366942911891e-09,4990843.227266976,2.00366942911891e-07
32413_vit_small_patch32_224,32413,156,0.03,10,SGD,25_04,project_25_04conf.csv,vit_small_patch32_224,636.0314117700327,77559.4113852528,0.8337,0.8839,0.8407004281873717,0.8842566230761048,0.8347175376759952,0.8847848729152034,0.9983202007675614,0.9988272718527592,0.8847,0.5840640389940733,0.6907319357988975,0.0,0.0,635.3991083240447,77520.09655610318,48000,8,480000,6.191942751936749,49256200.22894181,2.0302012647179857e-08,2.0302012647179856e-09,4925620.022894181,2.0302012647179852e-07
32414_vit_small_patch32_224,32414,156,0.03,10,SGD,25_04,project_25_04conf.csv,vit_small_patch32_224,627.8355582421646,76840.20970424531,0.8393,0.8778,0.8472705709048869,0.8772973067232858,0.8384269693873831,0.8773816669085354,0.9983767663437816,0.998765655552023,0.8869,0.5952495153319199,0.674830228092617,0.0,0.0,627.2032547961766,76800.89487509569,48000,8,480000,6.24992717572683,48169771.236919016,2.075990760017487e-08,2.075990760017487e-09,4816977.123691902,2.0759907600174874e-07
32415_vit_small_patch32_224,32415,156,0.03,10,SGD,25_04,project_25_04conf.csv,vit_small_patch32_224,639.8652560890187,78130.41867172692,0.8437,0.8848,0.8462649697416726,0.8847232038505528,0.8427155190715419,0.8845281575168527,0.99842121095482,0.9988363627766812,0.8809,0.6007436705418755,0.6916056599241369,0.0,0.0,639.2329526430307,78091.1038425773,48000,8,480000,6.146666859359869,49918406.88444421,2.0032690592768584e-08,2.0032690592768582e-09,4991840.688444421,2.0032690592768585e-07
3242_vit_small_patch32_224,3242,156,0.03,10,SGD,25_04,project_25_04conf.csv,vit_small_patch32_224,643.3195971439127,77814.99898849656,0.8418,0.8789,0.8466569159407547,0.8793091778395489,0.8417507982561705,0.879667638064287,0.998402018812669,0.998776766613238,0.8824,0.5989704113159001,0.678997408947979,0.0,0.0,642.6872936979247,77775.68415934694,48000,8,480000,6.171594698113812,49985443.96787524,2.0005824108368076e-08,2.0005824108368073e-09,4998544.396787524,2.0005824108368075e-07
3243_vit_small_patch32_224,3243,156,0.03,10,SGD,25_04,project_25_04conf.csv,vit_small_patch32_224,641.485175754875,77528.61084667536,0.8445,0.8788,0.8484147267182399,0.8779746016270257,0.844231463764344,0.8783621600517403,0.9984292914884167,0.9987757564527082,0.8844,0.6039301338707554,0.6768830064580195,0.0,0.0,640.852872308887,77489.29601752575,48000,8,480000,6.194403932788839,49659237.92602497,2.0137240154382813e-08,2.013724015438281e-09,4965923.792602497,2.0137240154382814e-07
3244_vit_small_patch32_224,3244,156,0.03,10,SGD,25_04,project_25_04conf.csv,vit_small_patch32_224,642.1493656800594,77823.34488648863,0.8314,0.8767,0.8371347772764652,0.8764258602079121,0.8322444170289184,0.877039401553023,0.9982969684188422,0.9987545445198294,0.8811,0.5782505402320043,0.67304493965952,0.0,0.0,641.5170622340714,77784.03005733901,48000,8,480000,6.170932512061471,49899782.45111083,2.0040167529382463e-08,2.004016752938246e-09,4989978.245111084,2.004016752938246e-07
3245_vit_small_patch32_224,3245,156,0.03,10,SGD,25_04,project_25_04conf.csv,vit_small_patch32_224,646.6463087799493,78602.19138924264,0.8447,0.884,0.8551133775266696,0.8845766567011804,0.8461409725079683,0.8847669081893977,0.9984313115089136,0.9988282816164454,0.8833,0.6102209483118515,0.6910467697160951,0.0,0.0,646.0140053339613,78562.87656009302,48000,8,480000,6.10975591802378,50752718.55714328,1.970337803430341e-08,1.970337803430341e-09,5075271.855714328,1.970337803430341e-07
3246_vit_small_patch32_224,3246,156,0.03,10,SGD,25_04,project_25_04conf.csv,vit_small_patch32_224,644.7720920830034,78494.26684547593,0.8395,0.8775,0.8425052497988677,0.8783615404216701,0.8391094139390637,0.8774827546264033,0.9983787868872984,0.998762625505882,0.8864,0.5925257850764833,0.6754937095873408,0.0,0.0,644.1397886370154,78454.95201632631,48000,8,480000,6.118160647145804,50535956.209323615,1.9787891137508652e-08,1.978789113750865e-09,5053595.620932361,1.978789113750865e-07
3247_vit_small_patch32_224,3247,156,0.03,10,SGD,25_04,project_25_04conf.csv,vit_small_patch32_224,637.3468252660241,77633.59213092024,0.8334,0.8839,0.8390172432117091,0.8847543165099856,0.833908552799327,0.8841251925987399,0.9983171705561452,0.998827271918178,0.8843,0.5821184328000529,0.6906054185259894,0.0,0.0,636.7145218200361,77594.27730177062,48000,8,480000,6.186023205464495,49405403.168168165,2.024070113538308e-08,2.024070113538308e-09,4940540.316816816,2.024070113538308e-07
3248_vit_small_patch32_224,3248,156,0.03,10,SGD,25_04,project_25_04conf.csv,vit_small_patch32_224,632.4544554189779,76995.36652425409,0.8411,0.8832,0.8475967073117979,0.8816691655032478,0.8394206000634776,0.8818674491419813,0.9983949482134664,0.9988202010782432,0.8786,0.5974738358187407,0.6858913767505292,0.0,0.0,631.8221519729899,76956.05169510447,48000,8,480000,6.237326232662415,48622538.18934556,2.0566593954963987e-08,2.0566593954963982e-09,4862253.818934556,2.056659395496399e-07
3249_vit_small_patch32_224,3249,156,0.03,10,SGD,25_04,project_25_04conf.csv,vit_small_patch32_224,638.8413182960358,77779.95546130561,0.837,0.8811,0.8434475764776753,0.8813842086107815,0.8372091723869596,0.8811952969898982,0.998353534161,0.9987989890290976,0.8846,0.5900677650785903,0.6835034816443941,0.0,0.0,638.2090148500478,77740.64063215599,48000,8,480000,6.174376697912839,49614777.67165987,2.0155285318777183e-08,2.015528531877718e-09,4961477.767165987,2.015528531877718e-07
44441_vit_b_32,44441,128,0.03,10,SGD,25_05,project_25_05conf.csv,vit_b_32,925.239375834004,151895.78566765273,0.7406,0.8534,0.7537197343952129,0.8535241590896803,0.7388014482915808,0.852986178605641,0.9973797959188174,0.998519190754428,0.8606,0.4113219619375177,0.6203929687880505,0.0,0.0,924.115156038703,151821.18980210763,48000,8,480000,3.161614005434019,140300262.50395626,7.127570413289865e-09,7.127570413289864e-10,14030026.250395624,7.127570413289867e-08
444410_vit_b_32,444410,128,0.03,10,SGD,25_05,project_25_05conf.csv,vit_b_32,911.2775726580004,150382.2512126052,0.7411,0.8619,0.7540673664191324,0.8618079391230076,0.7418578328256429,0.8618759609309531,0.9973848464492592,0.9986050494192455,0.8624,0.413495142121275,0.6393017551112216,0.0,0.0,910.1533528626994,150307.6553470601,48000,8,480000,3.193450119966817,136803016.47505778,7.309780337938105e-09,7.309780337938104e-10,13680301.64750578,7.309780337938105e-08
44442_vit_b_32,44442,128,0.03,10,SGD,25_05,project_25_05conf.csv,vit_b_32,913.259596125994,150307.50661396954,0.7375,0.8602,0.7496365144135692,0.8602837507999637,0.7385626332255042,0.8605560299071461,0.997348482665508,0.9985878776252878,0.8624,0.4072368034083162,0.6359260267127,0.0,0.0,912.135376330693,150232.91074842445,48000,8,480000,3.1950389405940065,137032752.58276954,7.297525453967563e-09,7.297525453967562e-10,13703275.258276954,7.297525453967563e-08
44443_vit_b_32,44443,128,0.03,10,SGD,25_05,project_25_05conf.csv,vit_b_32,914.0563583449984,150525.73942512696,0.7335,0.8626,0.7544823402652249,0.8632474999857453,0.7330460442727484,0.8631506780924917,0.9973080787895668,0.9986121201714312,0.8614,0.4045850107000863,0.6418421469966443,0.0,0.0,912.9321385496976,150451.14355958186,48000,8,480000,3.1904044638245623,137351684.2370966,7.280580544420548e-09,7.280580544420548e-10,13735168.423709664,7.280580544420548e-08
44444_vit_b_32,44444,128,0.03,10,SGD,25_05,project_25_05conf.csv,vit_b_32,899.9531962329929,149093.51090095297,0.7364,0.8583,0.7574920550755031,0.8575180604734477,0.7359461813802283,0.8567769026116124,0.9973373713978672,0.9985686856110688,0.8651,0.4094303296288413,0.629691862563045,0.0,0.0,898.828976437692,149018.91503540787,48000,8,480000,3.221067606658852,133942518.87113103,7.465889162216826e-09,7.465889162216825e-10,13394251.887113106,7.465889162216826e-08
44445_vit_b_32,44445,128,0.03,10,SGD,25_05,project_25_05conf.csv,vit_b_32,896.7434539700043,148827.79213716058,0.7349,0.8585,0.7481545357592863,0.8584521957774613,0.7333406407698914,0.8587368539900492,0.9973222201395704,0.9985707059590692,0.866,0.4021247551239148,0.6319683642880453,0.0,0.0,895.6192341747034,148753.19627161548,48000,8,480000,3.226821419847311,133226223.7258236,7.506029759261031e-09,7.50602975926103e-10,13322622.37258236,7.50602975926103e-08
44446_vit_b_32,44446,128,0.03,10,SGD,25_05,project_25_05conf.csv,vit_b_32,899.7897686540091,149196.63371247792,0.7405,0.8572,0.7538547711933969,0.8551860056105072,0.7369175629506508,0.8566961256056774,0.9973787848842404,0.9985575741097092,0.8622,0.4102908049256552,0.6271084615753353,0.0,0.0,898.6655488587081,149122.03784693283,48000,8,480000,3.2188401320849622,134010837.98864292,7.462083030066175e-09,7.462083030066174e-10,13401083.798864296,7.462083030066175e-08
44447_vit_b_32,44447,128,0.03,10,SGD,25_05,project_25_05conf.csv,vit_b_32,912.4988342619909,150740.35732317888,0.7302,0.8569,0.742253144020421,0.856151228125071,0.7315331898272565,0.8570851589990851,0.997274745321832,0.9985545443126544,0.8613,0.3954055224813835,0.62787963095348,0.0,0.0,911.37461446669,150665.76145763378,48000,8,480000,3.1858598486888,137312950.26178125,7.282634289726809e-09,7.28263428972681e-10,13731295.026178123,7.282634289726809e-08
44448_vit_b_32,44448,128,0.03,10,SGD,25_05,project_25_05conf.csv,vit_b_32,901.9445216659952,149292.11293396848,0.746,0.8633,0.7583317565282058,0.8633314441720372,0.7444805826306832,0.8631737888429383,0.9974343413577712,0.9986191908016036,0.8592,0.4200836343098186,0.6424472164879071,0.0,0.0,900.8203018706944,149217.5170684234,48000,8,480000,3.216780505601745,134418168.76997262,7.4394704908626e-09,7.439470490862601e-10,13441816.87699726,7.4394704908626e-08
44449_vit_b_32,44449,128,0.03,10,SGD,25_05,project_25_05conf.csv,vit_b_32,914.572454232999,150817.5930842507,0.7289,0.8575,0.7500417317009161,0.8589355816362106,0.7326933655040019,0.8585593216436866,0.9972616141043676,0.9985606049792416,0.8622,0.3994705246188886,0.6314507142107578,0.0,0.0,913.448234437698,150742.9972187056,48000,8,480000,3.1842275187323734,137695924.66327345,7.2623790605672315e-09,7.262379060567231e-10,13769592.466327343,7.262379060567232e-08
30471_vit_small_patch16_224,30471,128,0.03,10,SGD,26_03,project_26_03conf.csv,vit_small_patch16_224,967.2433802508748,163914.3527226401,0.8613,0.9015,0.8652063474799649,0.9016067489220372,0.8604776593862336,0.9006338233404678,0.9985989888299788,0.9990050497458752,0.905,0.6403314979232708,0.7313054691665541,0.0,0.0,966.6464839649076,163877.96509771183,48000,8,480000,2.929008788422539,158412058.76102698,6.3126507402353326e-09,6.312650740235333e-10,15841205.876102695,6.312650740235333e-08
30472_vit_small_patch16_224,30472,128,0.03,10,SGD,26_03,project_26_03conf.csv,vit_small_patch16_224,945.2425363857764,162060.5799268668,0.8649,0.9011,0.8683882635310971,0.9012172253865002,0.8641376660795039,0.9009434065279338,0.9986353523488722,0.999001009232446,0.9071,0.6481413274133578,0.730913379757505,0.0,0.0,944.645640099809,162024.19230193854,48000,8,480000,2.96252055437191,153055446.8487193,6.533579958042294e-09,6.533579958042293e-10,15305544.684871929,6.533579958042294e-08
30473_vit_small_patch16_224,30473,128,0.03,10,SGD,26_03,project_26_03conf.csv,vit_small_patch16_224,959.0359641239048,162806.59828190014,0.8698,0.9074,0.876458678618113,0.9066439780218184,0.8686173861705452,0.9068689372641464,0.9986848472784045,0.9990646456066072,0.9047,0.6613141685509278,0.7453730278085268,0.0,0.0,958.4390678379376,162770.21065697187,48000,8,480000,2.948942549515834,156005328.97385284,6.4100374428081505e-09,6.41003744280815e-10,15600532.897385284,6.410037442808151e-08
30474_vit_small_patch16_224,30474,128,0.03,10,SGD,26_03,project_26_03conf.csv,vit_small_patch16_224,958.365108323982,162674.0713101953,0.8594,0.8989,0.8659085365368471,0.8987543658643876,0.8595048748193278,0.8992015043602044,0.9985797969139336,0.9989787871123664,0.907,0.6387023144959025,0.7257143062405765,0.0,0.0,957.7682120380148,162637.68368526702,48000,8,480000,2.951345525363517,155769203.5132424,6.419754209727259e-09,6.419754209727259e-10,15576920.351324238,6.41975420972726e-08
30475_vit_small_patch16_224,30475,128,0.03,10,SGD,26_03,project_26_03conf.csv,vit_small_patch16_224,960.6647246291396,163092.1968047023,0.8592,0.9063,0.8734750368163283,0.906780892987599,0.8612005861534695,0.9071815235063538,0.9985777763068576,0.9990535343746632,0.9068,0.645402999241991,0.7448302344192567,0.0,0.0,960.0678283431724,163055.80917977405,48000,8,480000,2.9437773631897115,156544636.6179644,6.387954398210563e-09,6.387954398210563e-10,15654463.661796436,6.387954398210566e-08
30476_vit_small_patch16_224,30476,128,0.03,10,SGD,26_03,project_26_03conf.csv,vit_small_patch16_224,964.29915560293,163483.98027790716,0.8656,0.9001,0.8711212828451385,0.9005080940728927,0.8656796251021268,0.9004078483297506,0.9986424234121676,0.9989909084737764,0.9061,0.6518731293264284,0.729086723915562,0.0,0.0,963.7022593169628,163447.5926529789,48000,8,480000,2.936721136169342,157514814.31959435,6.348609204281067e-09,6.348609204281067e-10,15751481.431959435,6.348609204281068e-08
30477_vit_small_patch16_224,30477,128,0.03,10,SGD,26_03,project_26_03conf.csv,vit_small_patch16_224,950.3480406180024,162500.39608680469,0.8615,0.9007,0.8694305023008364,0.9010849860093146,0.8621387639347762,0.9008322151226156,0.998601009135811,0.9989969690049532,0.9049,0.6448509253795061,0.7303886160521695,0.0,0.0,949.7511443320352,162464.00846187642,48000,8,480000,2.954500535499444,154300377.94943658,6.480865525343656e-09,6.480865525343655e-10,15430037.794943657,6.480865525343657e-08
30478_vit_small_patch16_224,30478,128,0.03,10,SGD,26_03,project_26_03conf.csv,vit_small_patch16_224,946.0704346538988,162209.40605569477,0.8596,0.9063,0.8699749821474011,0.905260108796341,0.8582861302454086,0.9051437731440112,0.9985818170495322,0.9990535345978716,0.9058,0.6409422770051736,0.7419107978333724,0.0,0.0,945.4735383679316,162173.0184307665,48000,8,480000,2.959801850175943,153330297.56354457,6.521868253634417e-09,6.521868253634417e-10,15333029.756354457,6.521868253634418e-08
30479_vit_small_patch16_224,30479,128,0.03,10,SGD,26_03,project_26_03conf.csv,vit_small_patch16_224,958.0663558070082,163034.7234611724,0.8586,0.9013,0.8673035242249608,0.9011714101741154,0.8591616141646338,0.9015259363388398,0.9985717161372112,0.9990030295809246,0.909,0.6388753344744132,0.7315125934129018,0.0,0.0,957.4694595210408,162998.33583624414,48000,8,480000,2.944815341441466,156065928.51595777,6.407548460506867e-09,6.407548460506866e-10,15606592.851595776,6.407548460506867e-08
30481_vit_small_patch16_224,30481,256,0.03,10,SGD,26_03,project_26_03conf.csv,vit_small_patch16_224,962.32406256604,163314.96550533432,0.852,0.9013,0.8529287079484225,0.9011853780269016,0.8509276420362736,0.9003812530015836,0.9985050493643608,0.9990030295423136,0.9044,0.6174406580917808,0.73059510278115,0.0,0.0,961.7271662800728,163278.57788040605,48000,8,480000,2.9397610282444866,157029444.01916307,6.368232443578957e-09,6.368232443578956e-10,15702944.401916305,6.368232443578958e-08
30482_vit_small_patch16_224,30482,256,0.03,10,SGD,26_03,project_26_03conf.csv,vit_small_patch16_224,953.0709932711908,162384.3417565433,0.8476,0.9022,0.8489187502821676,0.902063978005917,0.8479145210900276,0.9018896102060882,0.9984606047221918,0.9990121203532176,0.906,0.6091722073425174,0.7332706537736995,0.0,0.0,952.4740969852236,162347.95413161503,48000,8,480000,2.9566125583009524,154632221.0089085,6.466957490977181e-09,6.46695749097718e-10,15463222.100890849,6.466957490977183e-08
30483_vit_small_patch16_224,30483,256,0.03,10,SGD,26_03,project_26_03conf.csv,vit_small_patch16_224,957.2358147630002,162979.86705475717,0.8547,0.9051,0.8585956447997117,0.9039095240569928,0.8538415916073006,0.9045677897921824,0.9985323218859612,0.9990414132620627,0.9029,0.6256649386255733,0.7393432935573542,0.0,0.0,956.6389184770328,162943.4794298289,48000,8,480000,2.945806740347106,155878073.93463618,6.4152704402758195e-09,6.415270440275818e-10,15587807.39346362,6.415270440275817e-08
30484_vit_small_patch16_224,30484,256,0.03,10,SGD,26_03,project_26_03conf.csv,vit_small_patch16_224,953.0757409739308,162662.7811746996,0.8359,0.8965,0.841293285348741,0.8963811593498952,0.8372044532328602,0.8969510021687356,0.9983424229984104,0.99895454466993,0.9051,0.5877772922282,0.7200413874378853,0.0,0.0,952.4788446879636,162626.39354977134,48000,8,480000,2.951550418862959,154898199.44405627,6.455852964005333e-09,6.455852964005334e-10,15489819.944405628,6.455852964005334e-08
30485_vit_small_patch16_224,30485,256,0.03,10,SGD,26_03,project_26_03conf.csv,vit_small_patch16_224,938.2237070188858,160769.24141016096,0.8521,0.9044,0.8582078962041148,0.9046132101134576,0.8526226280700623,0.9051081460227016,0.998506059060968,0.9990343424356224,0.9031,0.6225734991856817,0.7397830395835681,0.0,0.0,937.6268107329184,160732.8537852327,48000,8,480000,2.986321643000032,150707433.07464823,6.635372785525988e-09,6.635372785525987e-10,15070743.307464823,6.635372785525989e-08
30486_vit_small_patch16_224,30486,256,0.03,10,SGD,26_03,project_26_03conf.csv,vit_small_patch16_224,945.311069544172,161616.14908407145,0.8467,0.9004,0.8500437498959482,0.900848234667391,0.846775290479345,0.9005320289285413,0.9984515142045036,0.9989939387786598,0.9058,0.6085075831135757,0.7297080464520173,0.0,0.0,944.7141732582048,161579.7614591432,48000,8,480000,2.970669071827861,152646690.76213238,6.5510755261526695e-09,6.551075526152667e-10,15264669.07621324,6.551075526152667e-08
30487_vit_small_patch16_224,30487,256,0.03,10,SGD,26_03,project_26_03conf.csv,vit_small_patch16_224,950.2501351530664,162131.56830341712,0.857,0.9028,0.8600890907970229,0.9034704380658448,0.857643367821684,0.9030524695098524,0.9985555545589964,0.9990181811408004,0.9027,0.6312526677173453,0.7358543708543631,0.0,0.0,949.653238867099,162095.18067848886,48000,8,480000,2.961223140569899,153934213.33607456,6.496281614904966e-09,6.496281614904966e-10,15393421.333607458,6.496281614904965e-08
30488_vit_small_patch16_224,30488,256,0.03,10,SGD,26_03,project_26_03conf.csv,vit_small_patch16_224,936.3454356391449,160541.99720480555,0.8489,0.907,0.8515724921020618,0.9061517962877652,0.8472609579088128,0.9061045330250114,0.998473736155159,0.9990606053105876,0.9043,0.6115500385560004,0.7440093273655731,0.0,0.0,935.7485393531776,160505.6095798773,48000,8,480000,2.990549683941875,150192889.72236156,6.658104800091041e-09,6.65810480009104e-10,15019288.972236156,6.658104800091041e-08
30489_vit_small_patch16_224,30489,256,0.03,10,SGD,26_03,project_26_03conf.csv,vit_small_patch16_224,957.3836835029068,162905.0629298357,0.8468,0.902,0.8493706684264185,0.902305815213121,0.8473749069586021,0.9023668499397548,0.9984525241316882,0.9990101002931164,0.9057,0.6085287861070361,0.7336911918996392,0.0,0.0,956.7867872169396,162868.67530490743,48000,8,480000,2.947159723018494,155830596.58326128,6.417224998979541e-09,6.417224998979538e-10,15583059.658326128,6.41722499897954e-08
30491_vit_small_patch16_224,30491,64,0.03,10,SGD,26_03,project_26_03conf.csv,vit_small_patch16_224,946.6768988010008,163107.36901552213,0.8431,0.9006,0.8528333041740407,0.9009605379595514,0.8425183982221144,0.899684076922931,0.9984151503058664,0.998995958829848,0.9006,0.6048306582272416,0.7292752545540218,0.0,0.0,946.0800025150336,163070.98139059386,48000,8,480000,2.9435034725785183,154278194.484142,6.481797400751851e-09,6.481797400751848e-10,15427819.4484142,6.481797400751849e-08
30492_vit_small_patch16_224,30492,64,0.03,10,SGD,26_03,project_26_03conf.csv,vit_small_patch16_224,945.3850061080884,162943.74821320092,0.8468,0.9009,0.8570934128637944,0.9008625157293564,0.8474451392229593,0.9008999197129904,0.9984525239070852,0.9989989890286696,0.9008,0.614112615259323,0.7304268016749632,0.0,0.0,944.7881098221212,162907.36058827266,48000,8,480000,2.9464598669248474,153912937.28630483,6.4971796239573165e-09,6.497179623957317e-10,15391293.728630483,6.497179623957318e-08
30493_vit_small_patch16_224,30493,64,0.03,10,SGD,26_03,project_26_03conf.csv,vit_small_patch16_224,943.140190249076,162758.6255381832,0.8434,0.8981,0.8531348981765875,0.8969504195239593,0.8438467922672716,0.8977932575188312,0.9984181803671132,0.9989707061264932,0.9014,0.606215991540697,0.7224740063262673,0.0,0.0,942.5432939631088,162722.23791325494,48000,8,480000,2.949811938156121,153372754.12380797,6.520062873701572e-09,6.520062873701571e-10,15337275.412380796,6.520062873701573e-08
30494_vit_small_patch16_224,30494,64,0.03,10,SGD,26_03,project_26_03conf.csv,vit_small_patch16_224,946.7869927599096,163140.37448681772,0.8307,0.8978,0.8481317918372077,0.8978892163383727,0.8303986425574483,0.8980236211921667,0.9982898977064648,0.998967675992916,0.9041,0.5840511187109808,0.7231719171340911,0.0,0.0,946.1900964739424,163103.98686188945,48000,8,480000,2.9429078297543185,154327377.0641358,6.479731717233925e-09,6.479731717233925e-10,15432737.706413578,6.479731717233926e-08
30495_vit_small_patch16_224,30495,64,0.03,10,SGD,26_03,project_26_03conf.csv,vit_small_patch16_224,952.4229314420372,163615.40892933373,0.8334,0.9026,0.8509037004911316,0.9031005516004474,0.835315667476414,0.9033727859405,0.9983171699767224,0.999016160598636,0.9008,0.5913615401936071,0.7356495162092092,0.0,0.0,951.82603515607,163579.02130440547,48000,8,480000,2.9343616080619794,155698771.28288254,6.422658263520539e-09,6.422658263520538e-10,15569877.128288254,6.42265826352054e-08
30496_vit_small_patch16_224,30496,64,0.03,10,SGD,26_03,project_26_03conf.csv,vit_small_patch16_224,949.2464217869564,163209.62873120976,0.8418,0.8979,0.8535539771085362,0.8988730228430063,0.8430246136861601,0.8979646907959515,0.9984020192247388,0.9989686862379636,0.8976,0.6047635632346994,0.7239981442291032,0.0,0.0,948.6495255009892,163173.2411062815,48000,8,480000,2.941658796170851,154794217.7499324,6.460189628113138e-09,6.460189628113139e-10,15479421.774993245,6.460189628113139e-08
30497_vit_small_patch16_224,30497,64,0.03,10,SGD,26_03,project_26_03conf.csv,vit_small_patch16_224,951.574817998102,163520.21299195694,0.8441,0.8992,0.859584245619393,0.8993436901644455,0.8450570356225322,0.8991985295718236,0.9984252514387938,0.9989818174793486,0.9001,0.6121867500657241,0.7264323260254018,0.0,0.0,950.9779217121348,163483.82536702868,48000,8,480000,2.9360702743673754,155469508.4810865,6.432129423768353e-09,6.432129423768352e-10,15546950.84810865,6.432129423768355e-08
30498_vit_small_patch16_224,30498,64,0.03,10,SGD,26_03,project_26_03conf.csv,vit_small_patch16_224,948.0711193759926,163256.61781270226,0.842,0.9045,0.8560155838346233,0.9032554681879608,0.8409308117178825,0.903309145242429,0.9984040391298156,0.9990353527651732,0.9048,0.6051462651690677,0.737286759202062,0.0,0.0,947.4742230900252,163220.230187774,48000,8,480000,2.940811929059235,154646960.78973624,6.466341109410079e-09,6.466341109410079e-10,15464696.078973629,6.466341109410079e-08
30499_vit_small_patch16_224,30499,64,0.03,10,SGD,26_03,project_26_03conf.csv,vit_small_patch16_224,948.5516482489184,163470.78472019976,0.849,0.9005,0.8570108084603645,0.9009496162856898,0.849291687400001,0.900603783515402,0.998474746370006,0.9989949487669908,0.903,0.6170039550241337,0.7299301139562023,0.0,0.0,947.954751962951,163434.3970952715,48000,8,480000,2.9369582445988502,154928413.36066255,6.454593952834653e-09,6.454593952834652e-10,15492841.336066255,6.454593952834653e-08
30501_vit_small_patch16_224,30501,128,0.01,10,SGD,26_03,project_26_03conf.csv,vit_small_patch16_224,950.6798613988794,162130.05884421972,0.8521,0.895,0.8523212007926483,0.8945106940182243,0.8507825901357857,0.8941403440437167,0.9985060594661418,0.9989393931301208,0.8983,0.6169687334478351,0.7150779773804935,0.0,0.0,950.082965112912,162093.67121929146,48000,8,480000,2.961250716264073,154002435.77806193,6.493403789022749e-09,6.49340378902275e-10,15400243.577806192,6.493403789022749e-08
30502_vit_small_patch16_224,30502,128,0.01,10,SGD,26_03,project_26_03conf.csv,vit_small_patch16_224,963.9535823410844,163276.7723354304,0.8461,0.8953,0.8480819991221722,0.895315928395062,0.8463309832222907,0.8955936058061124,0.998445453193867,0.9989424233229232,0.8975,0.6063510361975557,0.7171274340629273,0.0,0.0,963.356686055117,163240.38471050214,48000,8,480000,2.940448840838336,157258716.04507175,6.358948013497649e-09,6.358948013497648e-10,15725871.604507174,6.35894801349765e-08
30503_vit_small_patch16_224,30503,128,0.01,10,SGD,26_03,project_26_03conf.csv,vit_small_patch16_224,956.3493501520716,162668.26330531776,0.8533,0.9007,0.8561503013687496,0.899439724905276,0.8524064338128844,0.899988312472048,0.9985181804588474,0.9989969687768476,0.8976,0.6218053512012214,0.7283720424063618,0.0,0.0,955.7524538661042,162631.8756803895,48000,8,480000,2.951450925544969,155435814.25837946,6.4335237330677836e-09,6.433523733067782e-10,15543581.425837943,6.433523733067785e-08
30504_vit_small_patch16_224,30504,128,0.01,10,SGD,26_03,project_26_03conf.csv,vit_small_patch16_224,962.3025962528772,163346.20131823776,0.8393,0.8906,0.8454527109953734,0.8907116442411798,0.8401291482625473,0.8908447077042709,0.9983767664585286,0.9988949486656068,0.8964,0.5951782647013404,0.7058974969124405,0.0,0.0,961.7056999669098,163309.8136933095,48000,8,480000,2.9391987483460387,157055978.68938985,6.3671565281682365e-09,6.367156528168237e-10,15705597.868938986,6.367156528168235e-08
30505_vit_small_patch16_224,30505,128,0.01,10,SGD,26_03,project_26_03conf.csv,vit_small_patch16_224,957.6054618409836,162384.37732914658,0.8504,0.9011,0.8566138883786478,0.90141310880897,0.8514149955835499,0.9016376675666942,0.9984888873260364,0.9990010090678144,0.8997,0.6192883263561195,0.7316356062344845,0.0,0.0,957.0085655550164,162347.98970421831,48000,8,480000,2.956611910467827,155368416.7475745,6.4363145414855445e-09,6.436314541485543e-10,15536841.67475745,6.436314541485544e-08
30506_vit_small_patch16_224,30506,128,0.01,10,SGD,26_03,project_26_03conf.csv,vit_small_patch16_224,953.5529111658687,162120.91375007894,0.8508,0.8935,0.8548794283865881,0.8934844536590769,0.8504262207533512,0.8934258167088442,0.9984929283712456,0.998924241766338,0.8992,0.617609522104907,0.7124798849371453,0.0,0.0,952.9560148799014,162084.52612515067,48000,8,480000,2.9614177952396057,154459424.08992085,6.4741922086789285e-09,6.474192208678929e-10,15445942.408992086,6.474192208678929e-08
30507_vit_small_patch16_224,30507,128,0.01,10,SGD,26_03,project_26_03conf.csv,vit_small_patch16_224,949.019156478811,161938.36778959978,0.8537,0.8969,0.8568239025396897,0.897153072723049,0.8545840601857339,0.8968651355057529,0.9985222212026654,0.9989585851400874,0.8954,0.6241793217687824,0.7209168862159152,0.0,0.0,948.4222601928436,161901.98016467152,48000,8,480000,2.9647568208356008,153551441.9574747,6.512475475658151e-09,6.51247547565815e-10,15355144.19574747,6.51247547565815e-08
30508_vit_small_patch16_224,30508,128,0.01,10,SGD,26_03,project_26_03conf.csv,vit_small_patch16_224,959.5968584981748,162854.4436786368,0.8479,0.9003,0.8524875156666057,0.8991626055906151,0.846498562834373,0.8992914437764681,0.9984636351369932,0.9989929284888772,0.899,0.610929561480276,0.7272577578730977,0.0,0.0,958.9999622122076,162818.05605370854,48000,8,480000,2.948075979003601,156142509.60297158,6.404405837607781e-09,6.40440583760778e-10,15614250.960297156,6.404405837607781e-08
30509_vit_small_patch16_224,30509,128,0.01,10,SGD,26_03,project_26_03conf.csv,vit_small_patch16_224,964.574762895936,163098.67671093563,0.8413,0.895,0.8454594843990106,0.8955297977409659,0.842066352582781,0.8953214216778733,0.998396968535894,0.9989393931711964,0.8987,0.5979890852339139,0.716838284645224,0.0,0.0,963.9778666099688,163062.28908600737,48000,8,480000,2.943660380891768,157188437.55766737,6.361791080423025e-09,6.361791080423025e-10,15718843.755766738,6.361791080423025e-08
30511_vit_small_patch16_224,30511,256,0.01,10,SGD,26_03,project_26_03conf.csv,vit_small_patch16_224,955.5575557888952,162688.5276805847,0.6816,0.8962,0.6832254724304921,0.8957236733187611,0.6809964690590946,0.8951065998124562,0.9967838359298145,0.9989515143514908,0.897,0.3161109050913112,0.7177912516462136,0.0,0.0,954.960659502928,162652.14005565643,48000,8,480000,2.9510832125279958,155326394.93711227,6.4380558140480546e-09,6.438055814048053e-10,15532639.493711226,6.438055814048057e-08
30512_vit_small_patch16_224,30512,256,0.01,10,SGD,26_03,project_26_03conf.csv,vit_small_patch16_224,949.2784426400904,161952.4570931539,0.6373,0.8928,0.6430155970125278,0.8927857973973978,0.6377165616017486,0.8932184230520501,0.9963363604510432,0.9989171707757152,0.8963,0.2603748911772998,0.7111948529037835,0.0,0.0,948.681546354123,161916.06946822564,48000,8,480000,2.9644988392841083,153606787.1626979,6.510129001922393e-09,6.510129001922394e-10,15360678.716269791,6.510129001922393e-08
30513_vit_small_patch16_224,30513,256,0.01,10,SGD,26_03,project_26_03conf.csv,vit_small_patch16_224,954.9150815380272,162828.64127373588,0.6403,0.8988,0.645280301119511,0.8975879514520041,0.6442330424674511,0.8980795959905474,0.9963666633336564,0.9989777768400502,0.8948,0.2652125635081941,0.7237869269680554,0.0,0.0,954.3181852520598,162792.2536488076,48000,8,480000,2.948543246016521,155355608.0752231,6.436845199149815e-09,6.436845199149814e-10,15535560.80752231,6.436845199149814e-08
30514_vit_small_patch16_224,30514,256,0.01,10,SGD,26_03,project_26_03conf.csv,vit_small_patch16_224,951.1690244860948,162364.5131428033,0.5954,0.8909,0.6039207262041942,0.8909306209632939,0.6027376706390895,0.8911484819112,0.9959131282459284,0.9988979789709116,0.8958,0.2158432927300899,0.7065518709047037,0.0,0.0,950.5721282001276,162328.12551787504,48000,8,480000,2.956973712772553,154304591.7402639,6.480688544144355e-09,6.480688544144354e-10,15430459.17402639,6.480688544144355e-08
30515_vit_small_patch16_224,30515,256,0.01,10,SGD,26_03,project_26_03conf.csv,vit_small_patch16_224,958.167171344161,163110.15568839706,0.6529,0.9001,0.6577233232272276,0.9002686573475185,0.6562552766667951,0.900585642235199,0.9964939357678292,0.9989909080472662,0.8974,0.280826042371146,0.7290367929034584,0.0,0.0,957.5702750581936,163073.7680634688,48000,8,480000,2.9434531727578808,156154592.9393119,6.403910260831336e-09,6.403910260831337e-10,15615459.29393119,6.403910260831338e-08
30516_vit_small_patch16_224,30516,256,0.01,10,SGD,26_03,project_26_03conf.csv,vit_small_patch16_224,942.5221731790808,161225.24195138112,0.6405,0.8914,0.651439214758972,0.8916128035507879,0.6437771807241495,0.8913890865403418,0.9963686846478736,0.9989030296321532,0.896,0.267638557480853,0.7076843132764772,0.0,0.0,941.9252768931136,161188.85432645286,48000,8,480000,2.977873389607105,151827856.24352783,6.586406636711162e-09,6.586406636711161e-10,15182785.624352785,6.586406636711161e-08
30517_vit_small_patch16_224,30517,256,0.01,10,SGD,26_03,project_26_03conf.csv,vit_small_patch16_224,946.8848529579118,161665.16689347517,0.675,0.8978,0.6863171991941212,0.8979362580847825,0.6763775931107244,0.8979166796603173,0.996717169452264,0.9989676760554504,0.8918,0.312312816400767,0.7231236814747302,0.0,0.0,946.2879566719444,161628.7792685469,48000,8,480000,2.9697681450806352,152947367.273414,6.538196883195547e-09,6.538196883195548e-10,15294736.7273414,6.538196883195548e-08
30518_vit_small_patch16_224,30518,256,0.01,10,SGD,26_03,project_26_03conf.csv,vit_small_patch16_224,955.0616153830196,162479.507559701,0.6017,0.9,0.6068731864047379,0.8990858582515981,0.5973254076664685,0.8989332739003928,0.9959767644645916,0.9989898981834274,0.8991,0.2172391804772821,0.7266616302686677,0.0,0.0,954.4647190970522,162443.11993477275,48000,8,480000,2.9548804541105755,155046226.83779165,6.449689362942017e-09,6.449689362942016e-10,15504622.683779163,6.449689362942017e-08
30519_vit_small_patch16_224,30519,256,0.01,10,SGD,26_03,project_26_03conf.csv,vit_small_patch16_224,956.4228740991092,162745.10945598816,0.6256,0.8926,0.6320146265912624,0.8929852172917613,0.6260715559933162,0.8929489996646612,0.9962181790790088,0.9989151507293952,0.8941,0.2466052425093371,0.710978400890967,0.0,0.0,955.825977813142,162708.7218310599,48000,8,480000,2.9500569766529354,155521223.14289933,6.429990581292938e-09,6.429990581292937e-10,15552122.314289937,6.429990581292939e-08
30521_vit_small_patch16_224,30521,64,0.01,10,SGD,26_03,project_26_03conf.csv,vit_small_patch16_224,951.2579921500292,163487.2998785292,0.8666,0.8973,0.8693332651258351,0.8972799541091344,0.865695580164953,0.8964839972820912,0.9986525242243632,0.9989626254710802,0.9017,0.651305262508985,0.7210367737928213,0.0,0.0,950.6610958640618,163450.91225360092,48000,8,480000,2.9366614929334864,155386423.36298886,6.435568683268809e-09,6.435568683268808e-10,15538642.336298889,6.43556868326881e-08
30522_vit_small_patch16_224,30522,64,0.01,10,SGD,26_03,project_26_03conf.csv,vit_small_patch16_224,945.365648780018,162892.95841598112,0.8687,0.8994,0.8717939501005921,0.89857019914888,0.868212001893958,0.8995551861195129,0.9986737362206286,0.9989838375003444,0.9011,0.6566486959645809,0.7262583991359931,0.0,0.0,944.7687524940508,162856.57079105286,48000,8,480000,2.947378774270314,153861799.22172207,6.4993390500975045e-09,6.499339050097505e-10,15386179.922172206,6.499339050097506e-08
30523_vit_small_patch16_224,30523,64,0.01,10,SGD,26_03,project_26_03conf.csv,vit_small_patch16_224,947.667182289064,163036.4464677186,0.8727,0.9052,0.8768509913889365,0.9041123928435078,0.8713837077310502,0.9045803322973266,0.998714140234569,0.9990424233639996,0.8978,0.6659496696587902,0.7396019354152232,0.0,0.0,947.0702860030968,163000.05884279034,48000,8,480000,2.9447842130103066,154372512.34676304,6.477837179676945e-09,6.477837179676944e-10,15437251.234676303,6.477837179676945e-08
30524_vit_small_patch16_224,30524,64,0.01,10,SGD,26_03,project_26_03conf.csv,vit_small_patch16_224,948.3494783118368,163350.89821218385,0.8654,0.8971,0.8727025493141143,0.8972759767322691,0.8651767397029906,0.8975471773726855,0.9986404030200244,0.9989606052805388,0.9014,0.6525249216180361,0.7217263213582352,0.0,0.0,947.7525820258696,163314.5105872556,48000,8,480000,2.939114217554758,154781749.09136268,6.4607100376526445e-09,6.460710037652645e-10,15478174.90913627,6.460710037652644e-08
30525_vit_small_patch16_224,30525,64,0.01,10,SGD,26_03,project_26_03conf.csv,vit_small_patch16_224,956.479470084887,164111.57861293474,0.8623,0.8995,0.8747774715664234,0.899585018566807,0.8638354369500454,0.9000687275192694,0.9986090894705562,0.9989848474349377,0.9007,0.6507025473153252,0.7275753139898342,0.0,0.0,955.8825737989196,164075.19098800648,48000,8,480000,2.925487985780171,156836615.85816494,6.376062085555003e-09,6.376062085555003e-10,15683661.585816495,6.376062085555003e-08
30526_vit_small_patch16_224,30526,64,0.01,10,SGD,26_03,project_26_03conf.csv,vit_small_patch16_224,950.186823087046,163596.12838104347,0.8726,0.8994,0.876479157191732,0.8995478365561723,0.8728165136785246,0.8994186207077768,0.9987131305261172,0.9989838377623812,0.9004,0.6666847421300668,0.726938186406152,0.0,0.0,949.5899268010788,163559.7407561152,48000,8,480000,2.93470751286975,155314682.25220284,6.438541324613352e-09,6.438541324613353e-10,15531468.225220283,6.438541324613354e-08
30527_vit_small_patch16_224,30527,64,0.01,10,SGD,26_03,project_26_03conf.csv,vit_small_patch16_224,949.7921118750236,163427.51391357492,0.8652,0.9015,0.8730233871107032,0.9021389279940264,0.8659693044310558,0.9017574404009636,0.99863838289897,0.9990050498186094,0.8999,0.6532104758567396,0.7326500309976801,0.0,0.0,949.1952155890564,163391.12628864666,48000,8,480000,2.9377360380760966,155090075.34289068,6.447865846922099e-09,6.447865846922098e-10,15509007.53428907,6.447865846922099e-08
30528_vit_small_patch16_224,30528,64,0.01,10,SGD,26_03,project_26_03conf.csv,vit_small_patch16_224,949.1429558338132,163301.50368667406,0.8691,0.9033,0.8769395932523458,0.9021375687472988,0.8681413142223819,0.902091352844822,0.9986777767221064,0.9990232315433744,0.9015,0.660777488284122,0.7343969873406021,0.0,0.0,948.546059547846,163265.1160617458,48000,8,480000,2.940003422522097,154864482.50199068,6.45725852593183e-09,6.45725852593183e-10,15486448.25019907,6.45725852593183e-08
30529_vit_small_patch16_224,30529,64,0.01,10,SGD,26_03,project_26_03conf.csv,vit_small_patch16_224,938.9512914030348,162085.77954665784,0.8662,0.8977,0.8712499844105706,0.8976481421365997,0.8669910082460817,0.8981175343163841,0.9986484838695816,0.9989666659182228,0.8988,0.6534136504485799,0.7229720928795047,0.0,0.0,938.3543951170676,162049.39192172958,48000,8,480000,2.9620598652529453,152059759.13580316,6.576361857228179e-09,6.576361857228178e-10,15205975.913580315,6.576361857228178e-08
30561_vit_small_patch32_224,30561,128,0.01,10,SGD,26_03,project_26_03conf.csv,vit_small_patch32_224,639.6479922858998,76596.90705779364,0.8155,0.8748,0.815706071175423,0.8745197123999007,0.8152927931327689,0.8736968508079547,0.9981363622143552,0.9987353525703918,0.8733,0.5413288093251177,0.667558870222614,0.0,0.0,639.0156888399118,76557.59222864402,48000,8,480000,6.269789658045281,48921502.53391204,2.0440909379404425e-08,2.044090937940442e-09,4892150.253391204,2.044090937940443e-07
30562_vit_small_patch32_224,30562,128,0.01,10,SGD,26_03,project_26_03conf.csv,vit_small_patch32_224,644.5333707288373,76951.05719041367,0.8171,0.8757,0.8206594007355585,0.8751546774382093,0.8178471796699732,0.8762258092514996,0.9981525236462526,0.9987444433528112,0.8747,0.5474030700196313,0.6706726331318703,0.0,0.0,643.9010672828493,76911.74236126406,48000,8,480000,6.240919595155965,49523552.99300146,2.019241228797371e-08,2.0192412287973713e-09,4952355.299300146,2.0192412287973715e-07
30563_vit_small_patch32_224,30563,128,0.01,10,SGD,26_03,project_26_03conf.csv,vit_small_patch32_224,641.3078074210789,76685.89935446964,0.8178,0.8771,0.820748580113071,0.8766737606422366,0.8172633724951973,0.8766017780862546,0.9981595942713156,0.998758584719784,0.8732,0.5475443063573108,0.6732091212704087,0.0,0.0,640.6755039750909,76646.58452532002,48000,8,480000,6.262509973179993,49105589.16872881,2.036428066393744e-08,2.036428066393744e-09,4910558.916872881,2.036428066393744e-07
30564_vit_small_patch32_224,30564,128,0.01,10,SGD,26_03,project_26_03conf.csv,vit_small_patch32_224,641.5530284740962,76589.71052461884,0.8066,0.8737,0.8127930692753516,0.8737577613132708,0.8076363353077788,0.874276321837843,0.9980464631803324,0.9987242414667838,0.8726,0.5284511153011603,0.6665729566720161,0.0,0.0,640.9207250281082,76550.39569546923,48000,8,480000,6.270379083467098,49062735.11032871,2.0382067933050872e-08,2.038206793305087e-09,4906273.511032871,2.0382067933050877e-07
30565_vit_small_patch32_224,30565,128,0.01,10,SGD,26_03,project_26_03conf.csv,vit_small_patch32_224,640.0318621790502,76527.94682418372,0.8164,0.8797,0.8241896014946277,0.880176792450738,0.8180000224318122,0.8803838757237068,0.9981454526274084,0.9987848472280896,0.8751,0.5493856039874137,0.6808454353449572,0.0,0.0,639.3995587330622,76488.6319950341,48000,8,480000,6.2754423432643325,48906797.54572039,2.044705542343378e-08,2.044705542343378e-09,4890679.75457204,2.0447055423433778e-07
30566_vit_small_patch32_224,30566,128,0.01,10,SGD,26_03,project_26_03conf.csv,vit_small_patch32_224,639.7161899891216,76526.27298126396,0.8131,0.8738,0.8182387511792609,0.8741583982372235,0.8130860758157864,0.8738857720516533,0.9981121200575456,0.9987252517456512,0.874,0.5399329823758724,0.6666576605133799,0.0,0.0,639.0838865431336,76486.95815211434,48000,8,480000,6.275579675235539,48881582.485715255,2.0457602826017996e-08,2.045760282601799e-09,4888158.248571524,2.0457602826018003e-07
30567_vit_small_patch32_224,30567,128,0.01,10,SGD,26_03,project_26_03conf.csv,vit_small_patch32_224,634.5198610541411,76056.51297247344,0.8145,0.8749,0.8179652683971232,0.8756970221397977,0.8151587618440364,0.87524530019889,0.9981262613335232,0.9987363627645486,0.8768,0.5420678317150517,0.6697194919430406,0.0,0.0,633.8875576081531,76017.19814332383,48000,8,480000,6.314360588442127,48186356.067286566,2.0752762433490883e-08,2.075276243349088e-09,4818635.606728656,2.0752762433490882e-07
30568_vit_small_patch32_224,30568,128,0.01,10,SGD,26_03,project_26_03conf.csv,vit_small_patch32_224,637.1679344379809,76377.909134745,0.807,0.8796,0.8089904026717152,0.8784693431881421,0.8053775174954555,0.8781857582302349,0.9980505034940153,0.9987838374128468,0.8729,0.5247699091131789,0.6777503123541495,0.0,0.0,636.5356309919929,76338.59430559538,48000,8,480000,6.287776246946395,48592235.29535391,2.0579419611421207e-08,2.0579419611421206e-09,4859223.529535391,2.057941961142121e-07
30569_vit_small_patch32_224,30569,128,0.01,10,SGD,26_03,project_26_03conf.csv,vit_small_patch32_224,643.5932568649296,76772.48537987316,0.8133,0.8812,0.8191967767595294,0.8811657590399268,0.8141871593695348,0.8813038278977302,0.9981141400482128,0.9987999991308394,0.874,0.5414314315378081,0.6834964935822789,0.0,0.0,642.9609534189416,76733.17055072355,48000,8,480000,6.2554433311562665,49336432.49615146,2.026899695428943e-08,2.026899695428943e-09,4933643.249615146,2.026899695428943e-07
30571_vit_small_patch32_224,30571,64,0.01,10,SGD,26_03,project_26_03conf.csv,vit_small_patch32_224,684.0626240379643,80328.1381368912,0.8431,0.8756,0.8445813904326548,0.8753429553559516,0.8431142391115167,0.8745541753975316,0.9984151503058664,0.9987434333846384,0.8751,0.5994019945883854,0.6694600233533886,0.0,0.0,683.4303205919763,80288.82330774158,48000,8,480000,5.978416175813074,54871816.25316236,1.8224291964135016e-08,1.8224291964135014e-09,5487181.625316236,1.8224291964135018e-07
30572_vit_small_patch32_224,30572,64,0.01,10,SGD,26_03,project_26_03conf.csv,vit_small_patch32_224,677.0169115660246,80611.063577469,0.8495,0.877,0.8524873711031294,0.8763951287809907,0.8498060341917965,0.8771133239006151,0.99847979665807,0.9987575746773596,0.8754,0.6144837882206261,0.673310431029069,0.0,0.0,676.3846081200367,80571.74874831938,48000,8,480000,5.957423134743767,54497490.70267806,1.834946870225089e-08,1.8349468702250885e-09,5449749.070267807,1.834946870225089e-07
30573_vit_small_patch32_224,30573,64,0.01,10,SGD,26_03,project_26_03conf.csv,vit_small_patch32_224,671.034002212109,79954.0509523536,0.8487,0.8799,0.850506363380453,0.8788028077798806,0.8483008053399349,0.8794534138177735,0.9984717157697586,0.998786867574012,0.8786,0.6113887113456158,0.679219922708667,0.0,0.0,670.4016987661211,79914.73612320398,48000,8,480000,6.006401613589606,53574974.85344225,1.8665431066193938e-08,1.866543106619394e-09,5357497.485344226,1.8665431066193937e-07
30574_vit_small_patch32_224,30574,64,0.01,10,SGD,26_03,project_26_03conf.csv,vit_small_patch32_224,663.6620438380633,79270.46126457192,0.84,0.874,0.8446514489448254,0.8738243549776648,0.8402680242408651,0.8744751409155026,0.9983838371709058,0.9987272717720884,0.8763,0.5952127096502348,0.6670063291823926,0.0,0.0,663.0297403920753,79231.1464354223,48000,8,480000,6.058223584978998,52532606.45204455,1.9035796385105512e-08,1.903579638510551e-09,5253260.645204455,1.903579638510551e-07
30575_vit_small_patch32_224,30575,64,0.01,10,SGD,26_03,project_26_03conf.csv,vit_small_patch32_224,666.3025449831039,79561.50138021383,0.8396,0.8809,0.8539215530347702,0.8812900967758739,0.841724510571866,0.8814269144837822,0.9983797963041192,0.9987969684527468,0.8748,0.6024987675152668,0.6834535804421904,0.0,0.0,665.6702415371159,79522.18655106421,48000,8,480000,6.036051331307066,52935553.1290065,1.889089545476084e-08,1.8890895454760843e-09,5293555.312900649,1.8890895454760845e-07
30576_vit_small_patch32_224,30576,64,0.01,10,SGD,26_03,project_26_03conf.csv,vit_small_patch32_224,670.8700977629051,80008.63437688272,0.8423,0.8732,0.8475914864032649,0.8733518475305013,0.842549260636146,0.8732288629553894,0.9984070697328782,0.9987191911358844,0.8767,0.6005599074326137,0.6650808569060837,0.0,0.0,670.2377943169171,79969.3195477331,48000,8,480000,6.002301916718092,53598460.34669735,1.8657252345152827e-08,1.8657252345152832e-09,5359846.034669736,1.8657252345152825e-07
30577_vit_small_patch32_224,30577,64,0.01,10,SGD,26_03,project_26_03conf.csv,vit_small_patch32_224,674.3848852610681,80362.62722324376,0.8392,0.8795,0.8471512720573375,0.8794604437617299,0.8397006837675244,0.8797478840484186,0.998375756455151,0.99878282744307,0.8764,0.5959982380231693,0.6796439449469935,0.0,0.0,673.7525818150801,80323.31239409414,48000,8,480000,5.975849173711274,54118039.10546015,1.847812700773016e-08,1.8478127007730159e-09,5411803.910546016,1.8478127007730157e-07
30578_vit_small_patch32_224,30578,64,0.01,10,SGD,26_03,project_26_03conf.csv,vit_small_patch32_224,673.5115330200642,80166.30625554228,0.8429,0.8815,0.8479848876342346,0.880366635492321,0.8419856331491259,0.8801752823375049,0.9984131300461646,0.9988030293473616,0.8755,0.6008680768993696,0.6822364375164637,0.0,0.0,672.8792295740762,80126.99142639266,48000,8,480000,5.990490737954938,53915788.25907971,1.8547442823143643e-08,1.8547442823143639e-09,5391578.825907972,1.8547442823143638e-07
30579_vit_small_patch32_224,30579,64,0.01,10,SGD,26_03,project_26_03conf.csv,vit_small_patch32_224,678.7360067639966,80641.5518641536,0.8466,0.8825,0.8524414365605972,0.8821155084660931,0.8469451165235969,0.8827640176639779,0.9984505039282048,0.9988131304534816,0.8762,0.6102736591238865,0.6863869803987965,0.0,0.0,678.1037033180086,80602.23703500399,48000,8,480000,5.955169703187584,54656675.42915215,1.82960268283466e-08,1.8296026828346598e-09,5465667.542915214,1.8296026828346602e-07
30581_vit_small_patch32_224,30581,256,0.01,10,SGD,26_03,project_26_03conf.csv,vit_small_patch32_224,633.804097722983,86119.79859640944,0.5703,0.874,0.5864077308479184,0.8731457484996207,0.5700597236702665,0.8728014742030764,0.9956595926477424,0.9987272717561452,0.8697,0.189816647618288,0.665212737578782,0.0,0.0,633.171794276995,86080.48376725982,48000,8,480000,5.576176840476412,54503734.359147646,1.8347366685199706e-08,1.8347366685199703e-09,5450373.435914764,1.8347366685199706e-07
30582_vit_small_patch32_224,30582,256,0.01,10,SGD,26_03,project_26_03conf.csv,vit_small_patch32_224,633.1986770809162,86497.66118638511,0.5959,0.8729,0.5955388877102644,0.8724430396678787,0.599526128725931,0.8736141746510251,0.9959181782692764,0.9987161604999384,0.8709,0.2118923540248319,0.6644515594591817,0.0,0.0,632.5663736349283,86458.3463572355,48000,8,480000,5.551806392603181,54690642.62566907,1.828466355468732e-08,1.8284663554687318e-09,5469064.262566906,1.828466355468732e-07
30583_vit_small_patch32_224,30583,256,0.01,10,SGD,26_03,project_26_03conf.csv,vit_small_patch32_224,629.4438944170251,86051.72669226553,0.5813,0.8771,0.5915996782073264,0.8760696882146548,0.5821780928860165,0.8768450149663995,0.995770703190998,0.9987585847197844,0.8729,0.1993624929939819,0.6729319176090743,0.0,0.0,628.8115909710372,86012.4118631159,48000,8,480000,5.58058993583268,54085601.54690202,1.8489209168410907e-08,1.8489209168410905e-09,5408560.154690202,1.848920916841091e-07
30584_vit_small_patch32_224,30584,256,0.01,10,SGD,26_03,project_26_03conf.csv,vit_small_patch32_224,635.4898729359265,86733.282433437,0.5484,0.8699,0.5476393713671935,0.8695713741838973,0.5522899940929421,0.8704174442648897,0.995438380414882,0.9986858575995928,0.8711,0.1651101097282367,0.6575534360873584,0.0,0.0,634.8575694899386,86693.96760428738,48000,8,480000,5.53671741257649,55038321.56269736,1.816915871718293e-08,1.8169158717182925e-09,5503832.156269736,1.816915871718293e-07
30585_vit_small_patch32_224,30585,256,0.01,10,SGD,26_03,project_26_03conf.csv,vit_small_patch32_224,621.2252448701765,85252.59410140944,0.5813,0.8761,0.5894353177275646,0.8769015279279395,0.5856415555565609,0.876725665947195,0.9957707026966004,0.998748483554117,0.8719,0.1998148250982438,0.6727045430491827,0.0,0.0,620.5929414241886,85213.27927225982,48000,8,480000,5.632924869214115,52882759.63197256,1.8909754463634435e-08,1.8909754463634433e-09,5288275.963197256,1.8909754463634438e-07
30586_vit_small_patch32_224,30586,256,0.01,10,SGD,26_03,project_26_03conf.csv,vit_small_patch32_224,631.8752767120022,86478.6732760026,0.589,0.8707,0.602820046093393,0.8714791775403613,0.5914020500347117,0.8707995154602206,0.9958484823095304,0.998693938595188,0.8706,0.209112056023701,0.6598969970470344,0.0,0.0,631.2429732660142,86439.35844685299,48000,8,480000,5.553025943559342,54564237.63319825,1.8327022302087018e-08,1.8327022302087015e-09,5456423.763319824,1.832702230208702e-07
30587_vit_small_patch32_224,30587,256,0.01,10,SGD,26_03,project_26_03conf.csv,vit_small_patch32_224,615.3032230711542,84563.41531014469,0.5316,0.875,0.535615968054546,0.8753913520984709,0.5347869161585211,0.8750624070100982,0.9952686836044324,0.9987373728662554,0.8736,0.1515512772142902,0.6694230054754458,0.0,0.0,614.6709196251662,84524.10048099507,48000,8,480000,5.678853691059702,51954506.57314319,1.924760845514274e-08,1.924760845514274e-09,5195450.657314319,1.9247608455142744e-07
30588_vit_small_patch32_224,30588,256,0.01,10,SGD,26_03,project_26_03conf.csv,vit_small_patch32_224,621.4980804128572,85173.68849887872,0.5332,0.8787,0.5362006863455023,0.877746744392751,0.5303621735898484,0.877470502705344,0.9952848447202396,0.9987747464964976,0.8745,0.1509167483033864,0.6759427786050818,0.0,0.0,620.8657769668692,85134.3736697291,48000,8,480000,5.638145666779853,52857019.05504414,1.891896323094993e-08,1.891896323094993e-09,5285701.905504414,1.8918963230949933e-07
30589_vit_small_patch32_224,30589,256,0.01,10,SGD,26_03,project_26_03conf.csv,vit_small_patch32_224,629.5705036649015,85853.67583293072,0.592,0.8776,0.6043044459545637,0.8776219480693739,0.5965845128993118,0.8776121868307495,0.9958787848937914,0.9987636354681374,0.8745,0.2125474759293211,0.6751020973629567,0.0,0.0,628.9382002189135,85814.3610037811,48000,8,480000,5.593469372554677,53971929.7626542,1.85281498067158e-08,1.8528149806715799e-09,5397192.97626542,1.8528149806715802e-07
30531_vit_tiny_patch16_224,30531,128,0.01,10,SGD,26_03,project_26_03conf.csv,vit_tiny_patch16_224,698.5992294070311,89850.15231706944,0.712,0.8524,0.7180260818929323,0.851633210628075,0.7116029493852644,0.8514804921476856,0.9970909068711888,0.9985090897714844,0.8534,0.3627377115332014,0.6171955062223708,0.0,0.0,698.1694193086587,89827.52082847907,48000,8,480000,5.343573946747732,62714828.05475568,1.5945192405325743e-08,1.5945192405325742e-09,6271482.805475567,1.5945192405325744e-07
30532_vit_tiny_patch16_224,30532,128,0.01,10,SGD,26_03,project_26_03conf.csv,vit_tiny_patch16_224,690.6966328090057,91232.47176339672,0.7149,0.8551,0.7191637590992862,0.8551987999852295,0.7150918344532528,0.8554839045673597,0.9971201995163838,0.9985363623638164,0.854,0.3665915279244903,0.624683042436513,0.0,0.0,690.2668227106333,91209.84027480637,48000,8,480000,5.262590073108415,62959126.64643493,1.5883320707667807e-08,1.5883320707667807e-09,6295912.6646434935,1.588332070766781e-07
30533_vit_tiny_patch16_224,30533,128,0.01,10,SGD,26_03,project_26_03conf.csv,vit_tiny_patch16_224,705.6976459140424,89761.34370277944,0.7246,0.856,0.7296322275653228,0.8549255953489837,0.7244421062255061,0.8559649876131141,0.9972181792663024,0.9985454532111384,0.8509,0.3819409374408284,0.625497996997101,0.0,0.0,705.26783581567,89738.71221418907,48000,8,480000,5.348862137160294,63289827.35218636,1.58003275065887e-08,1.58003275065887e-09,6328982.735218637,1.5800327506588697e-07
30534_vit_tiny_patch16_224,30534,128,0.01,10,SGD,26_03,project_26_03conf.csv,vit_tiny_patch16_224,674.1182514838874,96823.29393414756,0.6867,0.8501,0.6939245599384124,0.8505458122784669,0.6891828304698718,0.8509759533719454,0.99683535116028,0.9984858574494924,0.8537,0.3273687247154657,0.6143656600349469,0.0,0.0,673.688441385515,96800.6624455572,48000,8,480000,4.958643751740465,65213487.40803278,1.5334251237679143e-08,1.5334251237679143e-09,6521348.740803279,1.5334251237679146e-07
30535_vit_tiny_patch16_224,30535,128,0.01,10,SGD,26_03,project_26_03conf.csv,vit_tiny_patch16_224,697.8488622300792,91331.5503691368,0.7343,0.8582,0.7414811337819863,0.8579559437107472,0.7351405865481836,0.859076006345933,0.9973161588404268,0.99856767528631,0.8494,0.3991874597340274,0.6316297690718379,0.0,0.0,697.4190521317068,91308.91888054644,48000,8,480000,5.256879677087766,63680579.656841606,1.5703374645594383e-08,1.570337464559438e-09,6368057.965684161,1.5703374645594387e-07
30536_vit_tiny_patch16_224,30536,128,0.01,10,SGD,26_03,project_26_03conf.csv,vit_tiny_patch16_224,680.491266385885,95461.90520341787,0.7291,0.8523,0.7363161628877392,0.8523635443818205,0.730082676894285,0.8525778680934056,0.99726363469015,0.9985080798956631,0.8529,0.3908710077987994,0.6184477207565977,0.0,0.0,680.0614562875126,95439.2737148275,48000,8,480000,5.029376076710723,64904571.46952811,1.5407235227945194e-08,1.5407235227945195e-09,6490457.146952812,1.540723522794519e-07
30537_vit_tiny_patch16_224,30537,128,0.01,10,SGD,26_03,project_26_03conf.csv,vit_tiny_patch16_224,676.1033481110353,96775.0664053734,0.7089,0.8535,0.7166161525002555,0.8530122935674569,0.7105783484808471,0.8539445303652943,0.9970595939309356,0.9985202009992514,0.8512,0.3599189028460016,0.6207908860423207,0.0,0.0,675.6735380126629,96752.43491678304,48000,8,480000,4.961115453196077,65373060.0115627,1.5296821042538432e-08,1.529682104253843e-09,6537306.001156271,1.529682104253843e-07
30538_vit_tiny_patch16_224,30538,128,0.01,10,SGD,26_03,project_26_03conf.csv,vit_tiny_patch16_224,688.590397081105,92323.29950581968,0.6977,0.8521,0.7033619255377811,0.8509613738641612,0.6957922866465686,0.8507809805195276,0.9969464622085014,0.9985060594132892,0.8522,0.3404074253613334,0.6159832317187022,0.0,0.0,688.1605869827326,92300.66801722933,48000,8,480000,5.20039573180988,63517681.88163486,1.5743647601363963e-08,1.5743647601363963e-09,6351768.188163485,1.5743647601363965e-07
30539_vit_tiny_patch16_224,30539,128,0.01,10,SGD,26_03,project_26_03conf.csv,vit_tiny_patch16_224,705.630503954133,89963.62680222001,0.7207,0.8533,0.7292976420417553,0.8526437924529366,0.7220196864864998,0.8536331906915003,0.9971787858353822,0.9985181807449,0.8525,0.3784263782093939,0.62014985980728,0.0,0.0,705.2006938557606,89940.99531362964,48000,8,480000,5.336832201224939,63426452.30124933,1.5766292512316705e-08,1.5766292512316704e-09,6342645.230124934,1.5766292512316705e-07
30541_vit_tiny_patch16_224,30541,256,0.01,10,SGD,26_03,project_26_03conf.csv,vit_tiny_patch16_224,692.7605330820661,99925.78887890137,0.366,0.8516,0.3541480779445958,0.8512707477225063,0.367417337655961,0.8503729591047134,0.993595954709492,0.9985010089572376,0.848,0.0473189866020262,0.6155471323958969,0.0,0.0,692.3307229836937,99903.157390311,48000,8,480000,4.804652951304543,69166025.18438776,1.4457965414871364e-08,1.4457965414871363e-09,6916602.518438775,1.4457965414871368e-07
30542_vit_tiny_patch16_224,30542,256,0.01,10,SGD,26_03,project_26_03conf.csv,vit_tiny_patch16_224,697.9070764370263,100582.08414278652,0.3288,0.8486,0.3216668938664441,0.848675211215692,0.3312688956645414,0.8488800565939819,0.9932201961255588,0.9984707057410752,0.8502,0.0347988086584778,0.6104164131731833,0.0,0.0,697.4772663386539,100559.45265419615,48000,8,480000,4.773295670677763,70137932.14176002,1.4257620227223686e-08,1.4257620227223684e-09,7013793.214176003,1.4257620227223685e-07
30543_vit_tiny_patch16_224,30543,256,0.01,10,SGD,26_03,project_26_03conf.csv,vit_tiny_patch16_224,697.3802042698953,100762.05802640364,0.3774,0.855,0.3796012380031105,0.8542167701557852,0.3796127723040002,0.8548452672908431,0.9937111053420477,0.9985353521917714,0.8494,0.05404188331602,0.6234263651520006,0.0,0.0,696.9503941715229,100739.42653781328,48000,8,480000,4.764768040642246,70210383.03414214,1.4242907626835146e-08,1.4242907626835147e-09,7021038.303414213,1.424290762683515e-07
30544_vit_tiny_patch16_224,30544,256,0.01,10,SGD,26_03,project_26_03conf.csv,vit_tiny_patch16_224,702.3384423300158,100891.31363265635,0.2727,0.8453,0.2639040802732796,0.8463182250047531,0.2766965734651587,0.8458208122336491,0.9926535298399992,0.9984373725646196,0.8475,0.0197666337384363,0.6041485787717777,0.0,0.0,701.9086322316434,100868.68214406598,48000,8,480000,4.758662349870286,70800598.71874975,1.4124174344519708e-08,1.4124174344519707e-09,7080059.871874975,1.4124174344519706e-07
30545_vit_tiny_patch16_224,30545,256,0.01,10,SGD,26_03,project_26_03conf.csv,vit_tiny_patch16_224,704.7022958751768,101142.23827077792,0.4398,0.8526,0.4297564062518777,0.8527802852042947,0.4433892201223308,0.8532733662991201,0.9943414082890748,0.9985111095712418,0.8439,0.0833293971659864,0.6194746959598992,0.0,0.0,704.2724857768044,101119.60678218756,48000,8,480000,4.746853901775191,71215756.82926424,1.404183630874616e-08,1.4041836308746162e-09,7121575.682926424,1.404183630874616e-07
30546_vit_tiny_patch16_224,30546,256,0.01,10,SGD,26_03,project_26_03conf.csv,vit_tiny_patch16_224,698.0940369060263,100536.98459731236,0.4435,0.8507,0.4375583390935964,0.8513376976949053,0.4459200546170537,0.8508104126030587,0.9943787844410064,0.9984919182696178,0.8461,0.0860475370004754,0.6152557027679918,0.0,0.0,697.6642268076539,100514.353108722,48000,8,480000,4.775437389332894,70125268.44466802,1.4260194965086585e-08,1.426019496508658e-09,7012526.844466803,1.4260194965086586e-07
30547_vit_tiny_patch16_224,30547,256,0.01,10,SGD,26_03,project_26_03conf.csv,vit_tiny_patch16_224,689.1644646390341,99648.73545300792,0.3723,0.8505,0.369582533470438,0.8504739600993078,0.3751051396926462,0.8508139286699865,0.9936595915851884,0.9984898979480414,0.848,0.0512855619273469,0.6144882816672298,0.0,0.0,688.7346545406617,99626.10396441756,48000,8,480000,4.818014364703419,68615950.29716517,1.4573870880883426e-08,1.4573870880883427e-09,6861595.029716518,1.4573870880883425e-07
30548_vit_tiny_patch16_224,30548,256,0.01,10,SGD,26_03,project_26_03conf.csv,vit_tiny_patch16_224,694.3535249240231,100194.78596145372,0.3373,0.848,0.3196336317021953,0.84695074284008,0.3367940813493343,0.8466742222028644,0.993306055261574,0.9984646452388098,0.8485,0.0360675252320365,0.6071598352883252,0.0,0.0,693.9237148256507,100172.15447286336,48000,8,480000,4.791750786692245,69511833.55389825,1.4386039741343e-08,1.4386039741343e-09,6951183.355389825,1.4386039741342998e-07
30549_vit_tiny_patch16_224,30549,256,0.01,10,SGD,26_03,project_26_03conf.csv,vit_tiny_patch16_224,689.160866642138,99675.66588138648,0.4096,0.8481,0.4169781711344441,0.8480710290569508,0.4115849726149265,0.8482796503419593,0.9940363593168984,0.9984656554543307,0.8505,0.0698771281958272,0.6091881830135307,0.0,0.0,688.7310565437656,99653.03439279612,48000,8,480000,4.816712335201095,68634139.66514267,1.4570008524604142e-08,1.457000852460414e-09,6863413.966514267,1.4570008524604142e-07
30551_vit_tiny_patch16_224,30551,64,0.01,10,SGD,26_03,project_26_03conf.csv,vit_tiny_patch16_224,711.8029022261035,88893.27918302832,0.7884,0.8598,0.794776365023252,0.8586057803458285,0.7874309137118787,0.8592904338532361,0.9978626246317484,0.998583837303266,0.8582,0.4923509454414418,0.6334549849392598,0.0,0.0,711.3730921277311,88870.64769443795,48000,8,480000,5.401108380017368,63220187.449786544,1.5817732283604237e-08,1.5817732283604235e-09,6322018.744978654,1.5817732283604238e-07
30552_vit_tiny_patch16_224,30552,64,0.01,10,SGD,26_03,project_26_03conf.csv,vit_tiny_patch16_224,698.0546828780789,89087.49825749568,0.7849,0.8612,0.7929378082333494,0.8610612281308664,0.7852581971470645,0.8616499347972519,0.9978272708382118,0.998597978579004,0.857,0.4876646807670057,0.6380571761503985,0.0,0.0,697.6248727797065,89064.86676890531,48000,8,480000,5.389330466809608,62133866.34879908,1.6094282534847085e-08,1.6094282534847084e-09,6213386.634879908,1.6094282534847085e-07
30553_vit_tiny_patch16_224,30553,64,0.01,10,SGD,26_03,project_26_03conf.csv,vit_tiny_patch16_224,708.1793638060335,88663.14077772241,0.7899,0.8611,0.8003388181379969,0.8600689287299238,0.7896613115657591,0.8604166540790337,0.9978777758309736,0.9985969684099107,0.8552,0.4981546707335518,0.6363351284658869,0.0,0.0,707.7495537076611,88640.50928913204,48000,8,480000,5.415131341747056,62735280.88980299,1.5939993984509922e-08,1.593999398450992e-09,6273528.0889802985,1.5939993984509925e-07
30554_vit_tiny_patch16_224,30554,64,0.01,10,SGD,26_03,project_26_03conf.csv,vit_tiny_patch16_224,710.0721744238399,88713.93059716212,0.7743,0.855,0.7863536889399455,0.8551873644654552,0.7753978739475705,0.8555982792415778,0.9977202003092092,0.9985353524361336,0.8567,0.4710430049794445,0.6246845113513819,0.0,0.0,709.6423643254675,88691.29910857175,48000,8,480000,5.412030321175095,62939103.19450408,1.5888373828741194e-08,1.5888373828741195e-09,6293910.319450409,1.5888373828741192e-07
30555_vit_tiny_patch16_224,30555,64,0.01,10,SGD,26_03,project_26_03conf.csv,vit_tiny_patch16_224,704.2257678268943,88291.43369207281,0.783,0.8616,0.801361582829322,0.8610945766296975,0.7851271843206017,0.8624811653302693,0.997808078541109,0.9986020187561728,0.8561,0.4915608778076543,0.6389966829797391,0.0,0.0,703.7959577285219,88268.80220348244,48000,8,480000,5.437934899053866,62123226.18434939,1.609703908539007e-08,1.6097039085390071e-09,6212322.61843494,1.609703908539007e-07
30556_vit_tiny_patch16_224,30556,64,0.01,10,SGD,26_03,project_26_03conf.csv,vit_tiny_patch16_224,709.9185365119483,88681.03694407405,0.7847,0.8522,0.7959650570706124,0.8522445724880324,0.7850790446635915,0.8523033455743506,0.9978252511952356,0.9985070697940356,0.8529,0.4892890883154915,0.6180891376775459,0.0,0.0,709.4887264135759,88658.40545548368,48000,8,480000,5.414038268949165,62902139.17246955,1.58977105255217e-08,1.58977105255217e-09,6290213.917246955,1.58977105255217e-07
30557_vit_tiny_patch16_224,30557,64,0.01,10,SGD,26_03,project_26_03conf.csv,vit_tiny_patch16_224,709.911265122937,88523.48163871189,0.7841,0.8569,0.7960299973673467,0.8565023349916473,0.7843148749023103,0.8574739723773174,0.9978191904145964,0.9985545444572894,0.8535,0.4884759560924518,0.6284220759143014,0.0,0.0,709.4814550245646,88500.85015012152,48000,8,480000,5.423676712548969,62789711.93541918,1.592617594787703e-08,1.5926175947877024e-09,6278971.193541918,1.592617594787703e-07
30558_vit_tiny_patch16_224,30558,64,0.01,10,SGD,26_03,project_26_03conf.csv,vit_tiny_patch16_224,710.3070450688247,88662.23224486488,0.7839,0.8596,0.7938305990517104,0.8586725185606565,0.7827420512032162,0.8586739310277381,0.9978171699743869,0.9985818170495322,0.8591,0.4860244735423312,0.632901175735723,0.0,0.0,709.8772349704523,88639.6007562745,48000,8,480000,5.415186845435136,62923234.69374896,1.5892380690011538e-08,1.5892380690011536e-09,6292323.469374895,1.589238069001154e-07
30559_vit_tiny_patch16_224,30559,64,0.01,10,SGD,26_03,project_26_03conf.csv,vit_tiny_patch16_224,711.1482341361698,88999.37746692625,0.7916,0.8566,0.8006340786002657,0.8566465775048208,0.7923387060888506,0.8572646849428245,0.99789494797026,0.9985515141023766,0.858,0.5011128657112144,0.6281526004522536,0.0,0.0,710.7184240377974,88976.74597833588,48000,8,480000,5.394667951971077,63237412.6777343,1.5813423694231833e-08,1.581342369423183e-09,6323741.26777343,1.5813423694231834e-07
20501_vit_small_patch16_224,20501,128,0.03,10,SGD,28_03,project_28_03conf.csv,vit_small_patch16_224,972.0298475329764,165439.53889942574,0.8613,0.9015,0.8652063474799649,0.9016067489220372,0.8604776593862336,0.9006338233404678,0.9985989888299788,0.9990050497458752,0.905,0.6403314979232708,0.7313054691665541,0.0,0.0,971.4329512470092,165403.15127449748,48000,8,480000,2.902000332529386,160678071.3881406,6.223624613867556e-09,6.223624613867556e-10,16067807.138814058,6.223624613867555e-08
205010_vit_small_patch16_224,205010,128,0.03,10,SGD,28_03,project_28_03conf.csv,vit_small_patch16_224,959.828134180978,163279.57864513356,0.8658,0.9054,0.8697987099024066,0.9046733063545572,0.865464512711619,0.9046399758840908,0.9986444433683586,0.999044443685892,0.903,0.6508733584893989,0.7402746032310819,0.0,0.0,959.2312378950108,163243.1910202053,48000,8,480000,2.9403982916542497,156587968.20024323,6.3861867006359605e-09,6.38618670063596e-10,15658796.820024325,6.38618670063596e-08
205011_vit_small_patch16_224,205011,128,0.03,10,SGD,28_03,project_28_03conf.csv,vit_small_patch16_224,979.6640500531066,165213.83420814888,0.8583,0.9011,0.865422819375697,0.902211670720977,0.8590914189510602,0.9017750568490408,0.998568685519101,0.999001009159062,0.9022,0.6372132221276837,0.7323953458762975,0.0,0.0,979.0671537671392,165177.44658322062,48000,8,480000,2.9059657352080674,161719812.4927575,6.183534253385214e-09,6.183534253385214e-10,16171981.24927575,6.183534253385214e-08
205012_vit_small_patch16_224,205012,128,0.03,10,SGD,28_03,project_28_03conf.csv,vit_small_patch16_224,963.3018190159928,163669.12746944005,0.8713,0.9049,0.8734808740302321,0.9052294651694224,0.8720854089398632,0.9056565352863934,0.998699998867456,0.9990393931025258,0.9079,0.662849882578236,0.7411487979536708,0.0,0.0,962.7049227300256,163632.7398445118,48000,8,480000,2.9333982945962336,157530044.16811308,6.347995427036248e-09,6.347995427036248e-10,15753004.416811308,6.347995427036249e-08
205013_vit_small_patch16_224,205013,128,0.03,10,SGD,28_03,project_28_03conf.csv,vit_small_patch16_224,969.5103703939822,164355.4035371113,0.8564,0.9018,0.8615880230716246,0.9022989422385596,0.8570417260904493,0.9025407635648832,0.99854949386784,0.9990080800683976,0.9043,0.6314629501855096,0.7336628121621118,0.0,0.0,968.9134741080148,164319.01591218304,48000,8,480000,2.9211469977189144,159210908.56948343,6.280976655337509e-09,6.280976655337509e-10,15921090.856948344,6.280976655337508e-08
205014_vit_small_patch16_224,205014,128,0.03,10,SGD,28_03,project_28_03conf.csv,vit_small_patch16_224,968.1549996309914,164239.9284663925,0.8668,0.9006,0.8717576365834254,0.899950438168774,0.8656158957473279,0.9001646935946057,0.9986545443496684,0.9989959587714492,0.9021,0.6532135255369972,0.7288467838400354,0.0,0.0,967.558103345024,164203.54084146424,48000,8,480000,2.9232012753210475,158876466.53910434,6.2941983906337044e-09,6.294198390633704e-10,15887646.653910432,6.294198390633706e-08
205015_vit_small_patch16_224,205015,128,0.03,10,SGD,28_03,project_28_03conf.csv,vit_small_patch16_224,960.4606531299652,163290.20850193716,0.8672,0.9024,0.8713074503203235,0.90241206732609,0.8667747865058436,0.9021460129107952,0.998658584867563,0.9990141406857994,0.9068,0.6540546026856832,0.7339262994644362,0.0,0.0,959.863756843998,163253.8208770089,48000,8,480000,2.940206835107518,156701425.82614285,6.381562865353123e-09,6.381562865353122e-10,15670142.582614284,6.381562865353123e-08
205016_vit_small_patch16_224,205016,128,0.03,10,SGD,28_03,project_28_03conf.csv,vit_small_patch16_224,966.1671125108842,163938.17205155123,0.8614,0.9005,0.8701630035220198,0.901284391069384,0.8621696914589176,0.9005009183723598,0.998599998939019,0.9989949487332784,0.9043,0.6453417982964836,0.7301179391821002,0.0,0.0,965.5702162249167,163901.78442662297,48000,8,480000,2.92858312482187,158258681.42846406,6.3187686828543385e-09,6.318768682854338e-10,15825868.142846406,6.318768682854339e-08
205017_vit_small_patch16_224,205017,128,0.03,10,SGD,28_03,project_28_03conf.csv,vit_small_patch16_224,970.3183218680788,164401.25600794752,0.8583,0.899,0.8650755153406334,0.8990068948563353,0.8588220177992314,0.8989802995628957,0.9985686860761488,0.998979797414898,0.9036,0.636757759039157,0.725821108607614,0.0,0.0,969.7214255821116,164364.86838301926,48000,8,480000,2.9203320923876297,159388134.48399755,6.273992748816564e-09,6.273992748816563e-10,15938813.448399756,6.273992748816563e-08
205018_vit_small_patch16_224,205018,128,0.03,10,SGD,28_03,project_28_03conf.csv,vit_small_patch16_224,959.84469870897,163475.89916788045,0.8657,0.9043,0.8700970123972154,0.9040773161115878,0.8651994073794219,0.9041684609714704,0.9986434333000788,0.9990333325898552,0.901,0.6508213012305402,0.7384947905999553,0.0,0.0,959.2478024230028,163439.51154295218,48000,8,480000,2.936866339531706,156778992.27666587,6.3784055853306735e-09,6.378405585330672e-10,15677899.227666589,6.378405585330673e-08
205019_vit_small_patch16_224,205019,128,0.035,10,SGD,28_03,project_28_03conf.csv,vit_small_patch16_224,965.772801109124,163979.0111168964,0.8557,0.8971,0.8616198571911619,0.8978053790185224,0.8576529762593177,0.8974539584394968,0.9985424232306814,0.9989606053391344,0.9071,0.6314156632223991,0.7220771450720874,0.0,0.0,965.1759048231568,163942.62349196814,48000,8,480000,2.927853597655256,158233469.96794245,6.319775457130508e-09,6.319775457130507e-10,15823346.996794248,6.319775457130506e-08
20502_vit_small_patch16_224,20502,128,0.03,10,SGD,28_03,project_28_03conf.csv,vit_small_patch16_224,966.022996300133,163913.14193468148,0.8649,0.9011,0.8683882635310971,0.9012172253865002,0.8641376660795039,0.9009434065279338,0.9986353523488722,0.999001009232446,0.9071,0.6481413274133578,0.730913379757505,0.0,0.0,965.4261000141656,163876.75430975322,48000,8,480000,2.929030429127998,158210895.79624465,6.3206771883010635e-09,6.320677188301062e-10,15821089.579624468,6.320677188301061e-08
205020_vit_small_patch16_224,205020,128,0.035,10,SGD,28_03,project_28_03conf.csv,vit_small_patch16_224,952.5903601269238,162770.76644903747,0.8688,0.9015,0.8730072046178463,0.9008389022375316,0.868859822573148,0.9011470006080502,0.9986747464034408,0.9990050497007538,0.9042,0.6581295987864847,0.7310989980946259,0.0,0.0,951.9934638409565,162734.3788241092,48000,8,480000,2.949591865396838,154922064.98277012,6.454858448415443e-09,6.454858448415443e-10,15492206.498277012,6.454858448415444e-08
20503_vit_small_patch16_224,20503,128,0.03,10,SGD,28_03,project_28_03conf.csv,vit_small_patch16_224,960.7155663031152,163526.45726737872,0.8698,0.9074,0.876458678618113,0.9066439780218184,0.8686173861705452,0.9068689372641464,0.9986848472784045,0.9990646456066072,0.9047,0.6613141685509278,0.7453730278085268,0.0,0.0,960.118670017148,163490.06964245046,48000,8,480000,2.935958135254028,156969868.2261204,6.370649420177037e-09,6.370649420177038e-10,15696986.822612042,6.370649420177039e-08
20504_vit_small_patch16_224,20504,128,0.03,10,SGD,28_03,project_28_03conf.csv,vit_small_patch16_224,969.1035818110686,164080.08834968015,0.8594,0.8989,0.8659085365368471,0.8987543658643876,0.8595048748193278,0.8992015043602044,0.9985797969139336,0.9989787871123664,0.907,0.6387023144959025,0.7257143062405765,0.0,0.0,968.5066855251011,164043.7007247519,48000,8,480000,2.9260495702019647,158877420.8702011,6.294160583189321e-09,6.29416058318932e-10,15887742.087020112,6.294160583189319e-08
20505_vit_small_patch16_224,20505,128,0.03,10,SGD,28_03,project_28_03conf.csv,vit_small_patch16_224,967.9007743438706,163889.54565560177,0.8592,0.9063,0.8734750368163283,0.906780892987599,0.8612005861534695,0.9071815235063538,0.9985777763068576,0.9990535343746632,0.9068,0.645402999241991,0.7448302344192567,0.0,0.0,967.3038780579031,163853.1580306735,48000,8,480000,2.929452234970921,158495795.19510496,6.309315643162781e-09,6.30931564316278e-10,15849579.519510496,6.30931564316278e-08
20506_vit_small_patch16_224,20506,128,0.03,10,SGD,28_03,project_28_03conf.csv,vit_small_patch16_224,973.9773877640256,164412.78370332226,0.8656,0.9001,0.8711212828451385,0.9005080940728927,0.8656796251021268,0.9004078483297506,0.9986424234121676,0.9989909084737764,0.9061,0.6518731293264284,0.729086723915562,0.0,0.0,973.3804914780584,164376.396078394,48000,8,480000,2.9201272898760937,160000777.20217913,6.249969640687348e-09,6.249969640687349e-10,16000077.720217912,6.24996964068735e-08
20507_vit_small_patch16_224,20507,128,0.03,10,SGD,28_03,project_28_03conf.csv,vit_small_patch16_224,965.2341176930348,163727.32200147142,0.8615,0.9007,0.8694305023008364,0.9010849860093146,0.8621387639347762,0.9008322151226156,0.998601009135811,0.9989969690049532,0.9049,0.6448509253795061,0.7303886160521695,0.0,0.0,964.6372214070676,163690.93437654315,48000,8,480000,2.9323554284065705,157902368.10651523,6.333027249632103e-09,6.333027249632102e-10,15790236.810651522,6.333027249632104e-08
20508_vit_small_patch16_224,20508,128,0.03,10,SGD,28_03,project_28_03conf.csv,vit_small_patch16_224,972.7957356520928,164563.18080088717,0.8596,0.9063,0.8699749821474011,0.905260108796341,0.8582861302454086,0.9051437731440112,0.9985818170495322,0.9990535345978716,0.9058,0.6409422770051736,0.7419107978333724,0.0,0.0,972.1988393661256,164526.7931759589,48000,8,480000,2.917457945507072,159952757.37029785,6.25184596027285e-09,6.25184596027285e-10,15995275.737029783,6.25184596027285e-08
20509_vit_small_patch16_224,20509,128,0.03,10,SGD,28_03,project_28_03conf.csv,vit_small_patch16_224,956.2952592680232,163484.98636961952,0.8586,0.9013,0.8673035242249608,0.9011714101741154,0.8591616141646338,0.9015259363388398,0.9985717161372112,0.9990030295809246,0.909,0.6388753344744132,0.7315125934129018,0.0,0.0,955.698362982056,163448.59874469126,48000,8,480000,2.93670305947233,156207558.25201234,6.401738886326376e-09,6.401738886326375e-10,15620755.825201236,6.401738886326375e-08
20511_vit_small_patch16_224,20511,128,0.035,10,SGD,28_03,project_28_03conf.csv,vit_small_patch16_224,976.0556413601151,164727.56942931673,0.8575,0.8988,0.8623827121300106,0.8991194273644244,0.8565377090569173,0.8981802500198879,0.9985606049623068,0.9989777769977928,0.9031,0.6324920722627935,0.7251031197342027,0.0,0.0,975.4587450741478,164691.18180438847,48000,8,480000,2.9145458472094683,160649453.5276871,6.224733281322088e-09,6.224733281322088e-10,16064945.35276871,6.224733281322089e-08
205110_vit_small_patch16_224,205110,128,0.035,10,SGD,28_03,project_28_03conf.csv,vit_small_patch16_224,965.6732453738804,163823.03171559214,0.8638,0.8993,0.8682301601474591,0.8981819681065911,0.8633070574135557,0.8986263505719804,0.9986242413321196,0.9989828274753628,0.905,0.6465698707479736,0.7251136780393538,0.0,0.0,965.0763490879132,163786.64409066387,48000,8,480000,2.930641888811744,158066616.5083793,6.326446545700488e-09,6.326446545700487e-10,15806661.65083793,6.326446545700488e-08
205111_vit_small_patch16_224,205111,128,0.035,10,SGD,28_03,project_28_03conf.csv,vit_small_patch16_224,968.8643380419816,164078.96408260704,0.8625,0.9014,0.8695572893986574,0.902374490600986,0.8634862552808991,0.9018378422312108,0.998611109801527,0.9990040394649496,0.9055,0.6467093295367298,0.7328246387280115,0.0,0.0,968.2674417560144,164042.57645767878,48000,8,480000,2.926069623905443,158837085.845742,6.295758919747314e-09,6.295758919747314e-10,15883708.584574198,6.295758919747315e-08
205112_vit_small_patch16_224,205112,128,0.035,10,SGD,28_03,project_28_03conf.csv,vit_small_patch16_224,956.9071878420656,163426.98207409956,0.8729,0.9032,0.8762762375997691,0.9031480690965022,0.8738588501937024,0.9037636028571648,0.9987161604976972,0.9990222213703942,0.9035,0.6675578307697103,0.7365002220863959,0.0,0.0,956.3102915560984,163390.5944491713,48000,8,480000,2.937745600462466,156252107.01521122,6.399913697820724e-09,6.399913697820723e-10,15625210.70152112,6.399913697820727e-08
205113_vit_small_patch16_224,205113,128,0.035,10,SGD,28_03,project_28_03conf.csv,vit_small_patch16_224,965.1259839909616,163940.4649352394,0.8588,0.9025,0.8644238620631305,0.9032004594242754,0.8597829760374046,0.9035704047595258,0.9985737363101604,0.999015150780741,0.9015,0.637364343465428,0.7358095713748875,0.0,0.0,964.5290877049944,163904.07731031114,48000,8,480000,2.9285421563445357,158090250.15924326,6.325500775618399e-09,6.325500775618401e-10,15809025.015924327,6.325500775618398e-08
205114_vit_small_patch16_224,205114,128,0.035,10,SGD,28_03,project_28_03conf.csv,vit_small_patch16_224,954.4549964559264,163115.0084469456,0.8677,0.9012,0.8728893335844445,0.9011703657868132,0.8665991864870074,0.900730373005077,0.9986636352662248,0.9990020193824868,0.9017,0.6554903418560736,0.730784384354153,0.0,0.0,953.8581001699592,163078.62082201734,48000,8,480000,2.94336558391592,155553863.4356266,6.428641358778167e-09,6.428641358778167e-10,15555386.34356266,6.428641358778168e-08
205115_vit_small_patch16_224,205115,128,0.035,10,SGD,28_03,project_28_03conf.csv,vit_small_patch16_224,956.270070807077,162924.26378126652,0.8645,0.8963,0.8687744184376568,0.8967222441868445,0.8636174355425574,0.8957117347538301,0.9986313121201414,0.998952524478662,0.9025,0.6477368470361882,0.719158225554393,0.0,0.0,955.6731745211096,162887.87615633826,48000,8,480000,2.946812318550341,155667573.69732916,6.4239454386585425e-09,6.423945438658542e-10,15566757.369732914,6.423945438658543e-08
205116_vit_small_patch16_224,205116,128,0.035,10,SGD,28_03,project_28_03conf.csv,vit_small_patch16_224,957.6222803138662,163040.94722677642,0.8607,0.8944,0.8703676261383214,0.8951853600228188,0.8612656761067534,0.8941476401174623,0.9985929282265896,0.9989333325249669,0.9087,0.6442881706517878,0.7151390631887148,0.0,0.0,957.0253840278988,163004.55960184816,48000,8,480000,2.9447029038478365,155999501.25125727,6.410276904599658e-09,6.410276904599657e-10,15599950.125125725,6.41027690459966e-08
205117_vit_small_patch16_224,205117,128,0.035,10,SGD,28_03,project_28_03conf.csv,vit_small_patch16_224,959.6631832960992,163123.08742184186,0.8626,0.9,0.870284748911224,0.9002163989451764,0.8629774360334275,0.9001299672769376,0.9986121204436336,0.998989898430592,0.904,0.6469446118410469,0.7285439344918471,0.0,0.0,959.066287010132,163086.6997969136,48000,8,480000,2.943219775724985,156410955.63496196,6.3934140414936114e-09,6.39341404149361e-10,15641095.563496197,6.393414041493611e-08
205118_vit_small_patch16_224,205118,128,0.035,10,SGD,28_03,project_28_03conf.csv,vit_small_patch16_224,968.4121864920016,163916.0089905132,0.8659,0.9043,0.8706408238916329,0.9037949893611272,0.8655906031612904,0.904054166936155,0.9986454535036527,0.9990333325898552,0.9027,0.651674352386229,0.738170849809984,0.0,0.0,967.8152902060344,163879.62136558493,48000,8,480000,2.928979186064931,158605203.3107886,6.30496338786874e-09,6.304963387868741e-10,15860520.33107886,6.304963387868739e-08
205119_vit_small_patch16_224,205119,128,0.035,10,SGD,28_03,project_28_03conf.csv,vit_small_patch16_224,962.9708823980764,163751.04546594122,0.8557,0.8971,0.8616198571911619,0.8978053790185224,0.8576529762593177,0.8974539584394968,0.9985424232306814,0.9989606053391344,0.9071,0.6314156632223991,0.7220771450720874,0.0,0.0,962.373986112109,163714.65784101296,48000,8,480000,2.931930508422398,157554727.8514357,6.347000903349202e-09,6.347000903349201e-10,15755472.78514357,6.347000903349203e-08
20512_vit_small_patch16_224,20512,128,0.035,10,SGD,28_03,project_28_03conf.csv,vit_small_patch16_224,962.3273790080566,163596.60856415017,0.8664,0.9021,0.8697056649571274,0.9022470867006178,0.8663887316055784,0.9021814248090904,0.9986505038771972,0.9990111102513292,0.905,0.6519541635046426,0.73357474355034,0.0,0.0,961.7304827220892,163560.2209392219,48000,8,480000,2.9346988971014256,157300850.23800945,6.3572447223706395e-09,6.35724472237064e-10,15730085.023800949,6.357244722370639e-08
205120_vit_small_patch16_224,205120,128,0.035,10,SGD,28_03,project_28_03conf.csv,vit_small_patch16_224,963.6333828219211,163682.6648733162,0.8688,0.9015,0.8730072046178463,0.9008389022375316,0.868859822573148,0.9011470006080502,0.9986747464034408,0.9990050497007538,0.9042,0.6581295987864847,0.7310989980946259,0.0,0.0,963.0364865359538,163646.27724838792,48000,8,480000,2.933155633424154,157597335.87597612,6.345284927830042e-09,6.345284927830043e-10,15759733.58759761,6.345284927830043e-08
20513_vit_small_patch16_224,20513,128,0.035,10,SGD,28_03,project_28_03conf.csv,vit_small_patch16_224,956.738941499032,163228.21937114146,0.8672,0.9053,0.874275872743224,0.9045719358501522,0.8662277388772545,0.9049291193106676,0.99865858462805,0.9990434334659362,0.9041,0.65586867507951,0.7403457082001951,0.0,0.0,956.1420452130646,163191.8317462132,48000,8,480000,2.9413236855289986,156034571.7678906,6.408836123109634e-09,6.408836123109635e-10,15603457.176789062,6.408836123109634e-08
20514_vit_small_patch16_224,20514,128,0.035,10,SGD,28_03,project_28_03conf.csv,vit_small_patch16_224,966.9026607540436,164007.10987525946,0.8556,0.9009,0.8638775277556519,0.9010548045735908,0.8558906076921755,0.9012316934654232,0.9985414130467428,0.99899898914773,0.9022,0.631694789323703,0.7308517623112452,0.0,0.0,966.3057644680764,163970.7222503312,48000,8,480000,2.927351867531525,158445854.1144889,6.311304297538929e-09,6.311304297538928e-10,15844585.411448888,6.31130429753893e-08
20515_vit_small_patch16_224,20515,128,0.035,10,SGD,28_03,project_28_03conf.csv,vit_small_patch16_224,953.3999685219025,162839.38647506686,0.858,0.9045,0.8726848103693914,0.9046474156596888,0.8600722281225728,0.9053014963894178,0.9985656550822004,0.999035352537677,0.9046,0.6430670448031955,0.7400516189250766,0.0,0.0,952.8030722359352,162802.9988501386,48000,8,480000,2.9483486384783597,155119197.47363546,6.446655322401104e-09,6.446655322401103e-10,15511919.747363543,6.446655322401107e-08
20516_vit_small_patch16_224,20516,128,0.035,10,SGD,28_03,project_28_03conf.csv,vit_small_patch16_224,944.7635030120146,162191.83275909504,0.8643,0.9017,0.8708481175186873,0.9019997868947888,0.8646728153465656,0.901543693508622,0.9986292920910056,0.999007070099822,0.9067,0.6499246911092237,0.7325273530168144,0.0,0.0,944.1666067260472,162155.44513416677,48000,8,480000,2.960122613229854,153101756.39447796,6.531603709518696e-09,6.531603709518697e-10,15310175.639447795,6.531603709518697e-08
20517_vit_small_patch16_224,20517,128,0.035,10,SGD,28_03,project_28_03conf.csv,vit_small_patch16_224,970.7672192719764,164021.2128946116,0.8612,0.8997,0.8720163195505978,0.900131500932533,0.8617737107687305,0.8998681455260477,0.99859797883069,0.9989868679878832,0.901,0.6462678595517293,0.7280183713871036,0.0,0.0,970.1703229860092,163984.82526968335,48000,8,480000,2.927100109480312,159093210.89669296,6.285623342213824e-09,6.285623342213823e-10,15909321.089669297,6.285623342213823e-08
20518_vit_small_patch16_224,20518,128,0.035,10,SGD,28_03,project_28_03conf.csv,vit_small_patch16_224,973.153165597003,164425.01815719286,0.8539,0.9055,0.8646726314100119,0.9046765669114144,0.8527725281758766,0.9045650424075934,0.9985242412459876,0.999045453783339,0.9015,0.6287102494759185,0.7402984565215918,0.0,0.0,972.5562693110356,164388.6305322646,48000,8,480000,2.9199099624215816,159877193.22760946,6.254800824382425e-09,6.254800824382426e-10,15987719.322760943,6.254800824382427e-08
20519_vit_small_patch16_224,20519,128,0.035,10,SGD,28_03,project_28_03conf.csv,vit_small_patch16_224,954.6794075090438,163487.91426226703,0.8555,0.9035,0.8643999970528539,0.9039777511715108,0.8558110454771908,0.9036214360902473,0.9985404029832178,0.9990252518192424,0.9031,0.6319435710421664,0.7373079034321193,0.0,0.0,954.0825112230764,163451.52663733877,48000,8,480000,2.936650454571827,155946242.99739775,6.4124661215255245e-09,6.412466121525524e-10,15594624.299739776,6.412466121525524e-08
20521_vit_small_patch16_224,20521,128,0.04,10,SGD,28_03,project_28_03conf.csv,vit_small_patch16_224,972.6764172250404,164458.69775821763,0.8533,0.9009,0.859472128676434,0.9001083681164462,0.8523312828678772,0.9000652936744145,0.998518180687512,0.9989989891351904,0.9023,0.6241628969626092,0.7291392054783924,0.0,0.0,972.0795209390732,164422.31013328937,48000,8,480000,2.919311859874045,159831560.46606362,6.25658660332185e-09,6.25658660332185e-10,15983156.046606362,6.256586603321851e-08
205210_vit_small_patch16_224,205210,128,0.04,10,SGD,28_03,project_28_03conf.csv,vit_small_patch16_224,946.5252406802028,162534.07397315485,0.8614,0.8996,0.8662670618871426,0.8990811110436515,0.8608461447264244,0.8990650983207803,0.9985999988886326,0.9989858577807988,0.9019,0.6414661873661139,0.7264384100196176,0.0,0.0,945.9283443942356,162497.6863482266,48000,8,480000,2.9538882108842928,153711167.41527176,6.505708185133765e-09,6.505708185133764e-10,15371116.741527176,6.505708185133765e-08
205211_vit_small_patch16_224,205211,128,0.04,10,SGD,28_03,project_28_03conf.csv,vit_small_patch16_224,968.5601897309534,163749.66488723736,0.86,0.903,0.8689014458661981,0.9032029432317692,0.8606141493570582,0.9034296606605762,0.998585857252464,0.99902020109635,0.9048,0.6421890027011774,0.7361082911878525,0.0,0.0,967.963293444986,163713.2772623091,48000,8,480000,2.931955233117235,158468443.03949687,6.310404651043103e-09,6.310404651043102e-10,15846844.303949688,6.310404651043103e-08
205212_vit_small_patch16_224,205212,128,0.04,10,SGD,28_03,project_28_03conf.csv,vit_small_patch16_224,968.3291704889853,163980.74249960866,0.869,0.9011,0.8729189863207455,0.901678129205866,0.8698698421821638,0.9021197416718674,0.9986767665239838,0.9990010092307025,0.9066,0.6589810666777256,0.7322420061958325,0.0,0.0,967.732274203018,163944.3548746804,48000,8,480000,2.927822677193817,158654243.3856211,6.303014521769989e-09,6.303014521769989e-10,15865424.338562109,6.30301452176999e-08
205213_vit_small_patch16_224,205213,128,0.04,10,SGD,28_03,project_28_03conf.csv,vit_small_patch16_224,958.2094853960444,163112.07855041893,0.8539,0.9029,0.8604001214635764,0.9036619775831564,0.8545128541226172,0.9036309400311372,0.9985242413237564,0.9990191911877944,0.8996,0.6268803970522319,0.7365641652370434,0.0,0.0,957.6125891100772,163075.69092549066,48000,8,480000,2.943418465841805,156163334.60807383,6.403551784480778e-09,6.403551784480777e-10,15616333.460807385,6.403551784480779e-08
205214_vit_small_patch16_224,205214,128,0.04,10,SGD,28_03,project_28_03conf.csv,vit_small_patch16_224,966.891303795157,163900.4606772811,0.8651,0.902,0.8716214225706577,0.9018571022627372,0.8638126803322187,0.9017326462027664,0.9986373726183956,0.9990101001972036,0.9027,0.6504615019508079,0.7328109319795566,0.0,0.0,966.2944075091896,163864.07305235285,48000,8,480000,2.929257103518018,158340937.38216588,6.315486168851184e-09,6.315486168851183e-10,15834093.738216586,6.315486168851184e-08
205215_vit_small_patch16_224,205215,128,0.04,10,SGD,28_03,project_28_03conf.csv,vit_small_patch16_224,956.0965180671774,163191.6001790773,0.8646,0.8987,0.8690189853709928,0.8980926307951063,0.8639237072609796,0.8979499029511622,0.9986323222218978,0.9989767669208144,0.9038,0.6482245965368331,0.7240080089878745,0.0,0.0,955.49962178121,163155.21255414904,48000,8,480000,2.941983847685494,155894743.88712233,6.414584450159932e-09,6.414584450159931e-10,15589474.388712237,6.41458445015993e-08
205216_vit_small_patch16_224,205216,128,0.04,10,SGD,28_03,project_28_03conf.csv,vit_small_patch16_224,955.128415944986,163068.11982278316,0.8545,0.9021,0.8648442885918081,0.9032928759454764,0.8551593158997873,0.902045662325098,0.9985303019165024,0.999011110361688,0.9025,0.6310420047991876,0.7343145076765007,0.0,0.0,954.5315196590188,163031.7321978549,48000,8,480000,2.944212108459188,155618927.0874606,6.425953569503677e-09,6.425953569503676e-10,15561892.70874606,6.425953569503679e-08
205217_vit_small_patch16_224,205217,128,0.04,10,SGD,28_03,project_28_03conf.csv,vit_small_patch16_224,960.6803490789608,163369.1199434112,0.8566,0.8997,0.8649971455382973,0.9000214301927311,0.8565985627996555,0.8997656463798319,0.9985515143494692,0.998986868125884,0.904,0.633782962794129,0.7278464327285417,0.0,0.0,960.0834527929936,163332.73231848294,48000,8,480000,2.938786324005446,156813053.59844285,6.3770201335453754e-09,6.377020133545373e-10,15681305.359844286,6.377020133545375e-08
205218_vit_small_patch16_224,205218,128,0.04,10,SGD,28_03,project_28_03conf.csv,vit_small_patch16_224,959.6163404399996,163520.2469929302,0.8553,0.9046,0.8640771036403396,0.9044564496333236,0.8550786350108879,0.9043675287374578,0.9985383827142322,0.999036362895216,0.9022,0.6310180583542598,0.7392145389360998,0.0,0.0,959.0194441540324,163483.85936800193,48000,8,480000,2.9360696637306605,156784199.93925717,6.378193723522073e-09,6.378193723522074e-10,15678419.99392572,6.378193723522075e-08
205219_vit_small_patch16_224,205219,128,0.04,10,SGD,28_03,project_28_03conf.csv,vit_small_patch16_224,966.1412119700108,163952.6586522127,0.8505,0.895,0.8583935661017645,0.8953254312914001,0.8525884959106481,0.8957816769693511,0.9984898979416968,0.9989393932031986,0.9056,0.6215039818799278,0.7170431158156494,0.0,0.0,965.5443156840436,163916.27102728444,48000,8,480000,2.928324302351304,158268423.73851955,6.318379727166126e-09,6.318379727166125e-10,15826842.373851957,6.318379727166125e-08
20522_vit_small_patch16_224,20522,128,0.04,10,SGD,28_03,project_28_03conf.csv,vit_small_patch16_224,969.9552056971006,164130.58340714555,0.8571,0.8998,0.8627536280488237,0.8998538552423655,0.8567804184256217,0.8999117693353926,0.9985565644015828,0.998987877907898,0.9038,0.6326456010065589,0.7279107287475794,0.0,0.0,969.3583094111332,164094.19578221728,48000,8,480000,2.9251491663790894,159066072.20762968,6.286695749265094e-09,6.286695749265094e-10,15906607.220762966,6.286695749265095e-08
205220_vit_small_patch16_224,205220,128,0.04,10,SGD,28_03,project_28_03conf.csv,vit_small_patch16_224,967.9255248680712,164263.15760305896,0.8649,0.8994,0.8699833789942075,0.8989193060172205,0.8648920180439288,0.8988283918507112,0.9986353524322016,0.9989838375623942,0.9024,0.6498987146748602,0.7259535531871323,0.0,0.0,967.328628582104,164226.7699781307,48000,8,480000,2.9227878016715505,158861256.1794138,6.2948010361357454e-09,6.294801036135744e-10,15886125.617941378,6.294801036135746e-08
20523_vit_small_patch16_224,20523,128,0.04,10,SGD,28_03,project_28_03conf.csv,vit_small_patch16_224,963.3236293781084,163582.90885854073,0.8652,0.9028,0.8721958220337791,0.9020824283317316,0.8637633775027527,0.9023371960275184,0.9986383825893156,0.9990181809175184,0.9027,0.6509288994276912,0.7341419242152062,0.0,0.0,962.7267330921412,163546.52123361247,48000,8,480000,2.9349447263042685,157450608.09582022,6.351198081060613e-09,6.351198081060614e-10,15745060.809582025,6.351198081060612e-08
20524_vit_small_patch16_224,20524,128,0.04,10,SGD,28_03,project_28_03conf.csv,vit_small_patch16_224,971.8625859920868,164528.9930982679,0.8516,0.8987,0.860306192030353,0.8983844831500803,0.8518683724026755,0.8988775435354626,0.9985010089760152,0.99897676690883,0.9062,0.6231745430482503,0.7249914795786928,0.0,0.0,971.2656897061196,164492.60547333964,48000,8,480000,2.918064302153671,159766023.90661985,6.259153076153918e-09,6.259153076153918e-10,15976602.390661985,6.259153076153918e-08
20525_vit_small_patch16_224,20525,128,0.04,10,SGD,28_03,project_28_03conf.csv,vit_small_patch16_224,965.283689570846,163778.89461188292,0.8542,0.9058,0.8703930585147246,0.9061575612000128,0.8561569342386816,0.9067043492846292,0.9985272712041184,0.9990484838643892,0.9049,0.6356064489577923,0.7435125423146105,0.0,0.0,964.6867932848788,163742.50698695466,48000,8,480000,2.931431848898231,157960233.98967212,6.3307072593054195e-09,6.33070725930542e-10,15796023.398967214,6.330707259305419e-08
20526_vit_small_patch16_224,20526,128,0.04,10,SGD,28_03,project_28_03conf.csv,vit_small_patch16_224,972.9378818180412,164547.7688018052,0.8597,0.8989,0.8667268054650346,0.8993946850231558,0.8601988751995235,0.8989799723792388,0.9985828274161244,0.9989787872542422,0.901,0.6400473718268873,0.726052424653681,0.0,0.0,972.340985532074,164511.38117687695,48000,8,480000,2.9177312631271426,159961158.5047672,6.2515176143225905e-09,6.251517614322588e-10,15996115.850476723,6.251517614322589e-08
20527_vit_small_patch16_224,20527,128,0.04,10,SGD,28_03,project_28_03conf.csv,vit_small_patch16_224,969.6582727769857,164096.25942237876,0.8528,0.9038,0.8631406613906116,0.904464184948625,0.8530733166850033,0.9040383711772586,0.9985131302873024,0.99902828215787,0.9041,0.6270019706399838,0.7382923333097684,0.0,0.0,969.0613764910184,164059.8717974505,48000,8,480000,2.925761155004506,158984085.19097736,6.289937755711613e-09,6.289937755711613e-10,15898408.519097738,6.289937755711614e-08
20528_vit_small_patch16_224,20528,128,0.04,10,SGD,28_03,project_28_03conf.csv,vit_small_patch16_224,973.2639479970094,164508.38434335383,0.8568,0.9046,0.8675156752031825,0.9035576281380496,0.8555041952036625,0.9035349543149428,0.9985535341986682,0.9990363628669898,0.9057,0.6349657283958744,0.7378000740482492,0.0,0.0,972.667051711042,164471.99671842557,48000,8,480000,2.91842994295105,159976492.13713917,6.250918410829725e-09,6.250918410829726e-10,15997649.21371392,6.250918410829725e-08
20529_vit_small_patch16_224,20529,128,0.04,10,SGD,28_03,project_28_03conf.csv,vit_small_patch16_224,964.7741285730152,163799.45782755263,0.8533,0.8995,0.8643936285377231,0.8995058352042993,0.853486642431401,0.8997622440266178,0.9985181807449,0.9989848477495736,0.9044,0.6285878872387259,0.7272635457675967,0.0,0.0,964.177232287048,163763.07020262437,48000,8,480000,2.931063758184889,157896623.7787959,6.333257647110571e-09,6.33325764711057e-10,15789662.37787959,6.333257647110571e-08
20531_vit_small_patch16_224,20531,128,0.025,10,SGD,28_03,project_28_03conf.csv,vit_small_patch16_224,963.7303340539802,163971.30494920607,0.8623,0.9019,0.8656066010353688,0.9018651658709612,0.8613130145270952,0.9009119487779128,0.9986090898477872,0.9990090901529988,0.9031,0.6420006535418422,0.732068612276129,0.0,0.0,963.1334377680128,163934.9173242778,48000,8,480000,2.927991228680815,157891200.49274665,6.333475183412383e-09,6.333475183412383e-10,15789120.049274666,6.333475183412385e-08
205310_vit_small_patch16_224,205310,128,0.025,10,SGD,28_03,project_28_03conf.csv,vit_small_patch16_224,960.641199880978,163291.31219845547,0.8661,0.9031,0.8700514118525726,0.9025317019364324,0.8657620227920098,0.9023994528501832,0.9986474736737944,0.9990212113442172,0.9054,0.6515139118268162,0.7348045563436179,0.0,0.0,960.0443035950108,163254.9245735272,48000,8,480000,2.940186957630281,156731960.37064794,6.380319608299084e-09,6.380319608299083e-10,15673196.037064793,6.380319608299086e-08
205311_vit_small_patch16_224,205311,128,0.025,10,SGD,28_03,project_28_03conf.csv,vit_small_patch16_224,968.2208236570004,164152.97051412528,0.8586,0.9032,0.8652660712660715,0.9037503718907834,0.8596748507010419,0.9037199191461934,0.9985717158249884,0.9990222213002752,0.9072,0.6377552482634637,0.7369557658862341,0.0,0.0,967.6239273710332,164116.58288919702,48000,8,480000,2.9247501474245965,158803132.4819585,6.2971050027215885e-09,6.297105002721587e-10,15880313.248195851,6.297105002721588e-08
205312_vit_small_patch16_224,205312,128,0.025,10,SGD,28_03,project_28_03conf.csv,vit_small_patch16_224,965.0981363179162,163898.5220669142,0.8731,0.9042,0.8740906291061005,0.9043329229246224,0.8735280767480306,0.9048237682200768,0.9987181807014774,0.9990323223892952,0.9021,0.6657946130077214,0.739156472832233,0.0,0.0,964.5012400319488,163862.13444198595,48000,8,480000,2.929291758798248,158045231.86357737,6.32730255894836e-09,6.327302558948361e-10,15804523.186357737,6.32730255894836e-08
205313_vit_small_patch16_224,205313,128,0.025,10,SGD,28_03,project_28_03conf.csv,vit_small_patch16_224,946.9420439240056,162526.34333235133,0.8583,0.9041,0.8648369068792318,0.9047920628045218,0.8590737682935656,0.9048796452113418,0.9985686858013436,0.9990313124089546,0.9067,0.6367687301664153,0.7394948790826956,0.0,0.0,946.3451476380384,162489.95570742307,48000,8,480000,2.954028745409228,153771581.12363958,6.5031522254814635e-09,6.503152225481462e-10,15377158.112363957,6.503152225481462e-08
205314_vit_small_patch16_224,205314,128,0.025,10,SGD,28_03,project_28_03conf.csv,vit_small_patch16_224,948.1484244079328,162495.0145434996,0.8653,0.8981,0.870976027671666,0.897791987154642,0.8643378769534494,0.8976937627288845,0.9986393928220744,0.9989707062254596,0.904,0.6505267266072472,0.723071730004775,0.0,0.0,947.5515281219656,162458.62691857133,48000,8,480000,2.9545984051717302,153937920.19328853,6.496125183089219e-09,6.496125183089218e-10,15393792.019328857,6.496125183089218e-08
205315_vit_small_patch16_224,205315,128,0.025,10,SGD,28_03,project_28_03conf.csv,vit_small_patch16_224,960.3269799479748,163693.49303838602,0.865,0.9031,0.8692759999326709,0.9029652518149904,0.8637647435337931,0.9026970054999128,0.9986363626289232,0.999021211398094,0.9025,0.6485995540747369,0.7353999421804128,0.0,0.0,959.7300836620076,163657.10541345776,48000,8,480000,2.932961564897193,157066647.47033978,6.366724037888683e-09,6.366724037888682e-10,15706664.747033978,6.366724037888683e-08
205316_vit_small_patch16_224,205316,128,0.025,10,SGD,28_03,project_28_03conf.csv,vit_small_patch16_224,969.8420582008548,164070.28126354932,0.8597,0.9016,0.8682434177785143,0.9024873529088372,0.8606990127997841,0.9014026608985144,0.9985828272088336,0.99900605985281,0.9073,0.6415401248254151,0.7327266473824221,0.0,0.0,969.2451619148876,164033.89363862106,48000,8,480000,2.926224509780131,158989057.7992947,6.289741028985682e-09,6.289741028985683e-10,15898905.779929468,6.289741028985683e-08
205317_vit_small_patch16_224,205317,128,0.025,10,SGD,28_03,project_28_03conf.csv,vit_small_patch16_224,966.8007996180096,164237.55965576245,0.8595,0.9022,0.8669779807391236,0.9028665405416938,0.859777495424941,0.902362656508674,0.9985808072949818,0.999012120665119,0.9096,0.6397690648434472,0.7343079886950273,0.0,0.0,966.2039033320424,164201.1720308342,48000,8,480000,2.923243446215257,158651813.34788817,6.303111063768444e-09,6.303111063768442e-10,15865181.334788818,6.303111063768443e-08
205318_vit_small_patch16_224,205318,128,0.025,10,SGD,28_03,project_28_03conf.csv,vit_small_patch16_224,964.1668645790778,164081.85616495763,0.8658,0.9017,0.8703236918670494,0.9013654829868636,0.8654790806100511,0.9013589055457444,0.998644443401866,0.9990070699433934,0.9037,0.6512771667299266,0.7318621859572757,0.0,0.0,963.5699682931104,164045.46854002937,48000,8,480000,2.926018037998248,158069286.91974455,6.326339667159524e-09,6.326339667159524e-10,15806928.691974454,6.326339667159524e-08
205319_vit_small_patch16_224,205319,128,0.025,10,SGD,28_03,project_28_03conf.csv,vit_small_patch16_224,962.6379150419962,163933.48870445232,0.8643,0.9,0.8698941967777084,0.9005571735936023,0.8659848646072424,0.9008647139819638,0.998629291977848,0.9989898982887604,0.908,0.6501978797192332,0.7294146346035661,0.0,0.0,962.0410187560288,163897.10107952406,48000,8,480000,2.928666808860155,157675734.09370515,6.342129978007331e-09,6.342129978007331e-10,15767573.409370515,6.34212997800733e-08
20532_vit_small_patch16_224,20532,128,0.025,10,SGD,28_03,project_28_03conf.csv,vit_small_patch16_224,954.7260436438957,163076.85532484713,0.8666,0.9024,0.8691373883395189,0.9028601130303104,0.8664250148820968,0.9021978137143364,0.9986525240809736,0.9990141405569942,0.9065,0.6517071772281827,0.734332854871864,0.0,0.0,954.1291473579284,163040.46769991887,48000,8,480000,2.9440543612979275,155561662.43136144,6.428319062489002e-09,6.428319062489002e-10,15556166.243136143,6.428319062489003e-08
205320_vit_small_patch16_224,205320,128,0.025,10,SGD,28_03,project_28_03conf.csv,vit_small_patch16_224,964.6873355940916,164085.0457193226,0.8702,0.9017,0.8725352981045041,0.9012241677141184,0.8698194492232081,0.9010534571287728,0.9986888878290138,0.9990070699044072,0.9061,0.6595707930492241,0.7314994739762688,0.0,0.0,964.0904393081242,164048.65809439434,48000,8,480000,2.92596114820888,158157742.8501329,6.322801413191511e-09,6.322801413191511e-10,15815774.285013292,6.322801413191511e-08
20533_vit_small_patch16_224,20533,128,0.025,10,SGD,28_03,project_28_03conf.csv,vit_small_patch16_224,954.7402941170149,163220.42508835357,0.8726,0.9056,0.8776560979039694,0.9049001709768456,0.8713810548467132,0.9050686567741316,0.9987131301326324,0.9990464637717464,0.9034,0.6664820485802632,0.740976263941473,0.0,0.0,954.1433978310477,163184.0374634253,48000,8,480000,2.9414641742001457,155700971.9771416,6.422567484978897e-09,6.422567484978898e-10,15570097.197714156,6.422567484978897e-08
20534_vit_small_patch16_224,20534,128,0.025,10,SGD,28_03,project_28_03conf.csv,vit_small_patch16_224,971.2321513788776,164522.6794426453,0.8613,0.9002,0.8676583233749088,0.9001745789267777,0.8615746697419278,0.9005187489518517,0.9985989888475292,0.9989919184353526,0.9048,0.6429648461736525,0.7289881807932072,0.0,0.0,970.6352550929104,164486.29181771705,48000,8,480000,2.9181763093786186,159656193.81777668,6.263458849215385e-09,6.263458849215385e-10,15965619.381777668,6.263458849215386e-08
20535_vit_small_patch16_224,20535,128,0.025,10,SGD,28_03,project_28_03conf.csv,vit_small_patch16_224,963.8672825319228,163532.06362794386,0.8602,0.9072,0.8721731392972675,0.9077423735342762,0.8620530341463594,0.9076237424811424,0.9985878773274056,0.9990626252931564,0.9049,0.6458362530950074,0.746731051119366,0.0,0.0,963.2703862459556,163495.6760030156,48000,8,480000,2.935857459564537,157490542.97296843,6.349587607756481e-09,6.349587607756481e-10,15749054.297296844,6.349587607756482e-08
20536_vit_small_patch16_224,20536,128,0.025,10,SGD,28_03,project_28_03conf.csv,vit_small_patch16_224,961.1513916361146,163331.63141216076,0.8677,0.9009,0.8719475234189118,0.9011002080795346,0.8673829920243864,0.9008795909829048,0.9986636355463524,0.9989989892867992,0.9049,0.6553753221190783,0.7306030384258105,0.0,0.0,960.5544953501472,163295.2437872325,48000,8,480000,2.9394609963375404,156853980.4891244,6.375356219087701e-09,6.3753562190877e-10,15685398.04891244,6.3753562190877e-08
20537_vit_small_patch16_224,20537,128,0.025,10,SGD,28_03,project_28_03conf.csv,vit_small_patch16_224,969.3464911000336,164108.70224058526,0.8647,0.9023,0.8717231269961323,0.9026371010565832,0.8655426061379656,0.902625618939642,0.998633332390435,0.9990131306322652,0.9016,0.6515361776683745,0.7344174545199129,0.0,0.0,968.7495948140664,164072.314615657,48000,8,480000,2.925539272877393,158944988.30412373,6.291484938717351e-09,6.29148493871735e-10,15894498.830412377,6.29148493871735e-08
20538_vit_small_patch16_224,20538,128,0.025,10,SGD,28_03,project_28_03conf.csv,vit_small_patch16_224,973.5247915610672,164573.5603343461,0.8622,0.9057,0.8719531930025307,0.9047316136612004,0.8606193884253764,0.9048524369083256,0.9986080796967632,0.999047473986972,0.9039,0.6461113828916387,0.740743791430756,0.0,0.0,972.9278952751,164537.17270941785,48000,8,480000,2.9172739028870254,160082805.13868952,6.246767097400866e-09,6.246767097400865e-10,16008280.513868954,6.246767097400866e-08
20539_vit_small_patch16_224,20539,128,0.025,10,SGD,28_03,project_28_03conf.csv,vit_small_patch16_224,948.800830504857,162723.34167120288,0.8618,0.9024,0.8684415432734567,0.9026811959867344,0.8626152201865652,0.9026459572337188,0.998604039392946,0.9990141407000834,0.9038,0.6446997700787535,0.7345520231103158,0.0,0.0,948.2039342188896,162686.95404627462,48000,8,480000,2.950451699178466,154260409.8727653,6.482544684179204e-09,6.482544684179205e-10,15426040.98727653,6.482544684179205e-08
20541_vit_small_patch16_224,20541,128,0.02,10,SGD,28_03,project_28_03conf.csv,vit_small_patch16_224,959.3066582819448,163401.06208277846,0.8632,0.9001,0.865397818754447,0.9000962987844242,0.8619426193091371,0.8990207304440537,0.9986181807638146,0.9989909083209436,0.9024,0.6429912332154749,0.7276306416301829,0.0,0.0,958.7097619959776,163364.6744578502,48000,8,480000,2.9382117131071994,156619308.1680359,6.384908806563659e-09,6.384908806563659e-10,15661930.816803591,6.384908806563659e-08
205410_vit_small_patch16_224,205410,128,0.02,10,SGD,28_03,project_28_03conf.csv,vit_small_patch16_224,967.560116326902,163962.10494153973,0.8664,0.9057,0.8699488181262442,0.9047319423665272,0.8660852788885824,0.905087129438403,0.9986505039792304,0.999047473991328,0.9042,0.6519080267252232,0.740936188127146,0.0,0.0,966.9632200409346,163925.71731661147,48000,8,480000,2.928155556415302,158510139.46399063,6.308744685870231e-09,6.308744685870231e-10,15851013.946399065,6.30874468587023e-08
205411_vit_small_patch16_224,205411,128,0.02,10,SGD,28_03,project_28_03conf.csv,vit_small_patch16_224,974.0979505560828,164764.6098509466,0.863,0.9031,0.868694035264062,0.9032542991126558,0.8639780875402849,0.9033942202448836,0.9986161603113396,0.9990212111983124,0.9048,0.6468133171931092,0.7362035317508546,0.0,0.0,973.5010542701154,164728.22222601835,48000,8,480000,2.913890488913353,160363098.00507072,6.235848598836497e-09,6.235848598836497e-10,16036309.80050707,6.235848598836498e-08
205412_vit_small_patch16_224,205412,128,0.02,10,SGD,28_03,project_28_03conf.csv,vit_small_patch16_224,968.1688448379282,164015.1660653107,0.8711,0.9003,0.8726561718102853,0.900315171183986,0.8719168009674361,0.9010724214658284,0.998697978663676,0.9989929284155818,0.9032,0.6619426973646728,0.7296320965091336,0.0,0.0,967.5719485519608,163978.77844038245,48000,8,480000,2.9272080482933527,158661266.1767311,6.302735532729901e-09,6.3027355327299e-10,15866126.617673112,6.302735532729901e-08
205413_vit_small_patch16_224,205413,128,0.02,10,SGD,28_03,project_28_03conf.csv,vit_small_patch16_224,971.2440875759348,164567.0026091963,0.8587,0.9063,0.8634171340161579,0.90664747303002,0.8595304617782225,0.907123165349022,0.998572726208397,0.999053534647748,0.9058,0.6363603300644346,0.7446727362119315,0.0,0.0,970.6471912899676,164530.61498426803,48000,8,480000,2.9173901771770336,159701179.31569082,6.2616945240162605e-09,6.26169452401626e-10,15970117.93156908,6.261694524016261e-08
205414_vit_small_patch16_224,205414,128,0.02,10,SGD,28_03,project_28_03conf.csv,vit_small_patch16_224,964.2240931808484,163929.02024304972,0.8655,0.9014,0.8697028175778568,0.9005746128399766,0.864806140801413,0.9006337152067484,0.9986414130257536,0.999004039586166,0.9028,0.6500792232583257,0.7303864352517504,0.0,0.0,963.6271968948812,163892.63261812145,48000,8,480000,2.928746657687936,157931398.16152292,6.331863148436506e-09,6.331863148436505e-10,15793139.816152291,6.331863148436505e-08
205415_vit_small_patch16_224,205415,128,0.02,10,SGD,28_03,project_28_03conf.csv,vit_small_patch16_224,965.5310739099514,163980.4899030307,0.8695,0.9027,0.8725057614012782,0.902192139082418,0.8685227781793374,0.9023666538191892,0.9986818172079592,0.9990171709910683,0.9064,0.6580308358508251,0.734173106854352,0.0,0.0,964.934177623984,163944.10227810245,48000,8,480000,2.927827188231292,158195267.5080231,6.321301615102256e-09,6.321301615102256e-10,15819526.750802312,6.321301615102256e-08
205416_vit_small_patch16_224,205416,128,0.02,10,SGD,28_03,project_28_03conf.csv,vit_small_patch16_224,954.4681159409228,163329.86837373552,0.8617,0.902,0.8695278747313643,0.9030336782191394,0.8624083683868038,0.9019350856712248,0.998603029244346,0.9990101002599124,0.904,0.645275896718489,0.7339316989601455,0.0,0.0,953.8712196549554,163293.48074880723,48000,8,480000,2.939492732954718,155760951.64356777,6.420094314063569e-09,6.420094314063571e-10,15576095.164356774,6.420094314063571e-08
205417_vit_small_patch16_224,205417,128,0.02,10,SGD,28_03,project_28_03conf.csv,vit_small_patch16_224,972.947110699024,164574.9370284703,0.8572,0.8999,0.8662753277548194,0.9003041825434909,0.857689058646544,0.8999370213955903,0.9985575749588856,0.9989888883290228,0.9043,0.6359765293097303,0.7283771202280721,0.0,0.0,972.3502144130568,164538.54940354204,48000,8,480000,2.917249494054838,159989093.79174742,6.250426052801245e-09,6.250426052801246e-10,15998909.379174745,6.250426052801246e-08
205418_vit_small_patch16_224,205418,128,0.02,10,SGD,28_03,project_28_03conf.csv,vit_small_patch16_224,956.4571876078844,163324.79683846128,0.8666,0.9036,0.8702769167061178,0.9032226671317456,0.8660893973631552,0.9032784182754676,0.9986525242161616,0.9990262618773462,0.903,0.6523088567337323,0.7364946375517224,0.0,0.0,955.8602913219172,163288.409213533,48000,8,480000,2.939584029949742,156080906.40034008,6.406933577352811e-09,6.40693357735281e-10,15608090.640034009,6.40693357735281e-08
205419_vit_small_patch16_224,205419,128,0.02,10,SGD,28_03,project_28_03conf.csv,vit_small_patch16_224,967.126850723056,164187.95725744488,0.8645,0.8986,0.8681079354693887,0.8991345050930643,0.8659818471935297,0.8995738157585683,0.9986313121812704,0.998975756864803,0.9049,0.6490119471282559,0.7260772567278331,0.0,0.0,966.5299544370888,164151.56963251662,48000,8,480000,2.924126775482976,158657409.1176929,6.302888756100856e-09,6.302888756100856e-10,15865740.91176929,6.302888756100857e-08
20542_vit_small_patch16_224,20542,128,0.02,10,SGD,28_03,project_28_03conf.csv,vit_small_patch16_224,972.4362988278737,164446.95203363628,0.8655,0.9006,0.8684215786804543,0.9007039940532684,0.8655165775132261,0.9007308446899914,0.9986414129602024,0.9989959587230044,0.9071,0.6496547841436148,0.7299158553485444,0.0,0.0,971.8394025419065,164410.564408708,48000,8,480000,2.919520419665786,159780664.6865364,6.258579546917251e-09,6.25857954691725e-10,15978066.46865364,6.25857954691725e-08
205420_vit_small_patch16_224,205420,128,0.02,10,SGD,28_03,project_28_03conf.csv,vit_small_patch16_224,972.091389961075,164597.58036049822,0.8622,0.9028,0.8650148311803723,0.9017878662248164,0.8620247100444791,0.9024043341090172,0.998608079682882,0.9990181810245004,0.9084,0.6420167561468356,0.7339568064899943,0.0,0.0,971.4944936751076,164561.19273556996,48000,8,480000,2.9168480856316,159870292.61521435,6.2550708054739205e-09,6.25507080547392e-10,15987029.261521436,6.25507080547392e-08
20543_vit_small_patch16_224,20543,128,0.02,10,SGD,28_03,project_28_03conf.csv,vit_small_patch16_224,967.0841031961608,163913.92147251684,0.8683,0.9063,0.8726014164500849,0.9051833973272102,0.8667012450547688,0.9057940762853468,0.9986696957493536,0.9990535344853032,0.8992,0.6558084476943716,0.7423809112251971,0.0,0.0,966.4872069101934,163877.53384758858,48000,8,480000,2.929016496223427,158385539.9636866,6.313707679560093e-09,6.313707679560093e-10,15838553.996368656,6.313707679560095e-08
20544_vit_small_patch16_224,20544,128,0.02,10,SGD,28_03,project_28_03conf.csv,vit_small_patch16_224,964.4138687769882,163684.64726595,0.8567,0.8981,0.863618161074158,0.8983536281621152,0.8563715530744312,0.8982662602456779,0.9985525241661926,0.9989707062982206,0.9024,0.6326793791417399,0.7239854915999097,0.0,0.0,963.8169724910208,163648.25964102175,48000,8,480000,2.9331201019364723,157726970.1606341,6.340069798979645e-09,6.340069798979644e-10,15772697.01606341,6.340069798979647e-08
20545_vit_small_patch16_224,20545,128,0.02,10,SGD,28_03,project_28_03conf.csv,vit_small_patch16_224,972.6274409790058,164268.13730985252,0.8661,0.9046,0.8764712965925995,0.9046133966196502,0.86742483974702,0.9052466119856966,0.998647473348638,0.9990363626397316,0.9054,0.6575818212714912,0.7400614842025979,0.0,0.0,972.0305446930385,164231.74968492426,48000,8,480000,2.9226991791835117,159638277.10212767,6.264161817283055e-09,6.264161817283054e-10,15963827.710212767,6.264161817283055e-08
20546_vit_small_patch16_224,20546,128,0.02,10,SGD,28_03,project_28_03conf.csv,vit_small_patch16_224,969.9744157730602,163740.37015640593,0.8711,0.8988,0.8760565840579104,0.8988556735215313,0.8708812064183199,0.8989243420763458,0.9986979790016994,0.9989777771526142,0.9047,0.6637327715538953,0.7254909442650954,0.0,0.0,969.3775194870929,163703.98253147767,48000,8,480000,2.932121702706308,158690960.5165222,6.301556161391338e-09,6.301556161391337e-10,15869096.051652225,6.301556161391337e-08
20547_vit_small_patch16_224,20547,128,0.02,10,SGD,28_03,project_28_03conf.csv,vit_small_patch16_224,964.0167924677952,163713.40697019166,0.8606,0.9018,0.8664466727886959,0.9024031271984638,0.861410957057139,0.9021030004871784,0.998591918220448,0.9990080801237304,0.9013,0.6414187020521864,0.7333916328070595,0.0,0.0,963.419896181828,163677.0193452634,48000,8,480000,2.932604723131468,157689696.9849647,6.341568403770523e-09,6.341568403770523e-10,15768969.69849647,6.341568403770523e-08
20548_vit_small_patch16_224,20548,128,0.02,10,SGD,28_03,project_28_03conf.csv,vit_small_patch16_224,961.1471449809616,163483.09508424095,0.8646,0.9066,0.8718453182500759,0.9055449955041692,0.8630119468410854,0.9056168398724076,0.9986323221403608,0.9990565649033212,0.9025,0.6496464913631051,0.7427801976750107,0.0,0.0,960.5502486949944,163446.7074593127,48000,8,480000,2.936737040845488,156998775.49842075,6.3694764295155855e-09,6.369476429515585e-10,15699877.549842076,6.369476429515585e-08
20549_vit_small_patch16_224,20549,128,0.02,10,SGD,28_03,project_28_03conf.csv,vit_small_patch16_224,973.858539181063,164584.88896507057,0.8591,0.903,0.864679924532078,0.9030031199628022,0.8596494400751818,0.9030996504204658,0.9985767666459195,0.9990202013105338,0.9063,0.6376787385324745,0.7356766052562654,0.0,0.0,973.2616428950956,164548.5013401423,48000,8,480000,2.917073058038858,160148744.75023276,6.244195054788568e-09,6.244195054788568e-10,16014874.475023275,6.244195054788567e-08
20551_vit_small_patch32_224,20551,128,0.03,10,SGD,28_03,project_28_03conf.csv,vit_small_patch32_224,645.1427999949083,77266.01743641683,0.8365,0.8824,0.8411836615936004,0.8817933621088265,0.8366087049228532,0.8814953445339975,0.9983484835883312,0.9988121203057356,0.8806,0.5877076120289867,0.6850718956796744,0.0,0.0,644.5104965489203,77226.70260726722,48000,8,480000,6.215466720637,49773420.44424559,2.0091044398288125e-08,2.009104439828812e-09,4977342.044424559,2.0091044398288127e-07
205510_vit_small_patch32_224,205510,128,0.03,10,SGD,28_03,project_28_03conf.csv,vit_small_patch32_224,648.6678637510631,77771.52324398485,0.8441,0.8816,0.8498927901890242,0.8807351698781285,0.8433103841351226,0.8811132953470316,0.9984252512751648,0.9988040394546472,0.8805,0.6040335336101389,0.6833276042619958,0.0,0.0,648.0355603050751,77732.20841483523,48000,8,480000,6.175046480583354,50373235.23385862,1.9851812085475204e-08,1.98518120854752e-09,5037323.523385862,1.9851812085475205e-07
205511_vit_small_patch32_224,205511,128,0.03,10,SGD,28_03,project_28_03conf.csv,vit_small_patch32_224,642.9324504488613,77192.41399432416,0.8349,0.8829,0.8461976527946129,0.8832576833274528,0.836670005014874,0.8835192391394009,0.99833232165987,0.9988171706018824,0.8794,0.5901135799385697,0.6881782640881183,0.0,0.0,642.3001470028734,77153.09916517454,48000,8,480000,6.221396226383385,49555446.93551888,2.0179416428252405e-08,2.0179416428252404e-09,4955544.693551888,2.0179416428252405e-07
205512_vit_small_patch32_224,205512,128,0.03,10,SGD,28_03,project_28_03conf.csv,vit_small_patch32_224,642.9446676780935,77208.52947737112,0.8435,0.8803,0.8505678990170553,0.8802773710802909,0.8450019755400346,0.8809174842104533,0.9984191905420112,0.998790908037564,0.8848,0.6052917008035387,0.6818047927666387,0.0,0.0,642.3123642321056,77169.2146482215,48000,8,480000,6.220096993186938,49566740.70663399,2.017481855259772e-08,2.0174818552597724e-09,4956674.070663399,2.0174818552597723e-07
205513_vit_small_patch32_224,205513,128,0.03,10,SGD,28_03,project_28_03conf.csv,vit_small_patch32_224,645.0480860569514,77610.53918953368,0.8333,0.8813,0.8425590455312179,0.8817648148597518,0.8342537209622239,0.882423022907643,0.998316160360508,0.9988010092069124,0.879,0.5847469712519482,0.6849081566914642,0.0,0.0,644.4157826109634,77571.22436038406,48000,8,480000,6.187861593752772,49988121.254287526,2.0004752627390038e-08,2.0004752627390035e-09,4998812.125428752,2.0004752627390038e-07
205514_vit_small_patch32_224,205514,128,0.03,10,SGD,28_03,project_28_03conf.csv,vit_small_patch32_224,647.7107315689791,77794.08601058747,0.8393,0.8773,0.845658949305093,0.8765307460170182,0.8385743639998929,0.8768579749479956,0.9983767663437816,0.9987606050428252,0.883,0.5942217165988852,0.6734509094752787,0.0,0.0,647.0784281229911,77754.77118143786,48000,8,480000,6.173254614561696,50313435.11514766,1.9875406990426978e-08,1.987540699042698e-09,5031343.511514765,1.9875406990426987e-07
205515_vit_small_patch32_224,205515,128,0.03,10,SGD,28_03,project_28_03conf.csv,vit_small_patch32_224,635.4500817470253,76732.12154425969,0.8459,0.8798,0.852171602286157,0.8794005290160533,0.8447676071346932,0.8792551132425982,0.9984434331934596,0.9987858576888636,0.883,0.608004508906186,0.6794507261371379,0.0,0.0,634.8177783010373,76692.80671511007,48000,8,480000,6.2587356045404725,48685957.17055704,2.0539803633659532e-08,2.053980363365953e-09,4868595.717055704,2.053980363365953e-07
205516_vit_small_patch32_224,205516,128,0.03,10,SGD,28_03,project_28_03conf.csv,vit_small_patch32_224,635.68849903089,76914.49312152289,0.8263,0.8785,0.8369654446928274,0.8792821673386733,0.8272859852302321,0.8785004480556495,0.9982454532157834,0.9987727263426468,0.8818,0.5711343600485568,0.6777643055689377,0.0,0.0,635.056195584902,76875.17829237327,48000,8,480000,6.243887957884846,48820058.261265606,2.0483383994513e-08,2.0483383994513e-09,4882005.826126561,2.0483383994513e-07
205517_vit_small_patch32_224,205517,128,0.03,10,SGD,28_03,project_28_03conf.csv,vit_small_patch32_224,647.9263785770163,77876.40077943372,0.8386,0.8794,0.8461971734895438,0.8794552001545725,0.8380039740127287,0.8790837993087115,0.9983696960669756,0.998781817507294,0.8834,0.593695690906436,0.679048957074076,0.0,0.0,647.2940751310283,77837.0859502841,48000,8,480000,6.166726235185427,50383484.56108351,1.984777370425081e-08,1.984777370425081e-09,5038348.45610835,1.9847773704250815e-07
205518_vit_small_patch32_224,205518,128,0.03,10,SGD,28_03,project_28_03conf.csv,vit_small_patch32_224,645.9454159368761,77603.19946428924,0.8351,0.8783,0.8435169796218304,0.8788659157243903,0.8346535432382316,0.8782679256084645,0.9983343421532612,0.998770706125239,0.8795,0.5869681889750005,0.6771085898391542,0.0,0.0,645.3131124908881,77563.88463513962,48000,8,480000,6.188447139514984,50052991.81078612,1.997882571695756e-08,1.997882571695756e-09,5005299.181078613,1.997882571695756e-07
205519_vit_small_patch32_224,205519,128,0.035,10,SGD,28_03,project_28_03conf.csv,vit_small_patch32_224,641.6678775069304,77208.37031344608,0.8309,0.8784,0.8399975575011227,0.878562528196195,0.8319917491557135,0.8793042682690863,0.998291918006294,0.9987717163191328,0.8818,0.5797000753147512,0.677751394471008,0.0,0.0,641.0355740609424,77169.05548429646,48000,8,480000,6.220109822358493,49468109.782116696,2.0215043679746825e-08,2.021504367974682e-09,4946810.978211669,2.0215043679746825e-07
20552_vit_small_patch32_224,20552,128,0.03,10,SGD,28_03,project_28_03conf.csv,vit_small_patch32_224,640.5130188809708,77179.34942627329,0.8385,0.8774,0.8445423015999113,0.8772164099401232,0.8390095712991633,0.8777112982663869,0.9983686854503544,0.9987616150849128,0.8819,0.5931743188681976,0.6747111842144113,0.0,0.0,639.8807154349828,77140.03459712367,48000,8,480000,6.22244989267736,49360420.52668682,2.0259146687361546e-08,2.025914668736154e-09,4936042.052668681,2.0259146687361545e-07
205520_vit_small_patch32_224,205520,128,0.035,10,SGD,28_03,project_28_03conf.csv,vit_small_patch32_224,642.531666219933,77291.68282789139,0.8353,0.8741,0.8429195618468591,0.8738163292080486,0.8354423119572801,0.8735178296405423,0.9983363622915143,0.998728281800253,0.878,0.5872485736968023,0.6663469261943133,0.0,0.0,641.899362773945,77252.36799874177,48000,8,480000,6.213401769222374,49588245.79117064,2.0166069278015343e-08,2.016606927801534e-09,4958824.579117064,2.0166069278015347e-07
20553_vit_small_patch32_224,20553,128,0.03,10,SGD,28_03,project_28_03conf.csv,vit_small_patch32_224,629.630714260973,76317.1940483478,0.8478,0.8809,0.8510070384021249,0.880810874797594,0.8474420546818822,0.8802581110333958,0.9984626248523284,0.9987969685933792,0.8819,0.6104757107787807,0.6821761458124531,0.0,0.0,628.998410814985,76277.87921919818,48000,8,480000,6.2927811432805285,47978664.80921303,2.084259751655233e-08,2.0842597516552326e-09,4797866.480921303,2.084259751655233e-07
20554_vit_small_patch32_224,20554,128,0.03,10,SGD,28_03,project_28_03conf.csv,vit_small_patch32_224,650.2445431551896,77756.8981605498,0.837,0.8773,0.8452532961508941,0.8774152588759815,0.8379963653234305,0.8777618067684319,0.9983535341178604,0.9987606051304384,0.8825,0.5918870330209126,0.6748253612632898,0.0,0.0,649.6122397092016,77717.58333140018,48000,8,480000,6.176208515815571,50486293.37269738,1.9807356278224867e-08,1.980735627822487e-09,5048629.337269738,1.980735627822487e-07
20555_vit_small_patch32_224,20555,128,0.03,10,SGD,28_03,project_28_03conf.csv,vit_small_patch32_224,653.3075742898509,78048.89310259584,0.8319,0.8804,0.8460392762816461,0.8805092765795984,0.83358982660797,0.8811568237871823,0.9983020184459004,0.9987919179424732,0.8811,0.5857010522836603,0.682247884925129,0.0,0.0,652.6752708438629,78009.57827344623,48000,8,480000,6.153090564308149,50914922.62803704,1.9640607279433156e-08,1.964060727943315e-09,5091492.262803704,1.9640607279433158e-07
20556_vit_small_patch32_224,20556,128,0.03,10,SGD,28_03,project_28_03conf.csv,vit_small_patch32_224,645.597365914844,77417.24167519488,0.8337,0.8769,0.8394457483671607,0.8781404840516587,0.8334155743922532,0.877174326959613,0.9983202009928828,0.9987565648961148,0.8811,0.5822827259964937,0.6746206470673419,0.0,0.0,644.965062468856,77377.92684604526,48000,8,480000,6.203319468031632,49906059.42197015,2.00376469627608e-08,2.00376469627608e-09,4990605.942197015,2.00376469627608e-07
20557_vit_small_patch32_224,20557,128,0.03,10,SGD,28_03,project_28_03conf.csv,vit_small_patch32_224,655.5435801129788,78271.72657422264,0.8352,0.8797,0.8424722917115113,0.8805969867050062,0.8356906984639971,0.8797394354735191,0.9983353523868712,0.9987848476464842,0.8873,0.5870405894472658,0.6806718533749018,0.0,0.0,654.9112766669908,78232.41174507303,48000,8,480000,6.13556439451363,51235288.65270346,1.951779771903821e-08,1.951779771903821e-09,5123528.865270346,1.951779771903821e-07
20558_vit_small_patch32_224,20558,128,0.03,10,SGD,28_03,project_28_03conf.csv,vit_small_patch32_224,630.7617523591034,76324.83550284457,0.8387,0.8843,0.8454571656268208,0.8830141623706607,0.8377111103175217,0.8828142217408359,0.9983707057698686,0.9988313121982256,0.8816,0.5930405053451258,0.6885393472899028,0.0,0.0,630.1294489131154,76285.52067369495,48000,8,480000,6.292150800846738,48069753.10216547,2.080310248056905e-08,2.0803102480569047e-09,4806975.310216547,2.0803102480569046e-07
20559_vit_small_patch32_224,20559,128,0.03,10,SGD,28_03,project_28_03conf.csv,vit_small_patch32_224,650.4365731729195,77819.16298054824,0.8372,0.8797,0.8465956949361158,0.8801906934993663,0.8373014736976504,0.8792539946378253,0.9983555543644834,0.9987848476047134,0.8835,0.5924781920159093,0.679982380452337,0.0,0.0,649.8042697269315,77779.84815139862,48000,8,480000,6.171264297992446,50541677.4274912,1.9785651187272798e-08,1.9785651187272795e-09,5054167.74274912,1.97856511872728e-07
20561_vit_small_patch32_224,20561,128,0.035,10,SGD,28_03,project_28_03conf.csv,vit_small_patch32_224,650.8542107110843,78080.41793094767,0.8382,0.8816,0.842865692164197,0.88114623485134,0.8386374330963371,0.8807525282340284,0.9983656553186054,0.9988040394914884,0.8816,0.5915206483286649,0.6833666179447887,0.0,0.0,650.2219072650963,78041.10310179806,48000,8,480000,6.150605013538575,50744034.903923154,1.970674980602868e-08,1.9706749806028675e-09,5074403.490392315,1.970674980602868e-07
205610_vit_small_patch32_224,205610,128,0.035,10,SGD,28_03,project_28_03conf.csv,vit_small_patch32_224,642.0164728721138,77139.11652664068,0.838,0.8771,0.8437391835732799,0.8764741975517611,0.8371583175015758,0.8767377260385187,0.9983636350646355,0.9987585848731092,0.8828,0.5909470746883899,0.6731602552923934,0.0,0.0,641.3841694261258,77099.80169749106,48000,8,480000,6.225696946450381,49450592.27466431,2.022220470981788e-08,2.022220470981788e-09,4945059.227466431,2.0222204709817883e-07
205611_vit_small_patch32_224,205611,128,0.035,10,SGD,28_03,project_28_03conf.csv,vit_small_patch32_224,638.2641423428431,76790.98881231011,0.8324,0.8848,0.8444599022280634,0.8852779959772752,0.8340042740191371,0.8853249757937587,0.9983070691108068,0.9988363625391704,0.8802,0.5852528359982447,0.6926627684347083,0.0,0.0,637.6318388968551,76751.6739831605,48000,8,480000,6.2539352575595055,48939311.02029454,2.0433471153390616e-08,2.043347115339061e-09,4893931.102029454,2.0433471153390617e-07
205612_vit_small_patch32_224,205612,128,0.035,10,SGD,28_03,project_28_03conf.csv,vit_small_patch32_224,648.5601284219883,77684.1269660748,0.8383,0.8789,0.8441034693777112,0.8789954988418994,0.8393397326261979,0.879225054302672,0.9983666652437266,0.9987767666111028,0.8809,0.5929567338525294,0.678413688396504,0.0,0.0,647.9278249760004,77644.81213692517,48000,8,480000,6.181997055431456,50308234.24854808,1.9877461710532216e-08,1.9877461710532213e-09,5030823.424854808,1.9877461710532219e-07
205613_vit_small_patch32_224,205613,128,0.035,10,SGD,28_03,project_28_03conf.csv,vit_small_patch32_224,641.2489085299894,76997.02813138187,0.8259,0.8798,0.8353881976258206,0.8802981758068021,0.8268367646446171,0.8806754206047341,0.9982414128300208,0.9987858576804624,0.8773,0.5694704105875935,0.6812429475328214,0.0,0.0,640.6166050840014,76957.71330223225,48000,8,480000,6.237191561486755,49300389.030703925,2.0283815597828392e-08,2.0283815597828393e-09,4930038.903070392,2.0283815597828394e-07
205614_vit_small_patch32_224,205614,128,0.035,10,SGD,28_03,project_28_03conf.csv,vit_small_patch32_224,653.3351000598632,78088.58760708469,0.8409,0.8789,0.8476871258397981,0.8782807707817128,0.8399122837809887,0.8786651633106871,0.998392927973215,0.9987767666722586,0.8824,0.5977441973293819,0.6774303943599955,0.0,0.0,652.7027966138752,78049.27277793507,48000,8,480000,6.149961209320819,50942978.61583742,1.9629790545641843e-08,1.9629790545641844e-09,5094297.861583741,1.962979054564185e-07
205615_vit_small_patch32_224,205615,128,0.035,10,SGD,28_03,project_28_03conf.csv,vit_small_patch32_224,650.8252301139291,77886.81178348356,0.8393,0.8787,0.8460078387340277,0.8790819738020574,0.8379692927063137,0.8784858118773926,0.9983767664775404,0.9987747465695436,0.8814,0.5940379357364763,0.6777543375816154,0.0,0.0,650.1929266679412,77847.49695433394,48000,8,480000,6.16590152258296,50615891.87851202,1.9756640906381625e-08,1.9756640906381624e-09,5061589.187851202,1.9756640906381627e-07
205616_vit_small_patch32_224,205616,128,0.035,10,SGD,28_03,project_28_03conf.csv,vit_small_patch32_224,637.0798966139555,76732.29905763672,0.8276,0.8764,0.8377453069488964,0.8764905793746743,0.8286601607383026,0.8765596357846228,0.9982585845388662,0.9987515142053588,0.885,0.5735245318567218,0.6724941959264745,0.0,0.0,636.4475931679675,76692.9842284871,48000,8,480000,6.258721118087712,48811065.22508951,2.048715788906789e-08,2.048715788906789e-09,4881106.522508951,2.0487157889067893e-07
205617_vit_small_patch32_224,205617,128,0.035,10,SGD,28_03,project_28_03conf.csv,vit_small_patch32_224,629.133600810077,76389.89217548615,0.8413,0.8788,0.8482812417570895,0.879143490424265,0.8404315559943943,0.8788080074880783,0.9983969688093496,0.9987757568978776,0.8837,0.5988200825889282,0.6781282090279561,0.0,0.0,628.501297364089,76350.57734633653,48000,8,480000,6.286789395483615,47986436.91666974,2.0839221752107533e-08,2.083922175210753e-09,4798643.691666974,2.0839221752107534e-07
205618_vit_small_patch32_224,205618,128,0.035,10,SGD,28_03,project_28_03conf.csv,vit_small_patch32_224,647.6401351920795,77636.33983298375,0.8361,0.8788,0.843284761150646,0.8783078412241995,0.835459949294735,0.878588578638406,0.9983444431711312,0.9987757566341736,0.88,0.5880828521619436,0.6773144696731495,0.0,0.0,647.0078317460915,77597.02500383413,48000,8,480000,6.185804159067732,50205882.897677965,1.9917984552488574e-08,1.991798455248857e-09,5020588.289767796,1.9917984552488578e-07
205619_vit_small_patch32_224,205619,128,0.035,10,SGD,28_03,project_28_03conf.csv,vit_small_patch32_224,626.7367845519911,76138.1232615846,0.8309,0.8784,0.8399975575011227,0.878562528196195,0.8319917491557135,0.8793042682690863,0.998291918006294,0.9987717163191328,0.8818,0.5797000753147512,0.677751394471008,0.0,0.0,626.1044811060032,76098.80843243498,48000,8,480000,6.307588908256985,47645804.96637484,2.098820663657025e-08,2.0988206636570247e-09,4764580.496637484,2.0988206636570245e-07
20562_vit_small_patch32_224,20562,128,0.035,10,SGD,28_03,project_28_03conf.csv,vit_small_patch32_224,645.5607169282157,77472.33647808492,0.8387,0.8783,0.8441934733018437,0.8778759683732065,0.8388132156177162,0.8787767969878792,0.9983707056541308,0.998770706001908,0.8811,0.5929331432115031,0.6767377772809161,0.0,0.0,644.9284134822277,77433.0216489353,48000,8,480000,6.198905709455805,49938755.80318284,2.0024527722339957e-08,2.002452772233995e-09,4993875.580318283,2.0024527722339962e-07
205620_vit_small_patch32_224,205620,128,0.035,10,SGD,28_03,project_28_03conf.csv,vit_small_patch32_224,642.5336772098672,77238.88019416944,0.8353,0.8741,0.8429195618468591,0.8738163292080486,0.8354423119572801,0.8735178296405423,0.9983363622915143,0.998728281800253,0.878,0.5872485736968023,0.6663469261943133,0.0,0.0,641.9013737638792,77199.56536501982,48000,8,480000,6.217651585607172,49554507.06178061,2.017979916041299e-08,2.017979916041299e-09,4955450.706178062,2.017979916041299e-07
20563_vit_small_patch32_224,20563,128,0.035,10,SGD,28_03,project_28_03conf.csv,vit_small_patch32_224,646.2115456240717,77610.1415301486,0.8411,0.8826,0.8464006946257964,0.8816302110091204,0.8401308781985635,0.8821758441575197,0.9983949480225688,0.9988141403263032,0.8818,0.5971356030677505,0.6856306609588152,0.0,0.0,645.5792421780837,77570.82670099898,48000,8,480000,6.187893315230305,50078115.51675838,1.9968802533421118e-08,1.9968802533421115e-09,5007811.551675838,1.996880253342112e-07
20564_vit_small_patch32_224,20564,128,0.035,10,SGD,28_03,project_28_03conf.csv,vit_small_patch32_224,635.9853320058901,76797.62623544617,0.8306,0.8766,0.8395091677100802,0.8769995377387864,0.8312645458575655,0.8770819551931227,0.9982888876046968,0.9987535344180613,0.8821,0.5786458791065157,0.6734406631335097,0.0,0.0,635.3530285599021,76758.31140629655,48000,8,480000,6.25339446902717,48768625.61913459,2.0504986296100285e-08,2.0504986296100284e-09,4876862.561913459,2.0504986296100285e-07
20565_vit_small_patch32_224,20565,128,0.035,10,SGD,28_03,project_28_03conf.csv,vit_small_patch32_224,633.6994159310125,76811.9548253634,0.8359,0.8834,0.8512780704413493,0.8836362721457743,0.838334433252291,0.8840900272465562,0.998342422528092,0.9988222210041168,0.8801,0.5955559960342242,0.6893116475659437,0.0,0.0,633.0671124850245,76772.63999621378,48000,8,480000,6.252227356303917,48602233.52025536,2.0575186109157768e-08,2.057518610915777e-09,4860223.352025537,2.0575186109157766e-07
20566_vit_small_patch32_224,20566,128,0.035,10,SGD,28_03,project_28_03conf.csv,vit_small_patch32_224,649.7324867700227,77938.00350865524,0.8368,0.8762,0.8445642518490085,0.8769156062755914,0.8369736052960544,0.8762523658814206,0.9983515141433464,0.99874949418472,0.8845,0.590540394398034,0.6724296021261303,0.0,0.0,649.1001833240347,77898.68867950562,48000,8,480000,6.161849552754838,50564053.102569,1.9776895613401552e-08,1.977689561340155e-09,5056405.3102569,1.9776895613401554e-07
20567_vit_small_patch32_224,20567,128,0.035,10,SGD,28_03,project_28_03conf.csv,vit_small_patch32_224,650.8777659831103,77882.62315075813,0.8298,0.8791,0.840245316983071,0.8791185191236062,0.830595498366373,0.8792827371872243,0.9982808068946932,0.9987787870362422,0.8859,0.5781251004360608,0.6787089333204037,0.0,0.0,650.2454625371223,77843.3083216085,48000,8,480000,6.166233300579761,50617258.02500415,1.9756107679835512e-08,1.9756107679835507e-09,5061725.802500415,1.975610767983551e-07
20568_vit_small_patch32_224,20568,128,0.035,10,SGD,28_03,project_28_03conf.csv,vit_small_patch32_224,632.1934666240122,76805.59907620224,0.8337,0.8837,0.8432397023380233,0.8821354435434963,0.8325628379256702,0.8823452809962857,0.99832020067904,0.9988252515873264,0.8826,0.584315932978608,0.6870181453832964,0.0,0.0,631.5611631780242,76766.28424705262,48000,8,480000,6.2527450000737685,48482603.77192339,2.0625954924044466e-08,2.0625954924044464e-09,4848260.37719234,2.0625954924044465e-07
20569_vit_small_patch32_224,20569,128,0.035,10,SGD,28_03,project_28_03conf.csv,vit_small_patch32_224,621.7678869750816,76196.32778504881,0.8315,0.8831,0.843712511020756,0.8835988018344854,0.8312739434892785,0.8832963227842628,0.9982979785652056,0.998819191063932,0.881,0.5821851211422534,0.6884276479197688,0.0,0.0,621.1355835290937,76157.01295589919,48000,8,480000,6.302768207019322,47303830.68219519,2.113993698984705e-08,2.113993698984705e-09,4730383.068219518,2.1139936989847055e-07
20571_vit_small_patch32_224,20571,128,0.04,10,SGD,28_03,project_28_03conf.csv,vit_small_patch32_224,636.2318975860253,76721.92831189945,0.8332,0.8813,0.8386537005130615,0.880591681810746,0.8331916562492994,0.8803289253445914,0.9983151502295636,0.9988010091861462,0.8806,0.5812252902064788,0.6823737209068543,0.0,0.0,635.5995941400373,76682.61348274983,48000,8,480000,6.259567562964955,48739438.00723314,2.0517265706912657e-08,2.051726570691266e-09,4873943.800723314,2.0517265706912658e-07
205710_vit_small_patch32_224,205710,128,0.04,10,SGD,28_03,project_28_03conf.csv,vit_small_patch32_224,646.0896818039473,77657.57706175452,0.8357,0.8777,0.8430331629271354,0.8772167565495197,0.8352971628870044,0.8773016215593055,0.9983404027229608,0.998764645483981,0.881,0.5875092583286567,0.674629161544571,0.0,0.0,645.4573783579593,77618.2622326049,48000,8,480000,6.184111653537737,50099280.053357765,1.9960366674630044e-08,1.9960366674630043e-09,5009928.005335777,1.9960366674630045e-07
205711_vit_small_patch32_224,205711,128,0.04,10,SGD,28_03,project_28_03conf.csv,vit_small_patch32_224,653.2975046590436,78076.53416375784,0.8335,0.8832,0.8465557713419508,0.8835576208101006,0.8352005302261675,0.8839268708132682,0.9983181802323944,0.99882020090777,0.879,0.5883298997868762,0.6889656840153003,0.0,0.0,652.6652012130556,78037.21933460822,48000,8,480000,6.150911117704676,50932177.45912943,1.9633953423696657e-08,1.9633953423696652e-09,5093217.745912942,1.963395342369666e-07
205712_vit_small_patch32_224,205712,128,0.04,10,SGD,28_03,project_28_03conf.csv,vit_small_patch32_224,642.0981710280757,76891.75981657128,0.839,0.8768,0.8471938832479675,0.8773276532578592,0.8400348681901356,0.8773710453479314,0.9983737359569572,0.9987555544714108,0.8808,0.5961221142037633,0.6740697922702815,0.0,0.0,641.4658675820878,76852.44498742167,48000,8,480000,6.245734928518682,49298220.29966111,2.0284707924981103e-08,2.0284707924981104e-09,4929822.02996611,2.0284707924981104e-07
205713_vit_small_patch32_224,205713,128,0.04,10,SGD,28_03,project_28_03conf.csv,vit_small_patch32_224,636.9407967668958,76628.93847234947,0.8265,0.876,0.8376641995831604,0.8771214577221145,0.8269159745932947,0.8769444195490383,0.9982474734406008,0.9987474738134552,0.8803,0.5714949724855599,0.6729636467574727,0.0,0.0,636.3084933209078,76589.62364319985,48000,8,480000,6.267167498251803,48734628.02441988,2.051929070842444e-08,2.0519290708424435e-09,4873462.802441988,2.0519290708424442e-07
205714_vit_small_patch32_224,205714,128,0.04,10,SGD,28_03,project_28_03conf.csv,vit_small_patch32_224,657.4560046789702,78233.52168459793,0.8325,0.877,0.8393125380184222,0.8765916454316034,0.83144217724989,0.8764341039200226,0.9983080794186896,0.9987575747373064,0.8782,0.5799687460451933,0.6729398936555262,0.0,0.0,656.8237012329822,78194.20685544831,48000,8,480000,6.138562168516391,51359808.36177299,1.9470477634108503e-08,1.94704776341085e-09,5135980.8361773,1.9470477634108506e-07
205715_vit_small_patch32_224,205715,128,0.04,10,SGD,28_03,project_28_03conf.csv,vit_small_patch32_224,645.8138678348623,77376.28405313376,0.8361,0.8754,0.8416399223956778,0.8755633919095299,0.8347857271639395,0.8748214912228076,0.9983444432213372,0.9987414132115838,0.8804,0.5864621269771181,0.6696789366203684,0.0,0.0,645.1815643888743,77336.96922398414,48000,8,480000,6.206604743066915,49896386.78902432,2.0041531348317383e-08,2.0041531348317374e-09,4989638.678902431,2.004153134831738e-07
205716_vit_small_patch32_224,205716,128,0.04,10,SGD,28_03,project_28_03conf.csv,vit_small_patch32_224,644.765721393982,77281.08632469972,0.8297,0.87,0.8365287898685025,0.8697918748556197,0.8305730306241145,0.8700140995023253,0.998279796676154,0.9986868676917204,0.8831,0.5754824571749413,0.6574916307214965,0.0,0.0,644.133417947994,77241.7714955501,48000,8,480000,6.214254162045633,49754006.28178662,2.0098883984063584e-08,2.0098883984063583e-09,4975400.628178662,2.0098883984063586e-07
205717_vit_small_patch32_224,205717,128,0.04,10,SGD,28_03,project_28_03conf.csv,vit_small_patch32_224,650.3856646588538,77729.62545778572,0.8361,0.8795,0.8439903163759095,0.8798751854323291,0.8359531736328109,0.8793204874573152,0.9983444435277404,0.9987828276088634,0.8826,0.58892235917767,0.6796341175879016,0.0,0.0,649.7533612128658,77690.3106286361,48000,8,480000,6.17837663559393,50479540.46462794,1.9810006010271047e-08,1.9810006010271047e-09,5047954.046462794,1.981000601027105e-07
205718_vit_small_patch32_224,205718,128,0.04,10,SGD,28_03,project_28_03conf.csv,vit_small_patch32_224,644.1348828149494,76989.01603193065,0.8289,0.8754,0.8358830598000863,0.8753964638050148,0.8285306101567685,0.8753849540227503,0.9982717158424682,0.9987414131734164,0.8799,0.573066455749407,0.6699825113446162,0.0,0.0,643.5025793689614,76949.70120278103,48000,8,480000,6.237840985699012,49517331.20566046,2.0194949437939162e-08,2.019494943793916e-09,4951733.120566046,2.019494943793916e-07
205719_vit_small_patch32_224,205719,128,0.04,10,SGD,28_03,project_28_03conf.csv,vit_small_patch32_224,644.8965238081291,77124.6385820154,0.8327,0.8757,0.8430541347914899,0.8761915191280926,0.8337541192316809,0.8765195575579432,0.9983100998370964,0.9987444435729292,0.8794,0.5843156049110556,0.6716923188391981,0.0,0.0,644.2642203621411,77085.32375286578,48000,8,480000,6.226866239011614,49663316.00900331,2.013558659310452e-08,2.0135586593104515e-09,4966331.600900332,2.0135586593104518e-07
20572_vit_small_patch32_224,20572,128,0.04,10,SGD,28_03,project_28_03conf.csv,vit_small_patch32_224,643.5453101398889,77262.56603397541,0.8355,0.8755,0.8419746519876878,0.875840677511285,0.8358500977019798,0.8754721572555081,0.9983383823937044,0.9987424231490348,0.8808,0.5870182958533412,0.6704665236403761,0.0,0.0,642.9130066939009,77223.25120482579,48000,8,480000,6.215744513616181,49647832.61877296,2.014186616520854e-08,2.0141866165208542e-09,4964783.2618772965,2.0141866165208538e-07
205720_vit_small_patch32_224,205720,128,0.04,10,SGD,28_03,project_28_03conf.csv,vit_small_patch32_224,643.6855655219406,77057.21173656167,0.8378,0.8744,0.8439860451081656,0.8737458892904715,0.8376451379382948,0.8736555660088482,0.9983616148371806,0.998731312105733,0.8797,0.5913213622106193,0.6666290092459212,0.0,0.0,643.0532620759526,77017.89690741205,48000,8,480000,6.232317672566904,49526609.844540745,2.0191165984082165e-08,2.0191165984082163e-09,4952660.984454074,2.019116598408217e-07
20573_vit_small_patch32_224,20573,128,0.04,10,SGD,28_03,project_28_03conf.csv,vit_small_patch32_224,647.5106205230113,77587.65240357709,0.8438,0.8851,0.8472049333376028,0.8848693787824599,0.8433644731514494,0.8849153567140265,0.99842222077486,0.9988393928747208,0.8771,0.601946006406955,0.6922594628658765,0.0,0.0,646.8783170770233,77548.33757442747,48000,8,480000,6.189687812963331,50164338.102266535,1.9934480107389632e-08,1.993448010738963e-09,5016433.810226653,1.9934480107389638e-07
20574_vit_small_patch32_224,20574,128,0.04,10,SGD,28_03,project_28_03conf.csv,vit_small_patch32_224,627.2109252358787,76363.46548404552,0.8256,0.873,0.8341283721633878,0.8730402413248237,0.8259235028108892,0.8733416149260442,0.9982383825162876,0.9987171707544068,0.8803,0.5677755245784106,0.6647757635385331,0.0,0.0,626.5786217898907,76324.1506548959,48000,8,480000,6.288966151360767,47823081.12662866,2.0910405110706763e-08,2.0910405110706764e-09,4782308.112662866,2.0910405110706766e-07
20575_vit_small_patch32_224,20575,128,0.04,10,SGD,28_03,project_28_03conf.csv,vit_small_patch32_224,642.0991003080271,77260.43955522636,0.8341,0.8785,0.8513786752603313,0.8794749289129008,0.8362897262386676,0.8792734628873882,0.9983242406911058,0.998772726003432,0.8801,0.5928833679314179,0.6785094016935783,0.0,0.0,641.4667968620391,77221.12472607674,48000,8,480000,6.215915679843875,49534787.52812046,2.018783263039756e-08,2.018783263039756e-09,4953478.752812046,2.018783263039756e-07
20576_vit_small_patch32_224,20576,128,0.04,10,SGD,28_03,project_28_03conf.csv,vit_small_patch32_224,643.6918657219503,77485.08507447636,0.8342,0.875,0.8435038828350152,0.8756532910116809,0.8345132694857114,0.8751450019721397,0.998325251501022,0.9987373729651856,0.8797,0.5862226232887797,0.6696865176690293,0.0,0.0,643.0595622759623,77445.77024532674,48000,8,480000,6.197885287724469,49802243.11408456,2.00794168589806e-08,2.00794168589806e-09,4980224.311408456,2.0079416858980605e-07
20577_vit_small_patch32_224,20577,128,0.04,10,SGD,28_03,project_28_03conf.csv,vit_small_patch32_224,648.0696898510214,77837.92247823876,0.8186,0.8797,0.8308232702188597,0.8800965003111381,0.8187684106575207,0.8799556539861783,0.9981676755035098,0.9987848476464842,0.8808,0.5558338256533365,0.6804521916974378,0.0,0.0,647.4373864050334,77798.60764908914,48000,8,480000,6.169776227423522,50369727.20227692,1.985319467751249e-08,1.985319467751248e-09,5036972.720227691,1.985319467751249e-07
20578_vit_small_patch32_224,20578,128,0.04,10,SGD,28_03,project_28_03conf.csv,vit_small_patch32_224,643.215540416073,77336.251760709,0.8398,0.8807,0.8479092600866176,0.8792307253408922,0.8384815650999166,0.879048739384194,0.998381816889851,0.9987949485328288,0.8798,0.5960949326833574,0.6798610261349418,0.0,0.0,642.5832369700851,77296.93693155938,48000,8,480000,6.209819160428101,49669715.94135394,2.013299212704821e-08,2.013299212704821e-09,4966971.594135394,2.0132992127048213e-07
20579_vit_small_patch32_224,20579,128,0.04,10,SGD,28_03,project_28_03conf.csv,vit_small_patch32_224,634.322007086128,76613.25137299777,0.832,0.8781,0.843875865623878,0.8786763422348447,0.8327137625287928,0.8782614982196028,0.998303029073914,0.998768685976846,0.8786,0.5836601253535907,0.6768020609896548,0.0,0.0,633.68970364014,76573.93654384815,48000,8,480000,6.2684514035025485,48524115.15503002,2.0608309843571452e-08,2.060830984357145e-09,4852411.515503002,2.0608309843571453e-07
20581_vit_small_patch32_224,20581,128,0.025,10,SGD,28_03,project_28_03conf.csv,vit_small_patch32_224,648.9758503199555,77653.39204470672,0.8343,0.8792,0.8378522213607592,0.8786673021423548,0.8342235343004916,0.8782881998991013,0.9983262613491528,0.9987797970487486,0.8813,0.5821630029520986,0.6776710633918481,0.0,0.0,648.3435468739675,77614.0772155571,48000,8,480000,6.18444510609717,50320586.10928428,1.9872582521758374e-08,1.987258252175837e-09,5032058.610928428,1.9872582521758374e-07
205810_vit_small_patch32_224,205810,128,0.025,10,SGD,28_03,project_28_03conf.csv,vit_small_patch32_224,655.4745036959648,78117.98927542128,0.8415,0.8794,0.8471614845179978,0.8785243140141552,0.840873601596499,0.8788540317909355,0.998398988628054,0.9987818172147844,0.8787,0.5984876236168954,0.6781529005939879,0.0,0.0,654.8422002499768,78078.67444627166,48000,8,480000,6.147645351360349,51129210.966998175,1.9558291260263323e-08,1.955829126026332e-09,5112921.096699817,1.9558291260263325e-07
205811_vit_small_patch32_224,205811,128,0.025,10,SGD,28_03,project_28_03conf.csv,vit_small_patch32_224,648.479605556,77701.40023125385,0.8358,0.8822,0.8476532866198415,0.8828857018423641,0.8371028348082098,0.882640671879812,0.9983414125775324,0.9988100998881446,0.8838,0.5920774439665487,0.68665470153025,0.0,0.0,647.847302110012,77662.08540210423,48000,8,480000,6.180622082380942,50313172.503990576,1.987551073072733e-08,1.987551073072733e-09,5031317.250399058,1.987551073072733e-07
205812_vit_small_patch32_224,205812,128,0.025,10,SGD,28_03,project_28_03conf.csv,vit_small_patch32_224,644.9595628040843,77341.0348044072,0.8437,0.8818,0.8483286983332815,0.8816878046985839,0.8445952096320575,0.8823033040942589,0.9984212107457916,0.9988060595659154,0.8796,0.6035518991193061,0.6851473815842491,0.0,0.0,644.3272593580963,77301.71997525758,48000,8,480000,6.209434927885646,49807605.375324726,2.0077255119263612e-08,2.007725511926361e-09,4980760.537532473,2.007725511926361e-07
205813_vit_small_patch32_224,205813,128,0.025,10,SGD,28_03,project_28_03conf.csv,vit_small_patch32_224,647.0384944521356,77461.06729621356,0.8312,0.8803,0.8395806109149595,0.8804953769523718,0.8319417551215732,0.8812399206299909,0.998294948223478,0.9987909081892792,0.8847,0.5795884610257511,0.682223264157984,0.0,0.0,646.4061910061477,77421.75246706394,48000,8,480000,6.199807995875542,50045900.11325561,1.9981656793802597e-08,1.9981656793802595e-09,5004590.011325562,1.998165679380259e-07
205814_vit_small_patch32_224,205814,128,0.025,10,SGD,28_03,project_28_03conf.csv,vit_small_patch32_224,648.5627501441631,77596.29966752027,0.8364,0.8783,0.8425732238978287,0.8772821239521863,0.8353195862661659,0.8777369340561608,0.9983474733904336,0.9987707060612212,0.8831,0.5877005072973673,0.675479747023893,0.0,0.0,647.9304466981752,77556.98483837066,48000,8,480000,6.188997689896321,50251531.8308891,1.9899890880247962e-08,1.989989088024796e-09,5025153.18308891,1.989989088024796e-07
205815_vit_small_patch32_224,205815,128,0.025,10,SGD,28_03,project_28_03conf.csv,vit_small_patch32_224,636.7441471088678,76622.69990710476,0.8457,0.8792,0.8497795986761418,0.8794147832301276,0.8448993870819612,0.8786382130406258,0.998441412989947,0.9987797970783252,0.8842,0.6062478512198578,0.6785178507328125,0.0,0.0,636.1118436628798,76583.38507795514,48000,8,480000,6.267678028483623,48715598.27588232,2.0527306148163864e-08,2.0527306148163863e-09,4871559.827588232,2.052730614816386e-07
205816_vit_small_patch32_224,205816,128,0.025,10,SGD,28_03,project_28_03conf.csv,vit_small_patch32_224,643.4440060930792,77176.74626653068,0.8307,0.8788,0.8390802035486504,0.8795545969576449,0.8314886096723584,0.8788517637955552,0.99828989769391,0.9987757566479732,0.8817,0.5785763347394086,0.6784790964380893,0.0,0.0,642.8117026470912,77137.43143738106,48000,8,480000,6.222659881923296,49584843.64008618,2.0167452926917448e-08,2.016745292691745e-09,4958484.3640086185,2.0167452926917447e-07
205817_vit_small_patch32_224,205817,128,0.025,10,SGD,28_03,project_28_03conf.csv,vit_small_patch32_224,649.4801748329774,77691.6584859438,0.8355,0.8784,0.8422188202989627,0.8782055240801709,0.835064488057172,0.8781232763244143,0.998338382918324,0.9987717164916,0.8827,0.5866366340636334,0.6765660733736509,0.0,0.0,648.8478713869894,77652.34365679418,48000,8,480000,6.181397462019841,50384557.88992189,1.9847350892405546e-08,1.984735089240554e-09,5038455.788992189,1.9847350892405545e-07
205818_vit_small_patch32_224,205818,128,0.025,10,SGD,28_03,project_28_03conf.csv,vit_small_patch32_224,650.5745168731082,77905.33622856108,0.8331,0.88,0.8405988073958395,0.87977255070084,0.832677965961849,0.879986586828029,0.9983141401175216,0.9987878778556176,0.8786,0.5821436963638897,0.6804596775715908,0.0,0.0,649.9422134271202,77866.02139941146,48000,8,480000,6.164434645220335,50608414.299096994,1.9759560022765683e-08,1.975956002276568e-09,5060841.4299097,1.975956002276568e-07
205819_vit_small_patch32_224,205819,128,0.025,10,SGD,28_03,project_28_03conf.csv,vit_small_patch32_224,644.9360129481647,77388.1239259584,0.8437,0.8815,0.8491102683595899,0.8820348343654756,0.8447594706377594,0.8823060818395217,0.9984212110253324,0.9988030294721812,0.8831,0.6042254449343077,0.6851839440994485,0.0,0.0,644.3037095021767,77348.80909680878,48000,8,480000,6.205654690807691,49836124.62664961,2.0065765696902823e-08,2.0065765696902822e-09,4983612.462664962,2.0065765696902826e-07
20582_vit_small_patch32_224,20582,128,0.025,10,SGD,28_03,project_28_03conf.csv,vit_small_patch32_224,648.3948369340505,77514.18254930952,0.8408,0.8831,0.8471104497227349,0.8827368095115317,0.8409095381186715,0.8835061066336479,0.9983919177937858,0.9988191908925476,0.8825,0.5979750686166397,0.6879193969686597,0.0,0.0,647.7625334880626,77474.8677201599,48000,8,480000,6.195557528846198,50185316.5960633,1.9926147084991057e-08,1.992614708499106e-09,5018531.65960633,1.9926147084991057e-07
205820_vit_small_patch32_224,205820,128,0.025,10,SGD,28_03,project_28_03conf.csv,vit_small_patch32_224,640.5517644488718,76908.7589300514,0.8325,0.8828,0.8385527195094327,0.882621076673871,0.8329798523174964,0.8822423101935374,0.9983080794403684,0.9988161606591712,0.8817,0.5805153353529557,0.6866098994083683,0.0,0.0,639.9194610028838,76869.44410090178,48000,8,480000,6.244353730071648,49190253.23664037,2.0329230573164223e-08,2.0329230573164222e-09,4919025.3236640375,2.0329230573164224e-07
20583_vit_small_patch32_224,20583,128,0.025,10,SGD,28_03,project_28_03conf.csv,vit_small_patch32_224,648.2747133900411,77493.66372692748,0.8449,0.883,0.8479685705495068,0.8824949833879892,0.8446383807699002,0.8827419288107915,0.9984333318961636,0.9988181807340502,0.883,0.6041919700615126,0.6870575922710381,0.0,0.0,647.6424099440532,77454.34889777786,48000,8,480000,6.19719882525242,50162721.18080437,1.9935122666006153e-08,1.993512266600615e-09,5016272.118080437,1.9935122666006148e-07
20584_vit_small_patch32_224,20584,128,0.025,10,SGD,28_03,project_28_03conf.csv,vit_small_patch32_224,632.8167427531444,76333.43682626545,0.8314,0.8793,0.837663993766045,0.8791319023087689,0.8321643184003829,0.8795458896951844,0.9982969684188422,0.9987808071658022,0.8821,0.5785604079330762,0.6790782252973525,0.0,0.0,632.1844393071564,76294.12199711583,48000,8,480000,6.291441430024525,48231956.73717845,2.073314183476147e-08,2.0733141834761473e-09,4823195.673717845,2.0733141834761472e-07
20585_vit_small_patch32_224,20585,128,0.025,10,SGD,28_03,project_28_03conf.csv,vit_small_patch32_224,650.8467557909898,77723.82017947872,0.8376,0.8829,0.8497258091431367,0.8835496044152028,0.8391004153495577,0.8836219734167046,0.9983595942630236,0.9988171704938426,0.8828,0.5962335500174928,0.6884857571484378,0.0,0.0,650.2144523450019,77684.5053503291,48000,8,480000,6.178838338937387,50511588.1020566,1.979743733219278e-08,1.979743733219278e-09,5051158.810205661,1.979743733219278e-07
20586_vit_small_patch32_224,20586,128,0.025,10,SGD,28_03,project_28_03conf.csv,vit_small_patch32_224,644.0174141360912,76946.28321666311,0.8418,0.8781,0.8459377524861554,0.8787666534594244,0.8416269504557163,0.8782300450336689,0.9984020192247388,0.998768686115649,0.8847,0.5983735844734556,0.6768473826609985,0.0,0.0,643.3851106901033,76906.9683875135,48000,8,480000,6.241306998104636,49480798.36884064,2.0209859843929404e-08,2.0209859843929403e-09,4948079.836884065,2.02098598439294e-07
20587_vit_small_patch32_224,20587,128,0.025,10,SGD,28_03,project_28_03conf.csv,vit_small_patch32_224,644.6828819289804,77208.16182811631,0.8289,0.8809,0.836241120352885,0.8814389683905006,0.8295491367325646,0.8811353737663665,0.9982717159793304,0.9987969688669682,0.8842,0.5740167177090125,0.6833429356220376,0.0,0.0,644.0505784829924,77168.84699896669,48000,8,480000,6.220126627088614,49700640.55055003,2.0120465026661173e-08,2.012046502666117e-09,4970064.055055003,2.0120465026661173e-07
20588_vit_small_patch32_224,20588,128,0.025,10,SGD,28_03,project_28_03conf.csv,vit_small_patch32_224,645.6221593411174,77315.76386132976,0.8413,0.8848,0.8472643157593573,0.8834901052816002,0.8400169113426281,0.8834157270508709,0.9983969684170994,0.9988363627073086,0.8823,0.5978071259353233,0.6897731338946972,0.0,0.0,644.9898558951294,77276.44903218014,48000,8,480000,6.211465537192504,49842525.72535318,2.0063188721821423e-08,2.006318872182142e-09,4984252.572535318,2.006318872182142e-07
20589_vit_small_patch32_224,20589,128,0.025,10,SGD,28_03,project_28_03conf.csv,vit_small_patch32_224,643.280505286064,77106.51116891208,0.8364,0.8845,0.8454117306493822,0.8845701545980924,0.8365444577541515,0.8845352888922866,0.9983474735505496,0.998833332488316,0.8805,0.5905450632635114,0.6912550392295548,0.0,0.0,642.648201840076,77067.19633976246,48000,8,480000,6.228330895597226,49527095.14860444,2.0190968135715055e-08,2.019096813571506e-09,4952709.514860444,2.019096813571506e-07
20591_vit_small_patch32_224,20591,128,0.02,10,SGD,28_03,project_28_03conf.csv,vit_small_patch32_224,648.5148058061022,77682.4419191328,0.8338,0.879,0.8357300192620734,0.8780900295272928,0.8332625237235094,0.8778386609007307,0.9983212108402486,0.998777776845187,0.8792,0.5796689542664263,0.6767238694845812,0.0,0.0,647.8825023601142,77643.12708998319,48000,8,480000,6.182131219981804,50303623.47012268,1.9879283658242627e-08,1.987928365824262e-09,5030362.347012268,1.9879283658242625e-07
205910_vit_small_patch32_224,205910,128,0.02,10,SGD,28_03,project_28_03conf.csv,vit_small_patch32_224,641.6605832718778,77076.77264074008,0.8358,0.881,0.8406974863670774,0.8800736286274937,0.8350305397662697,0.8804642449409741,0.9983414128247724,0.9987979788437752,0.88,0.585765193069253,0.6818428568455275,0.0,0.0,641.0282798258899,77037.45781159046,48000,8,480000,6.230735198634539,49383189.06312339,2.0249806036660847e-08,2.0249806036660847e-09,4938318.90631234,2.024980603666085e-07
205911_vit_small_patch32_224,205911,128,0.02,10,SGD,28_03,project_28_03conf.csv,vit_small_patch32_224,654.1442689690739,78209.23221806005,0.8312,0.8872,0.8406466103991228,0.8876189881440867,0.8329466826477989,0.8878099160772048,0.9982949478872566,0.998860604986271,0.8789,0.5810253445229648,0.6983497687206702,0.0,0.0,653.5119655230859,78169.91738891043,48000,8,480000,6.140469582587728,51084976.3576041,1.957522683381154e-08,1.957522683381154e-09,5108497.635760411,1.957522683381154e-07
205912_vit_small_patch32_224,205912,128,0.02,10,SGD,28_03,project_28_03conf.csv,vit_small_patch32_224,637.2756131067872,76808.58283891655,0.8451,0.8781,0.8479884339241219,0.877543544171406,0.8462672362179098,0.8784484796581163,0.9984353521722528,0.998768685795982,0.8825,0.6055158386728613,0.676073426146017,0.0,0.0,636.6433096607992,76769.26800976694,48000,8,480000,6.25250197694906,48874640.86597494,2.046050840030152e-08,2.046050840030152e-09,4887464.086597495,2.0460508400301518e-07
205913_vit_small_patch32_224,205913,128,0.02,10,SGD,28_03,project_28_03conf.csv,vit_small_patch32_224,649.3318374680821,77617.41933984192,0.8315,0.8777,0.8392755600003398,0.8780907133182732,0.832495958719764,0.8786242461698983,0.9982979785287678,0.9987646455434324,0.88,0.5799748425734086,0.6763193714540208,0.0,0.0,648.6995340220941,77578.1045106923,48000,8,480000,6.187312812390814,50324880.24640341,1.987088682782245e-08,1.987088682782245e-09,5032488.02464034,1.9870886827822458e-07
205914_vit_small_patch32_224,205914,128,0.02,10,SGD,28_03,project_28_03conf.csv,vit_small_patch32_224,651.7933651979547,77880.57042891816,0.8361,0.8777,0.8423423349160565,0.8773067082256144,0.8351413104051869,0.8774035479977289,0.9983444430849148,0.9987646454501836,0.8802,0.5872015905662707,0.6747767270683827,0.0,0.0,651.1610617519667,77841.25559976854,48000,8,480000,6.16639590794868,50687194.64445151,1.9728848815061922e-08,1.9728848815061922e-09,5068719.46444515,1.972884881506192e-07
205915_vit_small_patch32_224,205915,128,0.02,10,SGD,28_03,project_28_03conf.csv,vit_small_patch32_224,643.3924124201294,77138.2372965606,0.8434,0.8805,0.8453520509524285,0.8805180857894279,0.8425542679313445,0.8800901313659806,0.998418180649551,0.998792928401158,0.8804,0.5997656248578721,0.681506890314156,0.0,0.0,642.7601089741414,77098.92246741099,48000,8,480000,6.225767943811298,49556111.80694197,2.0179145690358965e-08,2.0179145690358966e-09,4955611.180694196,2.0179145690358965e-07
205916_vit_small_patch32_224,205916,128,0.02,10,SGD,28_03,project_28_03conf.csv,vit_small_patch32_224,638.9803584208712,76884.74776595412,0.8306,0.8781,0.836168166762596,0.878891456284474,0.8312706884982002,0.8783468441225327,0.9982888875921342,0.998768685935544,0.8839,0.5763472966377075,0.6770335379424326,0.0,0.0,638.3480549748832,76845.4329368045,48000,8,480000,6.246304844098392,49054132.64891198,2.0385642269065376e-08,2.0385642269065373e-09,4905413.264891198,2.0385642269065377e-07
205917_vit_small_patch32_224,205917,128,0.02,10,SGD,28_03,project_28_03conf.csv,vit_small_patch32_224,632.6316436559428,76658.6569755924,0.8358,0.8778,0.8435229734939063,0.87814840008794,0.8357130074594055,0.8774310568098889,0.9983414132230322,0.9987656558821836,0.8862,0.5882142353993798,0.6755229267314349,0.0,0.0,631.9993402099548,76619.34214644278,48000,8,480000,6.264736638988293,48423373.68387262,2.065118400317179e-08,2.065118400317179e-09,4842337.368387261,2.065118400317179e-07
205918_vit_small_patch32_224,205918,128,0.02,10,SGD,28_03,project_28_03conf.csv,vit_small_patch32_224,642.7799068880267,77094.59438347055,0.8373,0.8823,0.843400575444922,0.8821060947087715,0.8366703332676515,0.8823055363102987,0.9983565643925748,0.9988111101967184,0.8803,0.5898682655029426,0.6858663103063386,0.0,0.0,642.1476034420388,77055.27955432094,48000,8,480000,6.229294122041552,49480863.09836352,2.020983340593897e-08,2.0209833405938964e-09,4948086.309836352,2.020983340593897e-07
205919_vit_small_patch32_224,205919,128,0.02,10,SGD,28_03,project_28_03conf.csv,vit_small_patch32_224,652.1646053439472,77935.36079290824,0.8441,0.877,0.8487848175353614,0.8774991203142125,0.8452324423651774,0.8779057254700443,0.9984252514321776,0.9987575748951752,0.8792,0.6046209862168765,0.674767645951182,0.0,0.0,651.5323018979592,77896.04596375862,48000,8,480000,6.162058600809103,50751790.13551689,1.9703738475624423e-08,1.970373847562442e-09,5075179.013551689,1.970373847562442e-07
20592_vit_small_patch32_224,20592,128,0.02,10,SGD,28_03,project_28_03conf.csv,vit_small_patch32_224,641.6221028419677,77230.14876847295,0.8398,0.8789,0.8442906310297567,0.8788415782882208,0.8402134098609845,0.8793153280831786,0.9983818167749025,0.998776766613238,0.8856,0.5947769255460488,0.6783645350707079,0.0,0.0,640.9897993959797,77190.83393932333,48000,8,480000,6.2183548940190105,49478537.16197525,2.0210783449930083e-08,2.021078344993008e-09,4947853.716197524,2.021078344993009e-07
205920_vit_small_patch32_224,205920,128,0.02,10,SGD,28_03,project_28_03conf.csv,vit_small_patch32_224,647.804814588977,77558.05388110176,0.8345,0.879,0.8399567898903993,0.8785855694598801,0.8348666319914451,0.8787239938401068,0.9983282814769012,0.9987777767897584,0.8776,0.5842164265420764,0.6777886570743429,0.0,0.0,647.172511142989,77518.73905195214,48000,8,480000,6.192051184918135,50167997.01288996,1.9933026222734472e-08,1.993302622273447e-09,5016799.701288995,1.993302622273447e-07
20593_vit_small_patch32_224,20593,128,0.02,10,SGD,28_03,project_28_03conf.csv,vit_small_patch32_224,647.7703972260933,77690.54214740737,0.8471,0.8838,0.8494846545480766,0.8833341932896813,0.8466243237092175,0.8832036034326711,0.9984555541387714,0.9988262615495438,0.8815,0.6082886297482184,0.6886995893256046,0.0,0.0,647.1380937801054,77651.22731825775,48000,8,480000,6.181486327739472,50251067.22642296,1.9900074867945916e-08,1.990007486794591e-09,5025106.722642297,1.990007486794591e-07
20594_vit_small_patch32_224,20594,128,0.02,10,SGD,28_03,project_28_03conf.csv,vit_small_patch32_224,654.9158086110838,78190.83928779805,0.8339,0.8757,0.8398309317257251,0.8755317549277584,0.8348549969821794,0.8761128346258187,0.9983222209630468,0.9987444435021476,0.8778,0.5836972251673818,0.6708750963897874,0.0,0.0,654.2835051650958,78151.52445864843,48000,8,480000,6.141914739666759,51133253.35680021,1.9556745060247765e-08,1.955674506024776e-09,5113325.335680022,1.9556745060247766e-07
20595_vit_small_patch32_224,20595,128,0.02,10,SGD,28_03,project_28_03conf.csv,vit_small_patch32_224,642.5951956370845,77106.24069746184,0.8395,0.8813,0.8513059136612051,0.8819511405898804,0.8411231685031929,0.881879176220442,0.9983787862020644,0.998801008860966,0.8801,0.6001520457671646,0.6846306790290569,0.0,0.0,641.9628921910966,77066.92586831222,48000,8,480000,6.228352754334563,49474106.62269855,2.0212593379931867e-08,2.0212593379931867e-09,4947410.662269855,2.021259337993187e-07
20596_vit_small_patch32_224,20596,128,0.02,10,SGD,28_03,project_28_03conf.csv,vit_small_patch32_224,636.3005763769615,76825.9530682686,0.8377,0.8778,0.8406500856457114,0.8782100980584573,0.8374569034016609,0.8779255635165625,0.9983606050579968,0.9987656558107654,0.8805,0.5887808544877432,0.6759511294829494,0.0,0.0,635.6682729309736,76786.63823911898,48000,8,480000,6.251087572101364,48810829.71363622,2.048725673926889e-08,2.0487256739268896e-09,4881082.971363622,2.0487256739268895e-07
20597_vit_small_patch32_224,20597,128,0.02,10,SGD,28_03,project_28_03conf.csv,vit_small_patch32_224,634.4591811068822,76644.6654150396,0.8292,0.8832,0.836625570520949,0.8838922847595423,0.8299884252085813,0.8833738294917165,0.9982747462844516,0.998820201206229,0.8794,0.5747944263215813,0.6887954184644752,0.0,0.0,633.8268776608942,76605.35058588999,48000,8,480000,6.265880859873144,48554530.1739728,2.0595400602517632e-08,2.059540060251763e-09,4855453.01739728,2.0595400602517637e-07
20598_vit_small_patch32_224,20598,128,0.02,10,SGD,28_03,project_28_03conf.csv,vit_small_patch32_224,645.1448889339808,77456.73589447032,0.8378,0.8848,0.8434103256356293,0.8835394229812755,0.8363268137866665,0.8834024829162899,0.9983616148535192,0.9988363627073086,0.8815,0.5899879825678245,0.6898012964024048,0.0,0.0,644.5125854879929,77417.4210653207,48000,8,480000,6.200154866887152,49896502.21262244,2.004148498703838e-08,2.004148498703838e-09,4989650.2212622445,2.0041484987038379e-07
20599_vit_small_patch32_224,20599,128,0.02,10,SGD,28_03,project_28_03conf.csv,vit_small_patch32_224,639.3195951331872,76953.5616724488,0.8368,0.8808,0.8423049678267911,0.8807961274157908,0.8369888745912509,0.8812863528918287,0.9983515139575164,0.9987959587238724,0.8794,0.588971391217778,0.6828833499243291,0.0,0.0,638.6872916871993,76914.24684329919,48000,8,480000,6.240716378305378,49124152.00850748,2.0356585490306618e-08,2.0356585490306613e-09,4912415.200850748,2.0356585490306617e-07
306114_vit_b_16,306114,128,0.03,10,SGD,29_04,project_29_04conf.csv,vit_b_16,1982.5353165010456,406566.49781425967,0.7616,0.8702,0.7725149676574757,0.8701602277258274,0.7613179582318184,0.8698796098681402,0.9975919172144216,0.9986888878122144,0.876,0.4468408137230362,0.6578209139142989,0.0,0.0,1981.406291193096,406489.3123631329,48000,8,480000,1.180842854660831,805420480.819067,1.2415874984741594e-09,1.2415874984741594e-10,80542048.08190672,1.2415874984741591e-08
306114_vit_b_16,306114,128,0.03,10,SGD,29_04,project_29_04conf.csv,vit_b_16,1982.576116807002,404258.3180894009,0.7616,0.8702,0.7725149676574757,0.8701602277258274,0.7613179582318184,0.8698796098681402,0.9975919172144216,0.9986888878122144,0.876,0.4468408137230362,0.6578209139142989,0.0,0.0,1981.4470914990525,404181.1326382741,48000,8,480000,1.1875863597759293,800863529.704901,1.248652189678903e-09,1.2486521896789029e-10,80086352.97049011,1.2486521896789031e-08
306115_vit_b_16,306115,128,0.03,10,SGD,29_04,project_29_04conf.csv,vit_b_16,2005.803599680076,409136.5492938133,0.7749,0.869,0.782235343567753,0.8691717319314446,0.7742205746490112,0.8688198335247748,0.9977262609464492,0.9986767666991776,0.875,0.4682299690858887,0.6553601692534116,0.0,0.0,2004.6745743721265,409059.3638426865,48000,8,480000,1.1734238167558373,820030906.1042705,1.2194662329871331e-09,1.219466232987133e-10,82003090.61042705,1.2194662329871327e-08
306115_vit_b_16,306115,128,0.03,10,SGD,29_04,project_29_04conf.csv,vit_b_16,1994.511165879987,405997.9685854636,0.7749,0.869,0.782235343567753,0.8691717319314446,0.7742205746490112,0.8688198335247748,0.9977262609464492,0.9986767666991776,0.875,0.4682299690858887,0.6553601692534116,0.0,0.0,1993.382140572037,405920.7831343368,48000,8,480000,1.1824967332139462,809155239.587002,1.2358567936980872e-09,1.2358567936980875e-10,80915523.95870021,1.2358567936980872e-08
306311_vit_b_16,306311,64,0.03,10,SGD,29_04,project_29_04conf.csv,vit_b_16,2039.418905793922,416844.9177303956,0.7717,0.8824,0.7885548570008103,0.8831527547722245,0.7724525055600178,0.8826125837205225,0.9976939372195536,0.9988121200920698,0.8758,0.4689748256669934,0.6869976414656157,0.0,0.0,2038.2898804859724,416767.7322792689,48000,8,480000,1.1517206415547552,849493451.2179207,1.1771721118818488e-09,1.177172111881849e-10,84949345.12179205,1.1771721118818493e-08
306311_vit_b_16,306311,64,0.03,10,SGD,29_04,project_29_04conf.csv,vit_b_16,2025.850652021996,413357.0845380531,0.7717,0.8824,0.7885548570008103,0.8831527547722245,0.7724525055600178,0.8826125837205225,0.9976939372195536,0.9988121200920698,0.8758,0.4689748256669934,0.6869976414656157,0.0,0.0,2024.7216267140464,413279.8990869263,48000,8,480000,1.161440469426364,836776749.5674983,1.1950618854035635e-09,1.1950618854035634e-10,83677674.95674984,1.1950618854035633e-08
306312_vit_b_16,306312,64,0.03,10,SGD,29_04,project_29_04conf.csv,vit_b_16,2029.37742246408,415756.81696764927,0.7844,0.8782,0.7962459057249223,0.8783986684096955,0.7848253902596157,0.8788990288693758,0.997822220324969,0.998769695897872,0.8754,0.4891150349222995,0.6771571100939053,0.0,0.0,2028.2483971561303,415679.6315165225,48000,8,480000,1.1547354347116257,843101546.3538376,1.1860967451959983e-09,1.1860967451959986e-10,84310154.63538377,1.1860967451959984e-08
306312_vit_b_16,306312,64,0.03,10,SGD,29_04,project_29_04conf.csv,vit_b_16,2027.4207651840115,413599.8826494986,0.7844,0.8782,0.7962459057249223,0.8783986684096955,0.7848253902596157,0.8788990288693758,0.997822220324969,0.998769695897872,0.8754,0.4891150349222995,0.6771571100939053,0.0,0.0,2026.291739876062,413522.6971983718,48000,8,480000,1.1607585345423934,837917625.5843307,1.1934347356670523e-09,1.1934347356670524e-10,83791762.55843307,1.1934347356670524e-08
306313_vit_b_16,306313,64,0.03,10,SGD,29_04,project_29_04conf.csv,vit_b_16,2035.807225544937,415999.6619271336,0.7692,0.8739,0.7834126431837122,0.8753537194232516,0.7706178454208288,0.8750015706295632,0.9976686851302056,0.998726261676425,0.8772,0.4632924836786866,0.6684987864800224,0.0,0.0,2034.6782002369875,415922.4764760069,48000,8,480000,1.1540612184917338,846268395.8743123,1.1816582125424423e-09,1.1816582125424423e-10,84626839.58743124,1.1816582125424423e-08
306313_vit_b_16,306313,64,0.03,10,SGD,29_04,project_29_04conf.csv,vit_b_16,2032.049246167008,413862.8033542712,0.7692,0.8739,0.7834126431837122,0.8753537194232516,0.7706178454208288,0.8750015706295632,0.9976686851302056,0.998726261676425,0.8772,0.4632924836786866,0.6684987864800224,0.0,0.0,2030.9202208590584,413785.6179031445,48000,8,480000,1.1600209848578025,840365578.500156,1.1899583057468294e-09,1.1899583057468294e-10,84036557.85001561,1.1899583057468295e-08
306314_vit_b_16,306314,64,0.03,10,SGD,29_04,project_29_04conf.csv,vit_b_16,2039.5922887329943,417089.6147639602,0.789,0.8754,0.8034820734894658,0.87525135780076,0.7892735079290476,0.8751654832470684,0.9978686851184688,0.9987414131078732,0.8751,0.4992914333599421,0.669703509001643,0.0,0.0,2038.4632634250447,417012.4293128334,48000,8,480000,1.1510448280665388,850064517.5458442,1.1763812973714312e-09,1.1763812973714308e-10,85006451.75458443,1.1763812973714313e-08
306314_vit_b_16,306314,64,0.03,10,SGD,29_04,project_29_04conf.csv,vit_b_16,2032.3244299289945,414126.694674869,0.789,0.8754,0.8034820734894658,0.87525135780076,0.7892735079290476,0.8751654832470684,0.9978686851184688,0.9987414131078732,0.8751,0.4992914333599421,0.669703509001643,0.0,0.0,2031.1954046210449,414049.50922374224,48000,8,480000,1.1592816542637652,841015460.4208641,1.1890387835433802e-09,1.1890387835433802e-10,84101546.04208641,1.1890387835433802e-08
306315_vit_b_16,306315,64,0.03,10,SGD,29_04,project_29_04conf.csv,vit_b_16,2044.0083190011792,418255.5942279245,0.7788,0.8731,0.7888677981922015,0.8735678450233968,0.7771588383414829,0.8728710430180608,0.9977656549149468,0.9987181808711876,0.877,0.4763964452925555,0.6648959234045643,0.0,0.0,2042.8792936932296,418178.4087767977,48000,8,480000,1.1478354451728747,854288012.3597031,1.1705654129897166e-09,1.1705654129897166e-10,85428801.23597032,1.1705654129897166e-08
306315_vit_b_16,306315,64,0.03,10,SGD,29_04,project_29_04conf.csv,vit_b_16,2034.7669997869816,414276.60767400975,0.7788,0.8731,0.7888677981922015,0.8735678450233968,0.7771588383414829,0.8728710430180608,0.9977656549149468,0.9987181808711876,0.877,0.4763964452925555,0.6648959234045643,0.0,0.0,2033.637974479032,414199.422222883,48000,8,480000,1.158862070410396,842331674.0397291,1.187180811097974e-09,1.1871808110979742e-10,84233167.40397291,1.1871808110979744e-08
306317_vit_b_16,306317,64,0.03,10,SGD,29_04,project_29_04conf.csv,vit_b_16,2039.7879254550207,417477.4914232577,0.7841,0.874,0.7945576642403723,0.8745544282749068,0.7848542817731768,0.874771751076852,0.9978191907116484,0.998727272022546,0.88,0.487907797971848,0.6677900363946238,0.0,0.0,2038.658900147071,417400.3059721309,48000,8,480000,1.149975199184566,850936848.6941954,1.1751753394327082e-09,1.1751753394327083e-10,85093684.86941952,1.1751753394327084e-08
306317_vit_b_16,306317,64,0.03,10,SGD,29_04,project_29_04conf.csv,vit_b_16,2030.970163350983,413896.9373325806,0.7841,0.874,0.7945576642403723,0.8745544282749068,0.7848542817731768,0.874771751076852,0.9978191907116484,0.998727272022546,0.88,0.487907797971848,0.6677900363946238,0.0,0.0,2029.8411380430332,413819.75188145385,48000,8,480000,1.1599253003696757,839988356.103736,1.1904926928254979e-09,1.1904926928254978e-10,83998835.6103736,1.190492692825498e-08
306318_vit_b_16,306318,64,0.03,10,SGD,29_04,project_29_04conf.csv,vit_b_16,2041.4175863801504,417990.9957791109,0.7775,0.8772,0.7923797855809263,0.877295088152202,0.7787369229658535,0.8772801143723344,0.9977525235239578,0.998759595005582,0.8745,0.4786823198277645,0.6742851117740801,0.0,0.0,2040.2885610722008,417913.8103279841,48000,8,480000,1.1485621870770193,852664766.7262833,1.1727938564172116e-09,1.1727938564172114e-10,85266476.67262834,1.1727938564172116e-08
306318_vit_b_16,306318,64,0.03,10,SGD,29_04,project_29_04conf.csv,vit_b_16,2037.1951870860064,414156.7296528113,0.7775,0.8772,0.7923797855809263,0.877295088152202,0.7787369229658535,0.8772801143723344,0.9977525235239578,0.998759595005582,0.8745,0.4786823198277645,0.6742851117740801,0.0,0.0,2036.0661617780568,414079.5442016845,48000,8,480000,1.159197566557907,843093348.233531,1.1861082786327558e-09,1.1861082786327558e-10,84309334.82335311,1.1861082786327556e-08
306319_vit_b_16,306319,64,0.03,10,SGD,29_04,project_29_04conf.csv,vit_b_16,2033.515151384985,416753.7516817934,0.7818,0.879,0.7924173378864923,0.8802478224783898,0.7830065829416901,0.8797807508901084,0.9977959580660754,0.9987777769294002,0.8768,0.4840127353509458,0.6798876630455504,0.0,0.0,2032.3861260770357,416676.56623066665,48000,8,480000,1.1519726303357274,846847672.2686259,1.1808499128551575e-09,1.1808499128551575e-10,84684767.2268626,1.1808499128551576e-08
306319_vit_b_16,306319,64,0.03,10,SGD,29_04,project_29_04conf.csv,vit_b_16,2029.9193701329928,413283.6170567053,0.7818,0.879,0.7924173378864923,0.8802478224783898,0.7830065829416901,0.8797807508901084,0.9977959580660754,0.9987777769294002,0.8768,0.4840127353509458,0.6798876630455504,0.0,0.0,2028.7903448250431,413206.4316055785,48000,8,480000,1.1616469717929718,838309218.8610072,1.1928772551954975e-09,1.1928772551954975e-10,83830921.88610074,1.1928772551954972e-08
333_vit_b_16,333,128,0.03,10,SGD,29_04,project_29_04conf.csv,vit_b_16,1984.046183489961,407186.6810170965,0.7757,0.8737,0.7814779392296184,0.8733117891328311,0.7738453936187756,0.8724548960745541,0.9977343417055822,0.9987242414508026,0.8728,0.4680364068244033,0.664844735447918,0.0,0.0,1982.9171581820117,407109.4955659697,48000,8,480000,1.179043980127992,807264404.0165849,1.2387515106877616e-09,1.2387515106877615e-10,80726440.40165848,1.2387515106877615e-08
3332_vit_b_16,3332,128,0.03,10,SGD,29_04,project_29_04conf.csv,vit_b_16,2013.0232881279665,410267.68490210944,0.759,0.8757,0.7711967149537096,0.8762816704246138,0.7604754446481686,0.8756954931179045,0.9975656544491356,0.9987444433528112,0.8766,0.4440517956166845,0.6711298690602485,0.0,0.0,2011.8942628200168,410190.49945098266,48000,8,480000,1.1701879995817883,825259912.5087093,1.2117394590997372e-09,1.2117394590997374e-10,82525991.25087093,1.2117394590997372e-08
334_vit_b_16,334,128,0.02,10,SGD,29_04,project_29_04conf.csv,vit_b_16,1999.505530672148,408379.7558273119,0.7676,0.8728,0.7710870700213366,0.8725810992256009,0.7652005252738381,0.871682445076428,0.9976525234613344,0.9987151505347752,0.8728,0.4518486110747272,0.6630106081038999,0.0,0.0,1998.3765053641985,408302.5703761851,48000,8,480000,1.1755987711705005,815942263.7195805,1.2255769120738614e-09,1.2255769120738615e-10,81594226.37195805,1.2255769120738616e-08
3342_vit_b_16,3342,128,0.02,10,SGD,29_04,project_29_04conf.csv,vit_b_16,1986.8429297530088,407156.10582670814,0.7526,0.8676,0.7571865238315677,0.8677536845452594,0.7544046794671334,0.8676815547224388,0.9975010079282828,0.998662625099857,0.8696,0.4288296511216847,0.6523717882164081,0.0,0.0,1985.7139044450591,407078.92037558137,48000,8,480000,1.1791325366519587,808342272.396275,1.2370997214281135e-09,1.2370997214281135e-10,80834227.23962751,1.2370997214281132e-08
335_vit_b_16,335,128,0.01,10,SGD,29_04,project_29_04conf.csv,vit_b_16,1994.0530377670657,408302.5177544925,0.717,0.8646,0.7213759317059159,0.8643780301327173,0.7140287522039154,0.863532029726553,0.9971414119602308,0.9986323221887464,0.8609,0.3682589047641113,0.6444704669479424,0.0,0.0,1992.924012459116,408225.33230336575,48000,8,480000,1.1758211997566483,813562067.2414796,1.229162519081881e-09,1.229162519081881e-10,81356206.72414796,1.2291625190818813e-08
3352_vit_b_16,3352,128,0.04,10,SGD,29_04,project_29_04conf.csv,vit_b_16,2001.364242000971,409485.83843438135,0.7828,0.8799,0.7928922206862212,0.8802947638001233,0.7835557613992878,0.8800519580417344,0.9978060586985568,0.998786867632121,0.8772,0.4852672906834658,0.6808360968556902,0.0,0.0,2000.2352166930211,409408.6529832546,48000,8,480000,1.1724227040693074,818913605.7159582,1.2211300349879055e-09,1.2211300349879054e-10,81891360.57159582,1.2211300349879056e-08
336_vit_b_16,336,128,0.04,10,SGD,29_04,project_29_04conf.csv,vit_b_16,2003.743216627976,409662.0049806237,0.7805,0.8737,0.7880638517448414,0.8729710959459172,0.7784857545923661,0.8725747951906974,0.9977828265910624,0.9987242414508026,0.8733,0.477772346407419,0.6646767008314816,0.0,0.0,2002.6141913200263,409584.81952949695,48000,8,480000,1.1719184332842003,820240372.1390225,1.2191548160354512e-09,1.2191548160354512e-10,82024037.21390225,1.2191548160354513e-08
3362_vit_b_16,3362,128,0.03,10,SGD,29_04,project_29_04conf.csv,vit_b_16,2094.2352770189755,430285.1165145231,0.6923,0.8757,0.7042399977213172,0.8760092478813455,0.6925017074016264,0.875889440885545,0.9968919164896224,0.9987444433528112,0.874,0.3365766178385385,0.6710698197280683,0.0,0.1,2093.106251711026,430207.93106339633,48000,8,480000,1.115739542071032,900470910.0444609,1.1105300447191846e-09,1.1105300447191844e-10,90047091.00444607,1.1105300447191847e-08
3363_vit_b_16,3363,128,0.03,10,SGD,29_04,project_29_04conf.csv,vit_b_16,2080.111522537889,429349.6586751577,0.7172,0.8751,0.7294355074631287,0.8756385622764477,0.7183719783073793,0.8745812718833824,0.9971434317229858,0.99873838268105,0.8726,0.3747435763982708,0.6693210395714263,0.0,0.1,2078.98249722994,429272.4732240309,48000,8,480000,1.118170928582917,892449958.3753681,1.1205110052561581e-09,1.120511005256158e-10,89244995.83753681,1.1205110052561581e-08
337_vit_b_16,337,128,0.03,10,SGD,29_04,project_29_04conf.csv,vit_b_16,2088.5393630890176,429927.9284469762,0.7016,0.8762,0.7114457377439207,0.8752824674668348,0.6990675476817063,0.87429406385707,0.9969858562859818,0.9987494939953234,0.8713,0.3478880421435683,0.6696773034165573,0.0,0.1,2087.410337781068,429850.7429958494,48000,8,480000,1.1166666751687686,897274884.632409,1.1144856689147995e-09,1.1144856689147996e-10,89727488.46324089,1.1144856689147998e-08
3372_vit_b_16,3372,128,0.03,10,SGD,29_04,project_29_04conf.csv,vit_b_16,2095.946327243932,430383.13979612506,0.746,0.8778,0.7531981238823855,0.8780885669929448,0.7473011187281502,0.8780614544851957,0.997434341203653,0.9987656554924662,0.8777,0.4188205725405461,0.67596220138739,0.0,0.05,2094.8173019359824,430305.9543449983,48000,8,480000,1.115485377678877,901412358.2879772,1.1093701909071523e-09,1.1093701909071523e-10,90141235.82879774,1.1093701909071524e-08
3373_vit_b_16,3373,128,0.03,10,SGD,29_04,project_29_04conf.csv,vit_b_16,2089.468834263971,430032.29287628375,0.7478,0.8801,0.7542447512768996,0.8799302811432067,0.7492526867678561,0.8795704948264378,0.997452522915619,0.9987888877778854,0.8785,0.4215201106645154,0.6803378587128398,0.0,0.05,2088.339808956021,429955.107425157,48000,8,480000,1.1163956229629262,897892366.899918,1.1137192350266e-09,1.1137192350266002e-10,89789236.6899918,1.1137192350266e-08
338_vit_b_16,338,128,0.03,10,SGD,29_04,project_29_04conf.csv,vit_b_16,2087.38972949679,429591.1760192459,0.754,0.8792,0.7571100396261717,0.8782038791285766,0.7511971209601517,0.8777261214121258,0.9975151496191405,0.9987797970487486,0.8747,0.4277635408461708,0.6768801882542358,0.0,0.05,2086.2607041888405,429513.9905681191,48000,8,480000,1.1175421768336415,896078160.4216031,1.1159740792360143e-09,1.1159740792360144e-10,89607816.04216032,1.1159740792360142e-08
339_vit_b_16,339,72,0.03,10,SGD,29_04,project_29_04conf.csv,vit_b_16,2036.4048868000973,417351.15879992855,0.7623,0.875,0.7776273702959431,0.8740249622984306,0.7612404173036225,0.8738027026642342,0.9975989880669498,0.9987373727739534,0.8772,0.4501687010967156,0.6674159395764179,0.0,0.0,2035.275861492148,417273.9733488018,48000,8,480000,1.1503233622451816,849267645.585734,1.1774851016610987e-09,1.1774851016610987e-10,84926764.5585734,1.1774851016610988e-08
3392_vit_b_16,3392,72,0.03,10,SGD,29_04,project_29_04conf.csv,vit_b_16,2041.4283545471264,417840.69145167794,0.791,0.8758,0.804179997622413,0.876718925574581,0.7912883362848323,0.8761740283043299,0.9978888870533996,0.9987454534546998,0.8761,0.5022809425410877,0.6719090852455691,0.0,0.0,2040.2993292391768,417763.5060005512,48000,8,480000,1.148975420556162,852362601.0735314,1.173209616119387e-09,1.173209616119387e-10,85236260.10735312,1.1732096161193872e-08
340_vit_b_16,340,96,0.03,10,SGD,29_04,project_29_04conf.csv,vit_b_16,2023.4406073060816,414376.7693924149,0.7799,0.8784,0.7842346975916671,0.8776978052989648,0.7784526549768941,0.8771274808712881,0.9977767659803772,0.998771716234502,0.8745,0.4750622973482351,0.675408143466603,0.0,0.0,2022.311581998132,414299.5839412881,48000,8,480000,1.1585819020953263,837842847.0214742,1.193541251268055e-09,1.193541251268055e-10,83784284.70214742,1.1935412512680553e-08
3402_vit_b_16,3402,96,0.03,10,SGD,29_04,project_29_04conf.csv,vit_b_16,2015.3470246428624,413513.1258282375,0.7868,0.8764,0.7965044201676282,0.8772715872384227,0.7871725916755591,0.8767494577247374,0.99784646277409,0.9987515140660296,0.8777,0.4922505700649516,0.6732391908225921,0.0,0.0,2014.2179993349127,413435.94037711073,48000,8,480000,1.1610021121099767,832750112.6795323,1.200840425925983e-09,1.200840425925983e-10,83275011.26795323,1.2008404259259832e-08
326_vit_l_32,326,128,0.03,10,SGD,29_04,project_29_04conf.csv,vit_l_32,1796.7424304999877,357680.0924644147,0.786,0.8634,0.7871480304741318,0.8622330864275188,0.7834141242591519,0.8619330020560823,0.9978383821890084,0.9986202009673764,0.8664,0.4836492978478376,0.6407824150110664,0.0,0.0,1792.9739314243973,357416.4162963967,48000,8,480000,1.3429713301191732,640838317.0825694,1.560456004804023e-09,1.5604560048040232e-10,64083831.70825694,1.5604560048040233e-08
3262_vit_l_32,3262,128,0.03,10,SGD,29_04,project_29_04conf.csv,vit_l_32,1769.138133896049,351063.52399410296,0.7844,0.8638,0.7887442468785073,0.8638890129290447,0.7862251528423472,0.86437042565003,0.99782222032877,0.9986242412281008,0.8645,0.4853710777425309,0.6441294467497622,0.0,0.0,1765.3696348204587,350799.84782608494,48000,8,480000,1.3683016197828235,619291399.251808,1.6147487292866363e-09,1.6147487292866363e-10,61929139.925180815,1.6147487292866362e-08
327_vit_l_32,327,128,0.02,10,SGD,29_04,project_29_04conf.csv,vit_l_32,1761.4269658499395,351304.0203740627,0.7666,0.8624,0.7677278449769149,0.8615712005948097,0.7640848003380405,0.8609489782024897,0.997642422443526,0.998610099949568,0.8617,0.4486344053130249,0.6388123306761472,0.0,0.0,1757.658466774349,351040.3442060447,48000,8,480000,1.3673642016436205,617009033.1731362,1.6207218148123844e-09,1.6207218148123843e-10,61700903.317313634,1.6207218148123842e-08
3272_vit_l_32,3272,128,0.02,10,SGD,29_04,project_29_04conf.csv,vit_l_32,1782.341247271048,353216.13762172713,0.7774,0.8596,0.7781978599199487,0.8600348299185789,0.7791275872521779,0.8601911170912966,0.9977515131965872,0.998581816948791,0.8598,0.4702897849146636,0.6350253372301592,0.0,0.0,1778.5727481954575,352952.4614537091,48000,8,480000,1.359956516588718,627751629.3500746,1.592986705642361e-09,1.5929867056423608e-10,62775162.93500747,1.5929867056423613e-08
328_vit_l_32,328,128,0.04,10,SGD,29_04,project_29_04conf.csv,vit_l_32,1767.081574456999,351372.2478182356,0.786,0.8657,0.7876248761643753,0.8639808194311139,0.7839853460793232,0.864112580577642,0.9978383821890082,0.9986434333083356,0.8685,0.4842951510008773,0.6454346806704446,0.0,0.0,1763.313075381409,351108.5716502176,48000,8,480000,1.3670984953286387,619114335.2693188,1.6152105403358064e-09,1.6152105403358064e-10,61911433.52693188,1.6152105403358064e-08
3282_vit_l_32,3282,128,0.04,10,SGD,29_04,project_29_04conf.csv,vit_l_32,1768.699205241166,351659.9071418951,0.7822,0.8691,0.7891542300074503,0.8697310275537378,0.7836857985769925,0.8693637386859795,0.997799998087227,0.998677776628182,0.8707,0.482686526175943,0.6562685935704395,0.0,0.0,1764.9307061655757,351396.2309738771,48000,8,480000,1.365979363721984,620189998.0766466,1.6124091054374183e-09,1.6124091054374182e-10,62018999.80766466,1.6124091054374183e-08
329_vit_l_32,329,128,0.03,10,SGD,29_04,project_29_04conf.csv,vit_l_32,1829.401133310981,364891.9698702767,0.7429,0.8753,0.7455464062020225,0.8737662031030788,0.7402656098552662,0.8733692045062987,0.9974030283214677,0.998740403079296,0.8743,0.4089434871475866,0.6671180085973748,0.0,0.1,1825.6326342353907,364628.2937022586,48000,8,480000,1.3164090891749325,665677312.3484102,1.502229355650036e-09,1.502229355650036e-10,66567731.23484102,1.502229355650036e-08
3292_vit_l_32,3292,128,0.03,10,SGD,29_04,project_29_04conf.csv,vit_l_32,1831.734563108068,365188.70565650985,0.7478,0.8775,0.7552816083237165,0.878041811051268,0.7478208374426911,0.8778708528404696,0.997452523037643,0.9987626251868011,0.8731,0.4212929248744728,0.6755464777887682,0.0,0.1,1827.9660640324776,364925.0294884918,48000,8,480000,1.3153386619514875,667070569.8210142,1.499091768159276e-09,1.499091768159276e-10,66707056.98210143,1.499091768159276e-08
3293_vit_l_32,3293,128,0.03,10,SGD,29_04,project_29_04conf.csv,vit_l_32,1831.0239614688328,365637.74188330007,0.7422,0.8769,0.7471800461778834,0.8758776026393881,0.7429254408496966,0.876268735592349,0.9973959572071632,0.998756564515911,0.8739,0.4109216748154156,0.6721875349591666,0.0,0.1,1827.2554623932424,365374.0657152821,48000,8,480000,1.3137221413356697,667631757.3950766,1.497831684792432e-09,1.4978316847924318e-10,66763175.73950767,1.4978316847924322e-08
330_vit_l_32,330,128,0.03,10,SGD,29_04,project_29_04conf.csv,vit_l_32,1832.0911582859696,365387.19807398616,0.7705,0.876,0.7700645632118213,0.8744000872376855,0.767916084320842,0.8742449256822197,0.9976818164129784,0.998747473791762,0.8768,0.4545750578156906,0.6688105459148739,0.0,0.05,1828.3226592103792,365123.52190596814,48000,8,480000,1.3146236032517689,667563608.5113789,1.4979845924045071e-09,1.4979845924045074e-10,66756360.85113789,1.4979845924045073e-08
3302_vit_l_32,3302,128,0.03,10,SGD,29_04,project_29_04conf.csv,vit_l_32,1825.9242118999828,364673.17127397313,0.7772,0.8783,0.7793184307114429,0.8784650293060844,0.7783237260975332,0.8786406015766235,0.9977494929928108,0.998770706001908,0.8761,0.4703590716545184,0.6770869198894651,0.0,0.05,1822.1557128243924,364409.4951059551,48000,8,480000,1.3171994869684611,664010843.3147686,1.5059995029719094e-09,1.5059995029719096e-10,66401084.33147687,1.5059995029719093e-08
3303_vit_l_32,3303,128,0.03,10,SGD,29_04,project_29_04conf.csv,vit_l_32,1824.073651739164,365313.5799012504,0.767,0.88,0.771066514213478,0.878923795063514,0.7676542040856252,0.8792478561430318,0.9976464624874672,0.9987878776759488,0.8754,0.4529283515034034,0.6792325269437692,0.0,0.05,1820.3051526635736,365049.9037332324,48000,8,480000,1.3148887182032232,664502220.7449445,1.5048858661133494e-09,1.5048858661133495e-10,66450222.07449445,1.5048858661133497e-08
331_vit_l_32,331,72,0.03,10,SGD,29_04,project_29_04conf.csv,vit_l_32,1823.096558206016,361442.853917946,0.7942,0.8667,0.7993602188521598,0.8656223054859781,0.793191678810127,0.8652790818500307,0.997921210535037,0.998653534326144,0.8686,0.5025124394745408,0.6482884489975717,0.0,0.0,1819.3280591304256,361179.177749928,48000,8,480000,1.3289802667759014,657103412.4540994,1.5218304775884161e-09,1.5218304775884158e-10,65710341.24540995,1.5218304775884157e-08
3312_vit_l_32,3312,72,0.03,10,SGD,29_04,project_29_04conf.csv,vit_l_32,1838.7835254329257,363199.9195652184,0.7762,0.8713,0.7854206110353236,0.8716354762673937,0.7768872037946906,0.8717632830527532,0.9977393919739274,0.998699998869725,0.8683,0.4725535384503356,0.6612051612375789,0.0,0.0,1835.0150263573355,362936.2433972004,48000,8,480000,1.3225463390127288,665993460.2435459,1.501516245571408e-09,1.5015162455714083e-10,66599346.024354585,1.5015162455714083e-08
332_vit_l_32,332,96,0.03,10,SGD,29_04,project_29_04conf.csv,vit_l_32,1792.8713175198063,354699.8964083336,0.7876,0.8659,0.7897694471293323,0.8644564116783144,0.7859491508683036,0.86436922531367,0.9978545438175016,0.9986454535118974,0.8684,0.4878291238092641,0.6461323190053397,0.0,0.0,1789.102818444216,354436.2202403156,48000,8,480000,1.3542633980086725,634122840.5906634,1.576981518389299e-09,1.5769815183892992e-10,63412284.05906636,1.5769815183892992e-08
3322_vit_l_32,3322,96,0.03,10,SGD,29_04,project_29_04conf.csv,vit_l_32,1799.504208290018,355911.17370006815,0.7921,0.8691,0.7992556729458523,0.8691791566439455,0.7938257893071404,0.8696267767493705,0.9978999981741712,0.998677776628182,0.8696,0.5015081169305123,0.6560506082726018,0.0,0.0,1795.7357092144275,355647.4975320501,48000,8,480000,1.3496509980552964,638648911.2110524,1.565805534849699e-09,1.5658055348496994e-10,63864891.12110524,1.5658055348496994e-08
3411_vit_l_32,3411,64,0.03,10,SGD,29_04,project_29_04conf.csv,vit_l_32,1831.4590718250256,362634.4258842032,0.7994,0.8685,0.8031889535138856,0.8673978556303745,0.7986672864708898,0.8671869004244112,0.9979737358276404,0.9986717161581988,0.8692,0.5117606375056528,0.6524145319587634,0.0,0.0,1827.6905727494352,362370.7497161852,48000,8,480000,1.3246102241307942,662301603.0964168,1.5098861233685122e-09,1.5098861233685122e-10,66230160.30964169,1.5098861233685124e-08
3412_vit_l_32,3412,64,0.03,10,SGD,29_04,project_29_04conf.csv,vit_l_32,1823.3483356519137,360635.3615554751,0.8059,0.8719,0.8137271581396402,0.8720634990813352,0.8063577679602737,0.8726100911742001,0.99803939223476,0.9987060594810552,0.8731,0.5277587272017203,0.6626324540409134,0.0,0.0,1819.5798365763235,360371.6853874571,48000,8,480000,1.3319581406178551,655725052.4040433,1.5250294255706155e-09,1.5250294255706155e-10,65572505.24040434,1.5250294255706156e-08
306111_vit_b_16,306111,128,0.03,10,SGD,30_03,project_30_03conf.csv,vit_b_16,1977.5644926639943,402718.9599329789,0.7789,0.8781,0.7888718065883977,0.878275270270187,0.780850734001706,0.8784320870007923,0.9977666645608556,0.998768685707681,0.8769,0.4787239462673926,0.6766245327737803,0.0,0.0,1976.435467356045,402641.7744818521,48000,8,480000,1.192126675424322,795795483.7251066,1.2566042663612703e-09,1.2566042663612703e-10,79579548.37251066,1.2566042663612706e-08
306112_vit_b_16,306112,128,0.03,10,SGD,30_03,project_30_03conf.csv,vit_b_16,1990.472853048996,404615.2337434591,0.7814,0.8723,0.788101762705826,0.8721010750255762,0.7818785620649433,0.8729406535331031,0.9977919172682664,0.9987100998863572,0.8744,0.4804353920491866,0.6632188414041601,0.0,0.0,1989.3438277410464,404538.0482923323,48000,8,480000,1.186538576596722,804765269.4567606,1.2425983550147836e-09,1.2425983550147838e-10,80476526.94567607,1.2425983550147836e-08
305911_vit_b_32,305911,256,0.03,10,SGD,30_03,project_30_03conf.csv,vit_b_32,904.2283094769956,149886.71236414657,0.6525,0.8582,0.6768771052406692,0.8587370868715664,0.6573445003340664,0.8581769253736524,0.996489895680223,0.9985676754171384,0.8602,0.2893052227032677,0.6315432041126726,0.0,0.0,903.1040896816946,149812.11649860148,48000,8,480000,3.2040132081338086,135295935.09375748,7.391205059538701e-09,7.3912050595387e-10,13529593.50937575,7.3912050595387e-08
305912_vit_b_32,305912,256,0.03,10,SGD,30_03,project_30_03conf.csv,vit_b_32,902.9296408100054,149691.58250237314,0.679,0.8569,0.6988682710166819,0.857672864232939,0.6799911819490455,0.8573194941858739,0.9967575729328156,0.9985545441952832,0.8613,0.3216310161243326,0.6291675336034239,0.0,0.0,901.8054210147044,149616.98663682805,48000,8,480000,3.208191869049771,134925409.62497613,7.411502420333504e-09,7.411502420333504e-10,13492540.96249761,7.411502420333504e-08
305913_vit_b_32,305913,256,0.03,10,SGD,30_03,project_30_03conf.csv,vit_b_32,886.8257142360089,147744.9140330747,0.6579,0.8569,0.6776020274222706,0.8579440643186005,0.662513312497041,0.857765462633276,0.9965444418676054,0.9985545443766568,0.8637,0.2943241265008283,0.6296938690947911,0.0,0.0,885.701494440708,147670.3181675296,48000,8,480000,3.2504839561288663,130791821.4855158,7.645738002897548e-09,7.645738002897547e-10,13079182.148551578,7.645738002897548e-08
305914_vit_b_32,305914,256,0.03,10,SGD,30_03,project_30_03conf.csv,vit_b_32,899.2788853670063,149107.57360935374,0.6828,0.8577,0.7071480220815849,0.8576246594471568,0.6829836684090327,0.857762520797845,0.996795956964826,0.998562625082266,0.8607,0.3287156870822797,0.6300500394391435,0.0,0.0,898.1546655717053,149032.97774380865,48000,8,480000,3.220763667657046,133854664.28464586,7.470789347119581e-09,7.470789347119578e-10,13385466.428464586,7.47078934711958e-08
305915_vit_b_32,305915,256,0.03,10,SGD,30_03,project_30_03conf.csv,vit_b_32,910.6258619360016,150286.28456049802,0.6583,0.8559,0.6669582516683047,0.8562991689581235,0.6608202245215711,0.8554671872135984,0.9965484822985412,0.9985444433690952,0.8601,0.289137394660373,0.6260648255735027,0.0,0.0,909.5016421407006,150211.68869495293,48000,8,480000,3.1954903388029607,136617777.5367874,7.319691609905802e-09,7.319691609905801e-10,13661777.75367874,7.319691609905803e-08
305916_vit_b_32,305916,256,0.03,10,SGD,30_03,project_30_03conf.csv,vit_b_32,911.8718708410016,150553.96905113352,0.651,0.8561,0.6636153281961147,0.8559122656957652,0.6521835638451965,0.8559785968108231,0.9964747448031572,0.9985464635449122,0.8607,0.2807589071072779,0.6263036325725552,0.0,0.0,910.7476510457006,150479.37318558845,48000,8,480000,3.1898059504009826,137048735.65960404,7.2966743924129195e-09,7.296674392412917e-10,13704873.565960404,7.296674392412917e-08
305917_vit_b_32,305917,256,0.03,10,SGD,30_03,project_30_03conf.csv,vit_b_32,905.9782903649902,150023.89405366956,0.6593,0.8555,0.6835320100060219,0.8557059988882425,0.660416314126071,0.8558656475321388,0.9965585839530272,0.9985404032322056,0.8621,0.2965941362192739,0.625627496368028,0.0,0.0,904.8540705696892,149949.29818812446,48000,8,480000,3.2010820043838963,135682232.84459254,7.37016173035255e-09,7.370161730352551e-10,13568223.284459256,7.370161730352553e-08
305918_vit_b_32,305918,256,0.03,10,SGD,30_03,project_30_03conf.csv,vit_b_32,904.7772144140037,149882.93251421436,0.6534,0.8597,0.6734172772032924,0.8589124277517027,0.6546037294808837,0.8595700815865612,0.9964989872063093,0.9985828271928596,0.8639,0.2870243364008553,0.6338130799817865,0.0,0.0,903.6529946187028,149808.33664866927,48000,8,480000,3.2040940493565238,135374752.03141674,7.386901804022713e-09,7.386901804022713e-10,13537475.203141673,7.386901804022715e-08
305919_vit_b_32,305919,256,0.03,10,SGD,30_03,project_30_03conf.csv,vit_b_32,901.8502714589996,149442.87096924623,0.6744,0.8589,0.6946098102009408,0.8597410373032024,0.6770759223727483,0.8600271495714717,0.996711108828204,0.9985747464854408,0.8596,0.316129586355285,0.6341660668031549,0.0,0.0,900.7260516636986,149368.27510370113,48000,8,480000,3.2135337953575007,134539896.67797387,7.432739467561331e-09,7.43273946756133e-10,13453989.667797389,7.432739467561333e-08
306011_vit_b_32,306011,64,0.03,10,SGD,30_03,project_30_03conf.csv,vit_b_32,930.5819241279968,153527.92616173823,0.7152,0.858,0.739731744361529,0.85833827820017,0.7162043821503584,0.8587771802936882,0.9971232296107266,0.9985656552132136,0.8616,0.3778222846599683,0.6315429464566681,0.0,0.0,929.4577043326958,153453.33029619313,48000,8,480000,3.127986854853601,142628380.09930658,7.011227353937126e-09,7.011227353937126e-10,14262838.00993066,7.011227353937125e-08
306012_vit_b_32,306012,64,0.03,10,SGD,30_03,project_30_03conf.csv,vit_b_32,946.5919599129992,156095.64215037756,0.7319,0.8562,0.7563810362848524,0.8569787208789026,0.7314569958843802,0.856680165748285,0.9972919168326724,0.9985474734820524,0.8601,0.4038345535724931,0.6276719068202358,0.0,0.0,945.4677401176982,156021.04628483247,48000,8,480000,3.0765080188201703,147512866.04171935,6.779069696315043e-09,6.779069696315042e-10,14751286.604171935,6.779069696315044e-08
306013_vit_b_32,306013,64,0.03,10,SGD,30_03,project_30_03conf.csv,vit_b_32,925.6146597939952,152884.05022934603,0.7298,0.8586,0.7483431559424006,0.8592814108310505,0.7295963177191876,0.8593764321040428,0.9972707050354486,0.9985717161066338,0.8605,0.3973748210584713,0.6331243266252636,0.0,0.0,924.4904399986942,152809.45436380093,48000,8,480000,3.1411668996424824,141270879.7007507,7.078599652796571e-09,7.07859965279657e-10,14127087.97007507,7.07859965279657e-08
306014_vit_b_32,306014,64,0.03,10,SGD,30_03,project_30_03conf.csv,vit_b_32,924.2996965380008,153110.120253804,0.7147,0.8553,0.7566181616246951,0.8551998838032939,0.7141501909284507,0.8553430575325502,0.9971181794516548,0.998538382638116,0.8611,0.3850673842911129,0.6247283337482319,0.0,0.0,923.1754767427,153035.5243882589,48000,8,480000,3.136526645814704,141278643.18569997,7.078210672547134e-09,7.078210672547133e-10,14127864.31857,7.078210672547135e-08
306015_vit_b_32,306015,64,0.03,10,SGD,30_03,project_30_03conf.csv,vit_b_32,938.2617022640044,154568.5775691505,0.7386,0.8549,0.7534284107110585,0.8550066859997199,0.7377952046662339,0.8548346101094872,0.997359594008893,0.9985343423515316,0.8593,0.4094858451935554,0.6239214710902807,0.0,0.0,937.1374824687034,154493.98170360542,48000,8,480000,3.1069171414124948,144782101.0702827,6.906931123444342e-09,6.906931123444341e-10,14478210.10702827,6.906931123444343e-08
306016_vit_b_32,306016,64,0.03,10,SGD,30_03,project_30_03conf.csv,vit_b_32,938.4873407080012,154771.29061223616,0.7392,0.8556,0.754066258296697,0.8558538146773006,0.7399549917444911,0.855901146090118,0.9973656545692362,0.998541413036034,0.8599,0.4113686385168868,0.625835300193714,0.0,0.0,937.3631209127002,154696.69474669106,48000,8,480000,3.102845867430966,145006976.58263764,6.8962199169093964e-09,6.896219916909396e-10,14500697.658263763,6.896219916909395e-08
306017_vit_b_32,306017,64,0.03,10,SGD,30_03,project_30_03conf.csv,vit_b_32,933.992272716001,153908.77741351596,0.7477,0.8563,0.761616869292234,0.8564583933435012,0.7492263024055928,0.8567986254985068,0.9974515137403838,0.9985484840447608,0.8624,0.4255677846395448,0.6274514563406588,0.0,0.0,932.8680529207,153834.18154797086,48000,8,480000,3.120242817103163,143506993.41330507,6.968301517682595e-09,6.968301517682596e-10,14350699.341330506,6.968301517682598e-08
306018_vit_b_32,306018,64,0.03,10,SGD,30_03,project_30_03conf.csv,vit_b_32,922.835043441999,152689.68437822675,0.7364,0.8637,0.7596483037569283,0.8632654485810849,0.737218739967456,0.8634161345836482,0.9973373716895068,0.9986232312643392,0.8605,0.4113057790716118,0.6428787987800222,0.0,0.0,921.710823646698,152615.08851268166,48000,8,480000,3.1451673925420165,140666978.93393752,7.108988958024309e-09,7.10898895802431e-10,14066697.893393751,7.10898895802431e-08
306019_vit_b_32,306019,64,0.03,10,SGD,30_03,project_30_03conf.csv,vit_b_32,936.0773101980012,154356.831438435,0.7172,0.8565,0.7467017160072147,0.8571540679616583,0.7188232995967188,0.8577753022426584,0.9971434323606146,0.9985505040443712,0.86,0.3838550062800668,0.6288250451271399,0.0,0.0,934.9530904027002,154282.2355728899,48000,8,480000,3.111181259576876,144246652.94311082,6.932569869710517e-09,6.932569869710516e-10,14424665.294311084,6.932569869710516e-08
306411_vit_b_32,306411,128,0.03,10,SGD,30_03,project_30_03conf.csv,vit_b_32,912.6718443629944,149130.60034265748,0.7234,0.8617,0.7433959648503126,0.8616616952570202,0.7251123941612634,0.8620764296646738,0.9972060579716536,0.9986030289858268,0.8616,0.3888561217893982,0.6391922932817626,0.0,0.0,911.5476245676934,149056.00447711238,48000,8,480000,3.2202661119479035,135871646.80866328,7.359887242760932e-09,7.359887242760932e-10,13587164.680866327,7.359887242760933e-08
306412_vit_b_32,306412,128,0.03,10,SGD,30_03,project_30_03conf.csv,vit_b_32,899.8019691189984,148524.49819523987,0.7509,0.8587,0.7651844424959497,0.8592038719023831,0.7518877931553056,0.8592173741463356,0.9974838361917892,0.9985727260293048,0.8621,0.4309304043022186,0.6330243830463076,0.0,0.0,898.6777493236974,148449.90232969477,48000,8,480000,3.2334140505795705,133408624.1129728,7.495767283779063e-09,7.495767283779062e-10,13340862.41129728,7.495767283779063e-08
306413_vit_b_32,306413,128,0.03,10,SGD,30_03,project_30_03conf.csv,vit_b_32,900.2667248330108,148323.80675219977,0.7324,0.8565,0.7461628315519591,0.8574380882966838,0.7335317007593904,0.8571628764114214,0.9972969676812954,0.9985505039696034,0.8607,0.399783930378471,0.628584296990124,0.0,0.0,899.1425050377098,148249.21088665468,48000,8,480000,3.237791264649553,133297166.8464904,7.502034916853366e-09,7.502034916853365e-10,13329716.684649045,7.502034916853367e-08
306414_vit_b_32,306414,128,0.03,10,SGD,30_03,project_30_03conf.csv,vit_b_32,897.4769791200088,147413.03233343904,0.7361,0.8578,0.752436647622604,0.8571970745229878,0.7359726103535277,0.8577012049934725,0.9973343412453264,0.9985636351841054,0.86,0.4065455231826473,0.6297649537056479,0.0,0.0,896.3527593247078,147338.43646789395,48000,8,480000,3.2578057125276696,132067214.08258487,7.571901981476457e-09,7.571901981476457e-10,13206721.40825849,7.571901981476457e-08
306415_vit_b_32,306415,128,0.03,10,SGD,30_03,project_30_03conf.csv,vit_b_32,908.2349687270034,148312.85399948052,0.7388,0.8542,0.746115769279241,0.853983752537537,0.7379521451576853,0.8541288367848641,0.9973616142124055,0.998527271639237,0.8629,0.4057083579483326,0.6221462540224384,0.0,0.0,907.1107489317023,148238.25813393542,48000,8,480000,3.2380304925487797,134468517.3562052,7.436684955416101e-09,7.4366849554161e-10,13446851.73562052,7.436684955416101e-08
306416_vit_b_32,306416,128,0.03,10,SGD,30_03,project_30_03conf.csv,vit_b_32,906.7658772249996,148346.8432944707,0.74,0.8543,0.745622154735774,0.8540699885397263,0.7407208852707758,0.8546961979568664,0.9973737353834412,0.9985282817129512,0.8623,0.4076270923496805,0.6226959051245945,0.0,0.0,905.6416574296986,148272.2474289256,48000,8,480000,3.2372882203062874,134281523.91235855,7.447040894864057e-09,7.447040894864058e-10,13428152.391235854,7.44704089486406e-08
306417_vit_b_32,306417,128,0.03,10,SGD,30_03,project_30_03conf.csv,vit_b_32,900.2236179780011,147725.77905936036,0.7285,0.8558,0.7451488802377365,0.8563849356278886,0.7290193747614515,0.8562232272826807,0.9972575742390576,0.998543433536914,0.861,0.3946562848150233,0.6266070349457992,0.0,0.0,899.0993981827002,147651.18319381526,48000,8,480000,3.250905205208718,132753089.95052291,7.532781348989315e-09,7.532781348989314e-10,13275308.995052291,7.532781348989316e-08
306418_vit_b_32,306418,128,0.03,10,SGD,30_03,project_30_03conf.csv,vit_b_32,902.4051276579994,147997.33022599271,0.7439,0.8606,0.7543771176709818,0.8596257483727503,0.7444987771151951,0.8600001094831622,0.9974131293235308,0.9985919181089428,0.8619,0.4167178797282893,0.6353269975019225,0.0,0.0,901.2809078626984,147922.73436044762,48000,8,480000,3.244937311869655,133319936.317917,7.500753657842912e-09,7.500753657842911e-10,13331993.631791698,7.500753657842914e-08
306419_vit_b_32,306419,128,0.03,10,SGD,30_03,project_30_03conf.csv,vit_b_32,913.0807455800096,148618.20410577612,0.7425,0.8615,0.7520622219159327,0.8619483180673718,0.7443289626021002,0.8626920369440721,0.9973989880935582,0.9986010091299332,0.8616,0.4145568282414227,0.6397117065248881,0.0,0.0,911.9565257847088,148543.60824023103,48000,8,480000,3.2313743128127306,135465312.89828593,7.38196353446472e-09,7.381963534464721e-10,13546531.289828593,7.38196353446472e-08
304711_vit_small_patch16_224,304711,128,0.03,10,SGD,30_03,project_30_03conf.csv,vit_small_patch16_224,974.935742686,165560.17688535096,0.8583,0.9011,0.865422819375697,0.902211670720977,0.8590914189510602,0.9017750568490408,0.998568685519101,0.999001009159062,0.9022,0.6372132221276837,0.7323953458762975,0.0,0.0,974.3388464000328,165523.7892604227,48000,8,480000,2.899885280204672,161276257.87976238,6.200540694251092e-09,6.20054069425109e-10,16127625.787976235,6.200540694251092e-08
304712_vit_small_patch16_224,304712,128,0.03,10,SGD,30_03,project_30_03conf.csv,vit_small_patch16_224,960.3160994129998,162999.72431203644,0.8713,0.9049,0.8734808740302321,0.9052294651694224,0.8720854089398632,0.9056565352863934,0.998699998867456,0.9990393931025258,0.9079,0.662849882578236,0.7411487979536708,0.0,0.0,959.7192031270324,162963.33668710818,48000,8,480000,2.9454477906377585,156399043.62427378,6.393900990867669e-09,6.39390099086767e-10,15639904.362427376,6.39390099086767e-08
304713_vit_small_patch16_224,304713,128,0.03,10,SGD,30_03,project_30_03conf.csv,vit_small_patch16_224,960.143094466,163125.4418945489,0.8564,0.9018,0.8615880230716246,0.9022989422385596,0.8570417260904493,0.9025407635648832,0.99854949386784,0.9990080800683976,0.9043,0.6314629501855096,0.7336628121621118,0.0,0.0,959.5461981800328,163089.05426962062,48000,8,480000,2.9431772852545866,156491481.9891915,6.390124160681587e-09,6.390124160681586e-10,15649148.19891915,6.390124160681587e-08
304714_vit_small_patch16_224,304714,128,0.03,10,SGD,30_03,project_30_03conf.csv,vit_small_patch16_224,940.2208447450002,161414.69439523897,0.8668,0.9006,0.8717576365834254,0.899950438168774,0.8656158957473279,0.9001646935946057,0.9986545443496684,0.9989959587714492,0.9021,0.6532135255369972,0.7288467838400354,0.0,0.0,939.6239484590328,161378.3067703107,48000,8,480000,2.9743774712123026,151634921.80315244,6.594786927104877e-09,6.594786927104877e-10,15163492.18031524,6.59478692710488e-08
304715_vit_small_patch16_224,304715,128,0.03,10,SGD,30_03,project_30_03conf.csv,vit_small_patch16_224,959.1117738960002,162903.7547300653,0.8672,0.9024,0.8713074503203235,0.90241206732609,0.8667747865058436,0.9021460129107952,0.998658584867563,0.9990141406857994,0.9068,0.6540546026856832,0.7339262994644362,0.0,0.0,958.5148776100328,162867.36710513703,48000,8,480000,2.9471833954934747,156110794.4474487,6.405706943837431e-09,6.405706943837431e-10,15611079.44474487,6.40570694383743e-08
304716_vit_small_patch16_224,304716,128,0.03,10,SGD,30_03,project_30_03conf.csv,vit_small_patch16_224,956.6099754300004,162561.23017896383,0.8614,0.9005,0.8701630035220198,0.901284391069384,0.8621696914589176,0.9005009183723598,0.998599998939019,0.9989949487332784,0.9043,0.6453417982964836,0.7301179391821002,0.0,0.0,956.0130791440332,162524.84255403557,48000,8,480000,2.95339464697781,155375875.16748273,6.4360055827333564e-09,6.436005582733357e-10,15537587.516748272,6.436005582733357e-08
304717_vit_small_patch16_224,304717,128,0.03,10,SGD,30_03,project_30_03conf.csv,vit_small_patch16_224,963.1068518819992,163591.5620949282,0.8583,0.899,0.8650755153406334,0.8990068948563353,0.8588220177992314,0.8989802995628957,0.9985686860761488,0.998979797414898,0.9036,0.636757759039157,0.725821108607614,0.0,0.0,962.509955596032,163555.17446999994,48000,8,480000,2.9347894467750018,157423483.7166209,6.3522924051160436e-09,6.352292405116043e-10,15742348.371662088,6.352292405116044e-08
304718_vit_small_patch16_224,304718,128,0.03,10,SGD,30_03,project_30_03conf.csv,vit_small_patch16_224,958.8896485639998,163111.05401152463,0.8657,0.9043,0.8700970123972154,0.9040773161115878,0.8651994073794219,0.9041684609714704,0.9986434333000788,0.9990333325898552,0.901,0.6508213012305402,0.7384947905999553,0.0,0.0,958.2927522780324,163074.66638659636,48000,8,480000,2.943436958270869,156273270.87843338,6.399046966758061e-09,6.399046966758062e-10,15627327.08784334,6.39904696675806e-08
304719_vit_small_patch16_224,304719,128,0.03,10,SGD,30_03,project_30_03conf.csv,vit_small_patch16_224,948.5841346859996,161990.74472476283,0.8622,0.8995,0.8665271418296807,0.9000973770765474,0.8640303782343517,0.8999768236835004,0.998608079841912,0.9989848477802042,0.9041,0.644635586481521,0.7279153713863385,0.0,0.0,947.9872384000324,161954.35709983457,48000,8,480000,2.963798002076045,153530663.73392484,6.5133568479391355e-09,6.513356847939136e-10,15353066.373392483,6.513356847939136e-08
304811_vit_small_patch16_224,304811,256,0.03,10,SGD,30_03,project_30_03conf.csv,vit_small_patch16_224,946.7039110749992,161615.86578697248,0.8514,0.9066,0.85529370925149,0.9069872093324228,0.852327642750414,0.9069302661031646,0.9984989884836868,0.999056564767001,0.9079,0.6197308655244067,0.745042162605959,0.0,0.0,946.1070147890318,161579.47816204422,48000,8,480000,2.9706742802982653,152871477.73506123,6.541442621056374e-09,6.541442621056373e-10,15287147.77350612,6.541442621056375e-08
304813_vit_small_patch16_224,304813,256,0.03,10,SGD,30_03,project_30_03conf.csv,vit_small_patch16_224,955.2539087179994,162459.70298534233,0.8445,0.9035,0.8476985070014442,0.9039979859096988,0.8458526807981699,0.9041469045645986,0.9984292917580024,0.9990252517983744,0.9035,0.6045790808932053,0.7377531718301928,0.0,0.0,954.657012432032,162423.31536041407,48000,8,480000,2.955240748133294,155058556.99127868,6.449176487926721e-09,6.449176487926722e-10,15505855.699127866,6.449176487926722e-08
304814_vit_small_patch16_224,304814,256,0.03,10,SGD,30_03,project_30_03conf.csv,vit_small_patch16_224,951.705081508,162063.5174994701,0.848,0.9054,0.8504428421377406,0.9047113140956102,0.847418364557997,0.9047703597344636,0.9984646452038258,0.9990444436597494,0.9053,0.6101990755841328,0.740412402822936,0.0,0.0,951.1081852220328,162027.12987454183,48000,8,480000,2.962466843495072,154105329.45171008,6.489068246749744e-09,6.489068246749744e-10,15410532.945171008,6.489068246749743e-08
304815_vit_small_patch16_224,304815,256,0.03,10,SGD,30_03,project_30_03conf.csv,vit_small_patch16_224,957.1244054580002,162664.7597314488,0.8504,0.9061,0.850635479069048,0.905981604594379,0.8494478958243296,0.9055984460816332,0.9984888877724956,0.9990515144507842,0.9091,0.6135454292174898,0.7427096405666962,0.0,0.0,956.5275091720328,162628.37210652055,48000,8,480000,2.951514509938051,155558511.6917526,6.428449264039969e-09,6.428449264039969e-10,15555851.169175262,6.428449264039969e-08
304816_vit_small_patch16_224,304816,256,0.03,10,SGD,30_03,project_30_03conf.csv,vit_small_patch16_224,955.7414467469988,162502.73038395,0.849,0.9029,0.8552350902204333,0.9038365043707745,0.849239870756856,0.9028932394186536,0.9984747463188444,0.9990191911758928,0.9056,0.6156879622705733,0.7361049921339905,0.0,0.0,955.1445504610316,162466.34275902173,48000,8,480000,2.954458085586134,155178841.91961366,6.444177489854086e-09,6.444177489854085e-10,15517884.191961369,6.444177489854086e-08
304817_vit_small_patch16_224,304817,256,0.03,10,SGD,30_03,project_30_03conf.csv,vit_small_patch16_224,949.316542380002,161788.47121476397,0.8475,0.9015,0.8561889028225174,0.9016188045821396,0.8483980698220677,0.90147278822667,0.9984595951066528,0.9990050499541332,0.9052,0.6146663922646174,0.7319964878594503,0.0,0.0,948.7196460940348,161752.0835898357,48000,8,480000,2.9675042778253435,153457379.49832165,6.516467329685745e-09,6.516467329685743e-10,15345737.949832166,6.516467329685746e-08
304818_vit_small_patch16_224,304818,256,0.03,10,SGD,30_03,project_30_03conf.csv,vit_small_patch16_224,953.5680923610016,162246.31024950324,0.8489,0.9025,0.8544059348119316,0.9019957420748146,0.8479164224388568,0.9021907086358772,0.9984737361998652,0.9990151507576894,0.902,0.6140595392443222,0.7337060881717749,0.0,0.0,952.9711960750344,162209.92262457497,48000,8,480000,2.959128469045207,154581383.97877997,6.469084273027819e-09,6.469084273027818e-10,15458138.397878,6.469084273027818e-08
304819_vit_small_patch16_224,304819,256,0.03,10,SGD,30_03,project_30_03conf.csv,vit_small_patch16_224,955.9809076430028,162530.49722406192,0.842,0.899,0.8483489978003123,0.8995285807489641,0.8436392666511772,0.9000165098567785,0.9984040392962416,0.9989797972716482,0.9067,0.601658085613235,0.7270793998976638,0.0,0.0,955.3840113570354,162494.10959913366,48000,8,480000,2.953953230576422,155244274.25071007,6.441461398988931e-09,6.441461398988931e-10,15524427.425071005,6.441461398988931e-08
304821_vit_small_patch16_224,304821,256,0.03,10,SGD,30_03,project_30_03conf.csv,vit_small_patch16_224,952.219359572,162122.31369048887,0.853,0.9061,0.8543551272387796,0.9065758576048392,0.853797325598297,0.9069814187740796,0.9985151502215698,0.9990515143252068,0.9061,0.6212936431233373,0.7443317630224184,0.0,0.0,951.6224632860328,162085.9260655606,48000,8,480000,2.9613922173961567,154244608.22650656,6.483208790880461e-09,6.483208790880461e-10,15424460.822650656,6.48320879088046e-08
304911_vit_small_patch16_224,304911,64,0.03,10,SGD,30_03,project_30_03conf.csv,vit_small_patch16_224,937.1548497879994,161711.71783374276,0.8312,0.9003,0.8475768770079466,0.9007559521168772,0.8322818850732316,0.900840324552588,0.9982949478872564,0.9989929283433616,0.9038,0.5853477455965191,0.7298012839144111,0.0,0.0,936.557953502032,161675.3302088145,48000,8,480000,2.968913064102284,151418316.39213258,6.604220835544557e-09,6.604220835544556e-10,15141831.639213257,6.60422083554456e-08
304912_vit_small_patch16_224,304912,64,0.03,10,SGD,30_03,project_30_03conf.csv,vit_small_patch16_224,948.664900218002,163021.97631596363,0.8438,0.8969,0.8554438112573581,0.8969652353447334,0.8455517970475387,0.8977299150663705,0.9984222208476816,0.9989585849513184,0.9043,0.6093761669953323,0.7214609277231386,0.0,0.0,948.0680039320348,162985.58869103537,48000,8,480000,2.945045656213906,154521421.7399975,6.471594609598083e-09,6.471594609598082e-10,15452142.173999753,6.471594609598082e-08
304913_vit_small_patch16_224,304913,64,0.03,10,SGD,30_03,project_30_03conf.csv,vit_small_patch16_224,950.9330314489998,163098.64488040705,0.8339,0.9012,0.8458961556911042,0.9018962902959708,0.8348135258248953,0.9022083927880848,0.998322220971088,0.9990020194578176,0.9023,0.5878834578152023,0.7325731762377089,0.0,0.0,950.3361351630324,163062.2572554788,48000,8,480000,2.943660955508282,154963955.35113186,6.4531135497548855e-09,6.453113549754883e-10,15496395.535113188,6.453113549754884e-08
304914_vit_small_patch16_224,304914,64,0.03,10,SGD,30_03,project_30_03conf.csv,vit_small_patch16_224,946.003460529002,162845.90744999473,0.8422,0.8965,0.8504286275700692,0.8963027160203175,0.8416353462255758,0.8960968852417953,0.9984060592971296,0.998954544596026,0.9001,0.6018444814323027,0.7192927800841916,0.0,0.0,945.4065642430348,162809.51982506647,48000,8,480000,2.948230548899993,153921188.76387435,6.496831320176902e-09,6.496831320176901e-10,15392118.876387436,6.496831320176903e-08
304915_vit_small_patch16_224,304915,64,0.03,10,SGD,30_03,project_30_03conf.csv,vit_small_patch16_224,949.1735680189996,163095.49060386335,0.8427,0.8972,0.8533991877901823,0.8973839452660729,0.8415817386718909,0.8968030137477786,0.9984111099372566,0.9989616153944688,0.9027,0.6042698523341697,0.7212958283641346,0.0,0.0,948.5766717330324,163059.1029789351,48000,8,480000,2.943717898791637,154674061.199532,6.465208143141623e-09,6.465208143141623e-10,15467406.1199532,6.465208143141624e-08
304916_vit_small_patch16_224,304916,64,0.03,10,SGD,30_03,project_30_03conf.csv,vit_small_patch16_224,951.4875201470022,163382.8972408398,0.8342,0.8973,0.8476860370432933,0.8979977177641456,0.8347737570948687,0.8972674891605651,0.9983252512560558,0.9989626254764592,0.9062,0.5893130506069328,0.7222442167184351,0.0,0.0,950.8906238610348,163346.50961591155,48000,8,480000,2.9385384550221407,155324664.43419668,6.4381275417057165e-09,6.438127541705717e-10,15532466.443419663,6.438127541705719e-08
304917_vit_small_patch16_224,304917,64,0.03,10,SGD,30_03,project_30_03conf.csv,vit_small_patch16_224,950.521023129997,163190.6655303355,0.841,0.8992,0.8497484976091282,0.8992537781262121,0.841775692380093,0.8993468349722203,0.9983939385046416,0.9989818176180368,0.9027,0.6005991558898324,0.7264794999105938,0.0,0.0,949.9241268440296,163154.27790540725,48000,8,480000,2.942000701190881,154984184.98016214,6.452271243856263e-09,6.452271243856264e-10,15498418.498016216,6.452271243856264e-08
304918_vit_small_patch16_224,304918,64,0.03,10,SGD,30_03,project_30_03conf.csv,vit_small_patch16_224,944.3908291039988,162681.8954206795,0.8358,0.9015,0.8426799558574509,0.9012478406989872,0.8348878354511662,0.9011117714016958,0.9983414128657702,0.9990050497398196,0.9002,0.5870461588049092,0.7314022882888209,0.0,0.0,943.7939328180316,162645.50779575124,48000,8,480000,2.951203550009999,153503843.45773786,6.5144948652397525e-09,6.514494865239752e-10,15350384.345773784,6.514494865239752e-08
304919_vit_small_patch16_224,304919,64,0.03,10,SGD,30_03,project_30_03conf.csv,vit_small_patch16_224,948.0662490289978,163073.95369281684,0.8418,0.8955,0.8498558557813705,0.8964087138751505,0.8420725826388485,0.8961034201851945,0.998402019092819,0.9989444437117548,0.9025,0.6014633521865332,0.7185733896939852,0.0,0.0,947.4693527430304,163037.56606788858,48000,8,480000,2.944106757580819,154473097.19514146,6.473619148949467e-09,6.473619148949466e-10,15447309.719514148,6.473619148949467e-08
305611_vit_small_patch32_224,305611,128,0.01,10,SGD,30_03,project_30_03conf.csv,vit_small_patch32_224,634.6246626150023,75929.32268102413,0.8144,0.8822,0.8231503895260589,0.8828022511746674,0.816443742463677,0.882715762946519,0.9981252507575522,0.9988100998881446,0.8761,0.5462963016435025,0.686648210633119,0.0,0.0,633.9923591690143,75890.00785187451,48000,8,480000,6.324943343488451,48113685.11536495,2.0784107423953133e-08,2.078410742395313e-09,4811368.511536495,2.0784107423953133e-07
305612_vit_small_patch32_224,305612,128,0.01,10,SGD,30_03,project_30_03conf.csv,vit_small_patch32_224,638.716191683001,76155.36277205411,0.8147,0.8769,0.8169757543961658,0.8770620087573165,0.8154848667617844,0.8774962495956622,0.9981282811976658,0.998756564573301,0.8732,0.5417627633470168,0.6740394028896509,0.0,0.0,638.083888237013,76116.0479429045,48000,8,480000,6.3061603035414215,48568423.82864339,2.0589509009560375e-08,2.0589509009560372e-09,4856842.382864339,2.0589509009560378e-07
305613_vit_small_patch32_224,305613,128,0.01,10,SGD,30_03,project_30_03conf.csv,vit_small_patch32_224,640.0100501009947,76504.99017942288,0.8075,0.8743,0.811431881171912,0.8744849412181381,0.8091195720321298,0.8749395888981928,0.9980555541055656,0.9987303020834783,0.8728,0.5291295555054565,0.6680963640588765,0.0,0.0,639.3777466550067,76465.67535027326,48000,8,480000,6.277326366388846,48890451.20191101,2.04538918217411e-08,2.04538918217411e-09,4889045.1201911,2.0453891821741107e-07
305614_vit_small_patch32_224,305614,128,0.01,10,SGD,30_03,project_30_03conf.csv,vit_small_patch32_224,647.266259516,77119.95792773845,0.8105,0.875,0.8171091427164062,0.8740672085736505,0.8097862097185592,0.8745097632168098,0.9980858570139802,0.9987373727005148,0.8735,0.535268106853623,0.6679882826415309,0.0,0.0,646.633956070012,77080.64309858883,48000,8,480000,6.22724435998884,49842961.18326116,2.006301343780978e-08,2.0063013437809782e-09,4984296.118326116,2.006301343780978e-07
305615_vit_small_patch32_224,305615,128,0.01,10,SGD,30_03,project_30_03conf.csv,vit_small_patch32_224,639.5520060530034,76387.12219335744,0.8131,0.8754,0.8146969246054264,0.875032288756862,0.8121641107074348,0.8747350325360709,0.998112119817376,0.9987414132115838,0.8729,0.5369862450389176,0.6692065754969524,0.0,0.0,638.9197026070154,76347.80736420782,48000,8,480000,6.287017487093232,48780118.37583736,2.050015525373013e-08,2.050015525373013e-09,4878011.837583736,2.0500155253730134e-07
305616_vit_small_patch32_224,305616,128,0.01,10,SGD,30_03,project_30_03conf.csv,vit_small_patch32_224,640.5212994210015,76560.37790479595,0.8064,0.8695,0.8102757283235779,0.8698486700223681,0.8072332025427891,0.8693615601105258,0.9980444429624392,0.9986818171828424,0.8718,0.5264198372106382,0.6566604596864691,0.0,0.0,639.8889959750135,76521.06307564634,48000,8,480000,6.272782691551043,48964986.22241601,2.0422756691029217e-08,2.042275669102922e-09,4896498.6222416,2.042275669102922e-07
305617_vit_small_patch32_224,305617,128,0.01,10,SGD,30_03,project_30_03conf.csv,vit_small_patch32_224,644.0433998799999,77209.73844682644,0.8174,0.8703,0.8249884362550413,0.8701915378694438,0.8178240832112219,0.8700269247268281,0.9981555545342612,0.998689898264478,0.8743,0.5504788250421228,0.6580322657265495,0.0,0.0,643.4110964340119,77170.42361767682,48000,8,480000,6.219999547728933,49652306.87212661,2.0140051147580648e-08,2.014005114758065e-09,4965230.687212661,2.014005114758065e-07
305618_vit_small_patch32_224,305618,128,0.01,10,SGD,30_03,project_30_03conf.csv,vit_small_patch32_224,643.6604126020029,77062.32563224212,0.8114,0.8758,0.8192386538670767,0.8757159380497083,0.8112826763382269,0.875694943215478,0.998094948029746,0.9987454535805642,0.8712,0.5382567668939819,0.6707734308743617,0.0,0.0,643.0281091560149,77023.0108030925,48000,8,480000,6.231903881647896,49527960.99821589,2.0190615156477417e-08,2.0190615156477412e-09,4952796.099821589,2.0190615156477415e-07
305619_vit_small_patch32_224,305619,128,0.01,10,SGD,30_03,project_30_03conf.csv,vit_small_patch32_224,628.1932530069971,75811.16629330776,0.8178,0.8734,0.8209246248774251,0.8743595767564848,0.8194001097966317,0.8746444565367953,0.9981595946821216,0.9987212112335708,0.8767,0.5490936140945855,0.6670817822497179,0.0,0.0,627.5609495610091,75771.85146415814,48000,8,480000,6.334806273369884,47551455.05484282,2.102985069219572e-08,2.102985069219572e-09,4755145.505484282,2.102985069219572e-07
305711_vit_small_patch32_224,305711,64,0.01,10,SGD,30_03,project_30_03conf.csv,vit_small_patch32_224,675.0900334260004,80204.70059539813,0.8437,0.8844,0.8505122249131368,0.884835560819477,0.8451996651253206,0.8852184767195077,0.9984212106325722,0.99883232213132,0.8753,0.6055384494461501,0.6919175717361504,0.0,0.0,674.4577299800125,80165.38576624851,48000,8,480000,5.987621657551995,54068164.10687597,1.849517209467868e-08,1.8495172094678683e-09,5406816.4106875975,1.8495172094678682e-07
305712_vit_small_patch32_224,305712,64,0.01,10,SGD,30_03,project_30_03conf.csv,vit_small_patch32_224,669.1502644749999,79828.90142934816,0.8438,0.8774,0.8492783704010618,0.8775059472259403,0.8451549520852424,0.8778647042180074,0.9984222208476816,0.9987616150827512,0.8788,0.6047002708974069,0.675051846490493,0.0,0.0,668.5179610290119,79789.58660019854,48000,8,480000,6.015822621128928,53340771.7453125,1.8747385297961656e-08,1.8747385297961653e-09,5334077.17453125,1.8747385297961655e-07
305713_vit_small_patch32_224,305713,64,0.01,10,SGD,30_03,project_30_03conf.csv,vit_small_patch32_224,671.7334103419998,80142.40079213868,0.836,0.8754,0.842632444202332,0.8757703959349334,0.8363881576988768,0.8762046126866835,0.9983434331081182,0.9987414132028752,0.8778,0.5882098529933982,0.6708962993344189,0.0,0.0,671.1011068960119,80103.08596298906,48000,8,480000,5.992278502500888,53757269.65554835,1.8602135235058184e-08,1.8602135235058182e-09,5375726.965554835,1.860213523505818e-07
305714_vit_small_patch32_224,305714,64,0.01,10,SGD,30_03,project_30_03conf.csv,vit_small_patch32_224,672.607114475999,80261.35981141284,0.8418,0.8772,0.8479167815064972,0.8769694899456497,0.8409880594138922,0.8768531952312625,0.9984020188897712,0.9987595949409857,0.8776,0.5993181527218076,0.6737068464189313,0.0,0.0,671.974811030011,80222.04498226322,48000,8,480000,5.983392720867763,53907193.51739737,1.8550399951302824e-08,1.8550399951302823e-09,5390719.351739736,1.8550399951302826e-07
305715_vit_small_patch32_224,305715,64,0.01,10,SGD,30_03,project_30_03conf.csv,vit_small_patch32_224,668.4158023840064,79859.54544935579,0.8507,0.8808,0.8537064600244011,0.8803258751451718,0.8496466071251405,0.8802860586436267,0.9984919180777648,0.998795958706427,0.8744,0.6161236534955787,0.6817440768885169,0.0,0.0,667.7834989380184,79820.23062020617,48000,8,480000,6.013513068934806,53302632.88960084,1.8760799341210345e-08,1.8760799341210344e-09,5330263.288960084,1.876079934121034e-07
305716_vit_small_patch32_224,305716,64,0.01,10,SGD,30_03,project_30_03conf.csv,vit_small_patch32_224,674.8789962219962,80491.32260163467,0.834,0.8773,0.8403413608482413,0.8782879058867202,0.8348928900903816,0.8774914417550818,0.9983232310525044,0.9987606051213392,0.8762,0.5841491246309231,0.6752884553381173,0.0,0.0,674.2466927760082,80452.00777248506,48000,8,480000,5.966289882502624,54244500.16778776,1.8435048657593388e-08,1.8435048657593387e-09,5424450.016778776,1.8435048657593385e-07
305717_vit_small_patch32_224,305717,64,0.01,10,SGD,30_03,project_30_03conf.csv,vit_small_patch32_224,673.012586138997,80333.42646398148,0.8475,0.8717,0.8537428480194614,0.8719332845542458,0.8469672637464535,0.8712415634496318,0.9984595951066528,0.9987040396864496,0.8779,0.6118766847616196,0.6613413760419496,0.0,0.0,672.380282693009,80294.11163483186,48000,8,480000,5.978022425641663,53988177.47961227,1.8522573768629873e-08,1.8522573768629867e-09,5398817.747961227,1.852257376862987e-07
305718_vit_small_patch32_224,305718,64,0.01,10,SGD,30_03,project_30_03conf.csv,vit_small_patch32_224,678.2794594569932,80810.2750987044,0.8404,0.877,0.8449535961767619,0.8768730230031581,0.8399470432066742,0.8768096965987233,0.9983878775479716,0.9987575748020084,0.8744,0.5954840140301937,0.673444379534435,0.0,0.0,677.6471560110052,80770.96026955478,48000,8,480000,5.942729892007087,54734211.51494169,1.8270108809862252e-08,1.8270108809862246e-09,5473421.151494169,1.8270108809862253e-07
305811_vit_small_patch32_224,305811,256,0.01,10,SGD,30_03,project_30_03conf.csv,vit_small_patch32_224,623.2623049529939,85422.88460154925,0.5734,0.8815,0.5841230288029167,0.8818576905438524,0.5762098772855374,0.8821499322756775,0.995690905027865,0.998803029174407,0.8713,0.1921618874605889,0.6849250959516312,0.0,0.0,622.6300015070059,85383.56977239963,48000,8,480000,5.621690464330536,53162372.176062725,1.881029681460052e-08,1.881029681460052e-09,5316237.217606273,1.881029681460052e-07
305812_vit_small_patch32_224,305812,256,0.01,10,SGD,30_03,project_30_03conf.csv,vit_small_patch32_224,625.8699925760011,85668.34571518644,0.5376,0.8772,0.5410319725141922,0.877045236394028,0.5417100489811122,0.8776112389758872,0.9953292888602304,0.9987595948789711,0.8728,0.1568252060053617,0.674347509498285,0.0,0.0,625.2376891300131,85629.03088603682,48000,8,480000,5.605575527753306,53538497.39362818,1.8678148410624124e-08,1.867814841062412e-09,5353849.739362817,1.867814841062413e-07
305813_vit_small_patch32_224,305813,256,0.01,10,SGD,30_03,project_30_03conf.csv,vit_small_patch32_224,614.7451040279993,84483.56070045216,0.5888,0.8705,0.5920990000711733,0.8706811210498165,0.593414228516789,0.8713894102882805,0.9958464615491356,0.9986919182164714,0.8738,0.2060214639662274,0.6595864365699643,0.0,0.0,614.1128005820113,84444.24587130254,48000,8,480000,5.684223892904972,51858292.32506155,1.9283319121496223e-08,1.928331912149622e-09,5185829.232506155,1.928331912149622e-07
305814_vit_small_patch32_224,305814,256,0.01,10,SGD,30_03,project_30_03conf.csv,vit_small_patch32_224,633.065320554997,86619.13575203411,0.5727,0.8777,0.575827181007889,0.8770276362376221,0.5730450208600747,0.877127741466603,0.9956838348394392,0.9987646454501836,0.8721,0.1881609703066873,0.6743500354995812,0.0,0.0,632.433017109009,86579.8209228845,48000,8,480000,5.544017010932948,54755937.367017545,1.8262859665742e-08,1.8262859665742e-09,5475593.736701756,1.8262859665742002e-07
305815_vit_small_patch32_224,305815,256,0.01,10,SGD,30_03,project_30_03conf.csv,vit_small_patch32_224,627.4299944369996,86027.77416991536,0.5886,0.8726,0.6001989725122737,0.8722318343374618,0.5895392692314875,0.8723388169326955,0.9958444413743632,0.998713130362406,0.8721,0.2074052511051763,0.6630909484780639,0.0,0.0,626.7976909910116,85988.45934076574,48000,8,480000,5.582144437520348,53897367.76666644,1.8553781778902823e-08,1.855378177890282e-09,5389736.776666643,1.8553781778902826e-07
305816_vit_small_patch32_224,305816,256,0.01,10,SGD,30_03,project_30_03conf.csv,vit_small_patch32_224,626.3054641089984,85870.19329563853,0.57,0.8688,0.5768212870653006,0.8687219628407784,0.5711572575096366,0.8687064856967663,0.9956565623649216,0.9986747464704132,0.8714,0.1869740757291005,0.6547835279607402,0.0,0.0,625.6731606630104,85830.87846648891,48000,8,480000,5.592392954330617,53702077.01261084,1.8621253694995268e-08,1.8621253694995267e-09,5370207.701261083,1.8621253694995278e-07
305817_vit_small_patch32_224,305817,256,0.01,10,SGD,30_03,project_30_03conf.csv,vit_small_patch32_224,628.6360613270008,86180.54081083776,0.5976,0.8673,0.6075572068083501,0.8671302900470829,0.5987356096981461,0.8668871518735903,0.9959353512847025,0.9986595952173956,0.8707,0.2165030417284048,0.6510790915024337,0.0,0.0,628.0037578810128,86141.22598168814,48000,8,480000,5.572244816924687,54097013.624977686,1.8485308762742494e-08,1.848530876274249e-09,5409701.362497769,1.848530876274249e-07
305818_vit_small_patch32_224,305818,256,0.01,10,SGD,30_03,project_30_03conf.csv,vit_small_patch32_224,619.1775606930023,85115.0231576334,0.5693,0.8732,0.579764802360522,0.8732549066935428,0.5680282230662814,0.8728476211783261,0.9956494916034544,0.9987191909341026,0.8718,0.1866678048974471,0.6647166992265454,0.0,0.0,618.5452572470143,85075.70832848379,48000,8,480000,5.642033542015112,52623175.89351396,1.90030339868418e-08,1.90030339868418e-09,5262317.589351396,1.9003033986841802e-07
305819_vit_small_patch32_224,305819,256,0.01,10,SGD,30_03,project_30_03conf.csv,vit_small_patch32_224,642.2792900670029,88123.00164827977,0.5776,0.8711,0.5839976456728591,0.8725047507810382,0.5808386471197887,0.8723467013105907,0.9957333303717242,0.9986979788942124,0.873,0.1950908184329691,0.6621541544975282,0.0,0.0,641.6469866210149,88083.68681913015,48000,8,480000,5.449363183283024,56518632.21796407,1.7693280264524106e-08,1.7693280264524104e-09,5651863.221796406,1.769328026452411e-07
305311_vit_tiny_patch16_224,305311,128,0.01,10,SGD,30_03,project_30_03conf.csv,vit_tiny_patch16_224,698.0727435699991,88724.740253733,0.6959,0.8566,0.7069044299140809,0.8567166152922964,0.698773038867436,0.8573837092880132,0.9969282799319592,0.998551513785738,0.8517,0.3426948639347132,0.6282911779046135,0.0,0.0,697.6429334716267,88702.10876514264,48000,8,480000,5.411370785681097,61882399.3640334,1.6159683694831147e-08,1.6159683694831146e-09,6188239.936403342,1.6159683694831146e-07
305312_vit_tiny_patch16_224,305312,128,0.01,10,SGD,30_03,project_30_03conf.csv,vit_tiny_patch16_224,697.8850178209977,89092.7258899194,0.7173,0.8597,0.7252826771388585,0.8596350085191793,0.7175914246302811,0.8601165063789453,0.9971444419567196,0.9985828270482056,0.852,0.3722574933361297,0.6347495414617823,0.0,0.0,697.4552077226253,89070.09440132903,48000,8,480000,5.389014160434503,62122401.19255278,1.609725285570384e-08,1.609725285570384e-09,6212240.119255278,1.609725285570384e-07
305313_vit_tiny_patch16_224,305313,128,0.01,10,SGD,30_03,project_30_03conf.csv,vit_tiny_patch16_224,696.9753153480015,89134.38727388244,0.7152,0.8554,0.7248543252115125,0.8556697841622999,0.7170293510690794,0.8564553573979977,0.9971232301780004,0.9985393928502068,0.854,0.3706500032393059,0.6259582607632511,0.0,0.0,696.5455052496291,89111.75578529207,48000,8,480000,5.386494697248734,62070392.95714782,1.6110740602051293e-08,1.6110740602051292e-09,6207039.295714783,1.6110740602051295e-07
305314_vit_tiny_patch16_224,305314,128,0.01,10,SGD,30_03,project_30_03conf.csv,vit_tiny_patch16_224,679.0310932069988,96173.1074172528,0.6882,0.8517,0.6962386127807421,0.8509554226366592,0.6879987395266286,0.8513286872951535,0.9968505024641636,0.9985020189718904,0.8504,0.328617319003247,0.6160836350317614,0.0,0.0,678.6012831086264,96150.47592866245,48000,8,480000,4.992174977439837,65247836.33669542,1.5326178707899922e-08,1.5326178707899919e-09,6524783.633669542,1.532617870789992e-07
305315_vit_tiny_patch16_224,305315,128,0.01,10,SGD,30_03,project_30_03conf.csv,vit_tiny_patch16_224,680.6198655810003,95049.7466842332,0.6999,0.8509,0.7058997193910771,0.8498435692927495,0.7006757942701972,0.8505334013723608,0.996968684629184,0.9984939382812776,0.8532,0.3451259653023537,0.6141215286987324,0.0,0.0,680.1900554826279,95027.11519564284,48000,8,480000,5.05118985262018,64636498.757278375,1.5471135027829694e-08,1.5471135027829695e-09,6463649.875727838,1.5471135027829698e-07
305316_vit_tiny_patch16_224,305316,128,0.01,10,SGD,30_03,project_30_03conf.csv,vit_tiny_patch16_224,679.0954112260006,95811.16740879673,0.7116,0.8502,0.7189783397202063,0.8509796604159469,0.7130104018390709,0.8502784634183304,0.9970868664791708,0.9984868675401518,0.8519,0.3637312438004972,0.6142480930623659,0.0,0.0,678.6656011276282,95788.53592020636,48000,8,480000,5.011038068269976,65008384.31142225,1.5382631188148078e-08,1.5382631188148072e-09,6500838.431142225,1.5382631188148078e-07
305317_vit_tiny_patch16_224,305317,128,0.01,10,SGD,30_03,project_30_03conf.csv,vit_tiny_patch16_224,697.1110958540012,89728.29644930387,0.72,0.8505,0.729232781653416,0.850344937520128,0.719619094131281,0.8506593619031007,0.997171715605658,0.9984898981537352,0.8515,0.3767656574972628,0.6142834431003632,0.0,0.0,696.6812857556288,89705.6649607135,48000,8,480000,5.350832639278862,62496258.00439354,1.6000958008233056e-08,1.6000958008233055e-09,6249625.800439354,1.6000958008233054e-07
305318_vit_tiny_patch16_224,305318,128,0.01,10,SGD,30_03,project_30_03conf.csv,vit_tiny_patch16_224,683.9626419369961,93906.73905391368,0.6985,0.8552,0.7080478486462344,0.854502466471191,0.6982775830475185,0.8547310904178298,0.9969545431122392,0.9985373726124454,0.8521,0.3442963945299286,0.6236986992625768,0.0,0.0,683.5328318386237,93884.10756532331,48000,8,480000,5.112686400794963,64172869.9087674,1.5582909123772546e-08,1.5582909123772543e-09,6417286.99087674,1.5582909123772546e-07
305319_vit_tiny_patch16_224,305319,128,0.01,10,SGD,30_03,project_30_03conf.csv,vit_tiny_patch16_224,683.4198386080025,93870.70167410027,0.7152,0.8492,0.7249238586706985,0.8499557934180705,0.7175414766583511,0.85003308812131,0.9971232303263898,0.9984767666194508,0.8532,0.3709503144542921,0.6126044101863272,0.0,0.0,682.9900285096301,93848.0701855099,48000,8,480000,5.114649657165905,64097296.131575175,1.5601282118784832e-08,1.560128211878483e-09,6409729.613157516,1.5601282118784834e-07
305411_vit_tiny_patch16_224,305411,256,0.01,10,SGD,30_03,project_30_03conf.csv,vit_tiny_patch16_224,676.5863917829993,97995.06757038744,0.3438,0.853,0.3346362332398505,0.8532609738773956,0.346317074609111,0.8537718850184106,0.9933717109219058,0.9985151501150872,0.8495,0.0395789736250213,0.6204794773231432,0.0,0.0,676.1565816846269,97972.43608179707,48000,8,480000,4.8993371931596,66244707.48038351,1.509554556182653e-08,1.509554556182653e-09,6624470.748038352,1.5095545561826528e-07
305412_vit_tiny_patch16_224,305412,256,0.01,10,SGD,30_03,project_30_03conf.csv,vit_tiny_patch16_224,698.145567395004,100432.8974202048,0.3464,0.8588,0.3449922833103114,0.8588238536596124,0.3476950598725639,0.8593806206010473,0.9933979740463807,0.9985737361311948,0.8502,0.0412770883058924,0.6329389604131246,0.0,0.0,697.7157572966316,100410.26593161444,48000,8,480000,4.780387697876526,70057824.73483253,1.4273923059772124e-08,1.4273923059772126e-09,7005782.473483254,1.4273923059772122e-07
305413_vit_tiny_patch16_224,305413,256,0.01,10,SGD,30_03,project_30_03conf.csv,vit_tiny_patch16_224,700.0932004780043,100667.71327205269,0.3699,0.8493,0.3578850414517645,0.8502185133674004,0.3739590137014445,0.8503105342290103,0.9936353487891788,0.9984777766426428,0.8495,0.0491902371974568,0.6130665827217371,0.0,0.0,699.6633903796319,100645.08178346232,48000,8,480000,4.769234536792558,70417679.14565258,1.4200979244595533e-08,1.4200979244595531e-09,7041767.914565258,1.4200979244595533e-07
305414_vit_tiny_patch16_224,305414,256,0.01,10,SGD,30_03,project_30_03conf.csv,vit_tiny_patch16_224,685.9905729059974,99186.9189623676,0.3024,0.8474,0.292119276878144,0.8471893396468263,0.3049040319248415,0.8470907761819744,0.9929535295670324,0.9984585845927882,0.846,0.0267444761052518,0.6071960674094298,0.0,0.0,685.560762807625,99164.28747377724,48000,8,480000,4.84045226591206,67983144.56379734,1.4709528463508644e-08,1.4709528463508642e-09,6798314.456379734,1.4709528463508646e-07
305415_vit_tiny_patch16_224,305415,256,0.01,10,SGD,30_03,project_30_03conf.csv,vit_tiny_patch16_224,695.6531316870023,100500.76640737728,0.3483,0.8473,0.3402745133793636,0.8463675044956024,0.3526667116334417,0.8469326622558729,0.9934171668538464,0.9984575746180488,0.8493,0.0415220727463898,0.6064216322189668,0.0,0.0,695.2233215886299,100478.1349187869,48000,8,480000,4.777158735957508,69854742.70526953,1.431542027460026e-08,1.4315420274600259e-09,6985474.270526954,1.4315420274600257e-07
305416_vit_tiny_patch16_224,305416,256,0.01,10,SGD,30_03,project_30_03conf.csv,vit_tiny_patch16_224,690.86148331,99739.4920521786,0.3551,0.8471,0.3574035400549384,0.8476894592072203,0.357671535191121,0.8473236164659456,0.993485853649158,0.998455554385108,0.8517,0.045097824110696,0.6075045192980372,0.0,0.0,690.4316732116276,99716.86056358824,48000,8,480000,4.813629282822335,68847678.88632879,1.4524817919440013e-08,1.452481791944001e-09,6884767.8886328805,1.4524817919440006e-07
305417_vit_tiny_patch16_224,305417,256,0.01,10,SGD,30_03,project_30_03conf.csv,vit_tiny_patch16_224,698.7825454830017,100620.94830810804,0.3966,0.8438,0.3833383729954523,0.8439720846607645,0.3948166209973201,0.843788435046747,0.9939050471301928,0.9984222213485848,0.8483,0.0596589119386901,0.5999504868358371,0.0,0.0,698.3527353846293,100598.31681951768,48000,8,480000,4.771451602526936,70253109.72599973,1.4234245343731931e-08,1.423424534373193e-09,7025310.972599973,1.423424534373193e-07
305418_vit_tiny_patch16_224,305418,256,0.01,10,SGD,30_03,project_30_03conf.csv,vit_tiny_patch16_224,697.8053506360011,100501.49164593636,0.3271,0.8525,0.316061374803522,0.8527775905704105,0.3264528362946708,0.8520976802345266,0.9932030250753762,0.9985100998641968,0.8463,0.0335204969739539,0.6185460133076616,0.0,0.0,697.3755405376287,100478.860157346,48000,8,480000,4.777124255274579,70071499.41483396,1.4271137457468227e-08,1.4271137457468226e-09,7007149.941483396,1.4271137457468228e-07
305419_vit_tiny_patch16_224,305419,256,0.01,10,SGD,30_03,project_30_03conf.csv,vit_tiny_patch16_224,695.864781804994,100182.81426561468,0.4183,0.8477,0.4093334610597262,0.8484325066944522,0.4174383542197752,0.8485960004293895,0.9941242383457196,0.9984616150937822,0.8486,0.0710555694710915,0.6093851079875467,0.0,0.0,695.4349717066216,100160.18277702433,48000,8,480000,4.792323523096714,69654893.87566994,1.4356493052518946e-08,1.4356493052518943e-09,6965489.387566996,1.4356493052518942e-07
305511_vit_tiny_patch16_224,305511,64,0.01,10,SGD,30_03,project_30_03conf.csv,vit_tiny_patch16_224,714.5666827360037,88385.9046993198,0.7863,0.8615,0.7957005904213484,0.8616748658988578,0.787703671545531,0.862264776083709,0.9978414121060823,0.9986010087819016,0.8566,0.4917703603241606,0.6391920323828499,0.0,0.0,714.1368726376313,88363.27321072943,48000,8,480000,5.432121090119559,63103471.5867349,1.5846988681526232e-08,1.5846988681526226e-09,6310347.15867349,1.584698868152623e-07
305512_vit_tiny_patch16_224,305512,64,0.01,10,SGD,30_03,project_30_03conf.csv,vit_tiny_patch16_224,713.0110219319977,88625.5885178208,0.795,0.8608,0.8025423979957208,0.8610617863141437,0.7954925515786359,0.8615736329640084,0.9979292911253184,0.9985939381689968,0.859,0.5064901475495036,0.6377021763361749,0.0,0.0,712.5812118336253,88602.95702923043,48000,8,480000,5.417426416610975,63136802.49193165,1.583862280842923e-08,1.583862280842923e-09,6313680.249193164,1.5838622808429233e-07
305513_vit_tiny_patch16_224,305513,64,0.01,10,SGD,30_03,project_30_03conf.csv,vit_tiny_patch16_224,704.5512539889969,87699.77056178785,0.7826,0.8591,0.7970353086506339,0.8599035503498049,0.7834170112762091,0.8600616524068166,0.9978040387664936,0.9985767666154504,0.8563,0.487590976430211,0.6344603736081103,0.0,0.0,704.1214438906245,87677.13907319748,48000,8,480000,5.474631187489715,61735353.7604189,1.619817396496627e-08,1.619817396496627e-09,6173535.37604189,1.619817396496627e-07
305514_vit_tiny_patch16_224,305514,64,0.01,10,SGD,30_03,project_30_03conf.csv,vit_tiny_patch16_224,717.7901889540008,89208.13501727028,0.7851,0.8577,0.795015961566917,0.8565970873859876,0.7854929053272621,0.8572932168003013,0.9978292911467248,0.998562625082266,0.8569,0.4892145224471464,0.6289508347169267,0.0,0.0,717.3603788556284,89185.50352867991,48000,8,480000,5.382040589653044,63978146.5997638,1.5630337125203497e-08,1.5630337125203498e-09,6397814.659976381,1.5630337125203496e-07
305515_vit_tiny_patch16_224,305515,64,0.01,10,SGD,30_03,project_30_03conf.csv,vit_tiny_patch16_224,708.1047800199958,88246.55901839255,0.7793,0.8569,0.786521108933552,0.8565075705613191,0.7783532399425616,0.8570683755352541,0.9977707054237286,0.9985545443866586,0.8549,0.4760170904998407,0.6281286632466995,0.0,0.0,707.6749699216234,88223.92752980218,48000,8,480000,5.440700878317339,62433865.26102024,1.601694842725582e-08,1.601694842725582e-09,6243386.526102024,1.601694842725582e-07
305516_vit_tiny_patch16_224,305516,64,0.01,10,SGD,30_03,project_30_03conf.csv,vit_tiny_patch16_224,715.2094124860014,88971.93202210777,0.7798,0.8542,0.7895291172514909,0.8549658241190614,0.7809146684339222,0.854469046995115,0.9977757558901296,0.9985272716111758,0.8559,0.4797200935199007,0.623109808725688,0.0,0.0,714.779602387629,88949.3005335174,48000,8,480000,5.396332485145614,63579145.66800528,1.572842776500576e-08,1.572842776500576e-09,6357914.566800529,1.5728427765005757e-07
305517_vit_tiny_patch16_224,305517,64,0.01,10,SGD,30_03,project_30_03conf.csv,vit_tiny_patch16_224,700.7636710769948,88343.58380219892,0.7801,0.8581,0.793466171697013,0.8585424886532835,0.7786611957122402,0.858537644226286,0.997778786648872,0.99856666587301,0.8537,0.4809074361846278,0.6315912455753829,0.0,0.0,700.3338609786224,88320.95231360855,48000,8,480000,5.434724008586593,61854153.53909827,1.6167063047235717e-08,1.6167063047235716e-09,6185415.353909825,1.6167063047235721e-07
305518_vit_tiny_patch16_224,305518,64,0.01,10,SGD,30_03,project_30_03conf.csv,vit_tiny_patch16_224,706.7773244499986,89317.28342727684,0.7827,0.8585,0.792426056507012,0.8574679245664568,0.7835450978169126,0.8580403108871998,0.997805048816881,0.9985707059714156,0.8538,0.484912943121739,0.6307317537802423,0.0,0.0,706.3475143516262,89294.65193868647,48000,8,480000,5.375461907053388,63073055.4417848,1.5854630681765222e-08,1.585463068176522e-09,6307305.54417848,1.5854630681765217e-07
305519_vit_tiny_patch16_224,305519,64,0.01,10,SGD,30_03,project_30_03conf.csv,vit_tiny_patch16_224,710.6900231410036,88704.372401838,0.7865,0.8539,0.7975917671490481,0.8548269960035525,0.788261237300288,0.8548717650746259,0.9978434328465036,0.998524241399879,0.8592,0.4934145631351596,0.6230814597615868,0.0,0.0,710.2602130426312,88681.74091324763,48000,8,480000,5.41261363451984,62987112.19403469,1.5876263654054407e-08,1.5876263654054406e-09,6298711.219403469,1.5876263654054406e-07
306113_vit_b_16,306113,128,0.03,10,SGD,31_03,project_31_03conf.csv,vit_b_16,1979.28643979202,403869.4473338384,0.7693,0.8718,0.7777433591983172,0.8734203954936801,0.7705618352185722,0.8729529798781163,0.9976696952319688,0.9987050495393948,0.8743,0.4599666240859118,0.6638474498098701,0.0,0.0,1978.1574144840704,403792.2618827116,48000,8,480000,1.188730060754419,798764656.7545794,1.2519332090418842e-09,1.2519332090418843e-10,79876465.67545795,1.2519332090418844e-08
306114_vit_b_16,306114,128,0.03,10,SGD,31_03,project_31_03conf.csv,vit_b_16,1982.5353165010456,406566.49781425967,0.7616,0.8702,0.7725149676574757,0.8701602277258274,0.7613179582318184,0.8698796098681402,0.9975919172144216,0.9986888878122144,0.876,0.4468408137230362,0.6578209139142989,0.0,0.0,1981.406291193096,406489.3123631329,48000,8,480000,1.180842854660831,805420480.819067,1.2415874984741594e-09,1.2415874984741594e-10,80542048.08190672,1.2415874984741591e-08
306114_vit_b_16,306114,128,0.03,10,SGD,31_03,project_31_03conf.csv,vit_b_16,1982.576116807002,404258.3180894009,0.7616,0.8702,0.7725149676574757,0.8701602277258274,0.7613179582318184,0.8698796098681402,0.9975919172144216,0.9986888878122144,0.876,0.4468408137230362,0.6578209139142989,0.0,0.0,1981.4470914990525,404181.1326382741,48000,8,480000,1.1875863597759293,800863529.704901,1.248652189678903e-09,1.2486521896789029e-10,80086352.97049011,1.2486521896789031e-08
306115_vit_b_16,306115,128,0.03,10,SGD,31_03,project_31_03conf.csv,vit_b_16,2005.803599680076,409136.5492938133,0.7749,0.869,0.782235343567753,0.8691717319314446,0.7742205746490112,0.8688198335247748,0.9977262609464492,0.9986767666991776,0.875,0.4682299690858887,0.6553601692534116,0.0,0.0,2004.6745743721265,409059.3638426865,48000,8,480000,1.1734238167558373,820030906.1042705,1.2194662329871331e-09,1.219466232987133e-10,82003090.61042705,1.2194662329871327e-08
306115_vit_b_16,306115,128,0.03,10,SGD,31_03,project_31_03conf.csv,vit_b_16,1994.511165879987,405997.9685854636,0.7749,0.869,0.782235343567753,0.8691717319314446,0.7742205746490112,0.8688198335247748,0.9977262609464492,0.9986767666991776,0.875,0.4682299690858887,0.6553601692534116,0.0,0.0,1993.382140572037,405920.7831343368,48000,8,480000,1.1824967332139462,809155239.587002,1.2358567936980872e-09,1.2358567936980875e-10,80915523.95870021,1.2358567936980872e-08
306116_vit_b_16,306116,128,0.03,10,SGD,31_03,project_31_03conf.csv,vit_b_16,1974.3844721110072,403672.2468080746,0.7756,0.8696,0.784515722147106,0.8695891896046894,0.7756960143298567,0.8690639355243079,0.9977333316155546,0.9986828272846182,0.8785,0.4709182191265963,0.6563159718589007,0.0,0.0,1973.2554468030576,403595.0613569478,48000,8,480000,1.1893108859810306,796396153.1254115,1.2556564921560166e-09,1.2556564921560166e-10,79639615.31254116,1.2556564921560165e-08
306117_vit_b_16,306117,128,0.03,10,SGD,31_03,project_31_03conf.csv,vit_b_16,1989.051310414012,405444.9640480265,0.7663,0.8727,0.7775190323366765,0.8731515702989738,0.7678493058405924,0.87290275761654,0.9976393926322936,0.9987141407021436,0.8763,0.4564145065462813,0.664296065032958,0.0,0.0,1987.9222851060624,405367.7785968997,48000,8,480000,1.1841099005486448,805839640.7367172,1.2409416829951142e-09,1.2409416829951138e-10,80583964.07367173,1.240941682995114e-08
306118_vit_b_16,306118,128,0.03,10,SGD,31_03,project_31_03conf.csv,vit_b_16,1981.3729563000088,403891.8303083382,0.7792,0.8743,0.7839489506294963,0.874162156285646,0.78004182377271,0.8742292193214266,0.9977696952543366,0.9987303020537596,0.8731,0.4754281856677422,0.6673075281949518,0.0,0.0,1980.2439309920592,403814.64485721145,48000,8,480000,1.1886641708344372,799651499.7242067,1.2505447689961086e-09,1.250544768996109e-10,79965149.97242068,1.2505447689961089e-08
306119_vit_b_16,306119,128,0.03,10,SGD,31_03,project_31_03conf.csv,vit_b_16,1991.429519327008,405520.2260762659,0.743,0.8761,0.7555041633081866,0.8769700758585618,0.7450466573484346,0.8768652976299152,0.9974040386021144,0.9987484839797742,0.874,0.4171384938069822,0.6728642757036786,0.0,0.0,1990.3004940190583,405443.0406251392,48000,8,480000,1.1838900952891038,806953484.0528035,1.2392288028519923e-09,1.2392288028519924e-10,80695348.40528035,1.2392288028519924e-08
306311_vit_b_16,306311,64,0.03,10,SGD,31_03,project_31_03conf.csv,vit_b_16,2039.418905793922,416844.9177303956,0.7717,0.8824,0.7885548570008103,0.8831527547722245,0.7724525055600178,0.8826125837205225,0.9976939372195536,0.9988121200920698,0.8758,0.4689748256669934,0.6869976414656157,0.0,0.0,2038.2898804859724,416767.7322792689,48000,8,480000,1.1517206415547552,849493451.2179207,1.1771721118818488e-09,1.177172111881849e-10,84949345.12179205,1.1771721118818493e-08
306311_vit_b_16,306311,64,0.03,10,SGD,31_03,project_31_03conf.csv,vit_b_16,2025.850652021996,413357.0845380531,0.7717,0.8824,0.7885548570008103,0.8831527547722245,0.7724525055600178,0.8826125837205225,0.9976939372195536,0.9988121200920698,0.8758,0.4689748256669934,0.6869976414656157,0.0,0.0,2024.7216267140464,413279.8990869263,48000,8,480000,1.161440469426364,836776749.5674983,1.1950618854035635e-09,1.1950618854035634e-10,83677674.95674984,1.1950618854035633e-08
306312_vit_b_16,306312,64,0.03,10,SGD,31_03,project_31_03conf.csv,vit_b_16,2029.37742246408,415756.81696764927,0.7844,0.8782,0.7962459057249223,0.8783986684096955,0.7848253902596157,0.8788990288693758,0.997822220324969,0.998769695897872,0.8754,0.4891150349222995,0.6771571100939053,0.0,0.0,2028.2483971561303,415679.6315165225,48000,8,480000,1.1547354347116257,843101546.3538376,1.1860967451959983e-09,1.1860967451959986e-10,84310154.63538377,1.1860967451959984e-08
306312_vit_b_16,306312,64,0.03,10,SGD,31_03,project_31_03conf.csv,vit_b_16,2027.4207651840115,413599.8826494986,0.7844,0.8782,0.7962459057249223,0.8783986684096955,0.7848253902596157,0.8788990288693758,0.997822220324969,0.998769695897872,0.8754,0.4891150349222995,0.6771571100939053,0.0,0.0,2026.291739876062,413522.6971983718,48000,8,480000,1.1607585345423934,837917625.5843307,1.1934347356670523e-09,1.1934347356670524e-10,83791762.55843307,1.1934347356670524e-08
306313_vit_b_16,306313,64,0.03,10,SGD,31_03,project_31_03conf.csv,vit_b_16,2035.807225544937,415999.6619271336,0.7692,0.8739,0.7834126431837122,0.8753537194232516,0.7706178454208288,0.8750015706295632,0.9976686851302056,0.998726261676425,0.8772,0.4632924836786866,0.6684987864800224,0.0,0.0,2034.6782002369875,415922.4764760069,48000,8,480000,1.1540612184917338,846268395.8743123,1.1816582125424423e-09,1.1816582125424423e-10,84626839.58743124,1.1816582125424423e-08
306313_vit_b_16,306313,64,0.03,10,SGD,31_03,project_31_03conf.csv,vit_b_16,2032.049246167008,413862.8033542712,0.7692,0.8739,0.7834126431837122,0.8753537194232516,0.7706178454208288,0.8750015706295632,0.9976686851302056,0.998726261676425,0.8772,0.4632924836786866,0.6684987864800224,0.0,0.0,2030.9202208590584,413785.6179031445,48000,8,480000,1.1600209848578025,840365578.500156,1.1899583057468294e-09,1.1899583057468294e-10,84036557.85001561,1.1899583057468295e-08
306314_vit_b_16,306314,64,0.03,10,SGD,31_03,project_31_03conf.csv,vit_b_16,2039.5922887329943,417089.6147639602,0.789,0.8754,0.8034820734894658,0.87525135780076,0.7892735079290476,0.8751654832470684,0.9978686851184688,0.9987414131078732,0.8751,0.4992914333599421,0.669703509001643,0.0,0.0,2038.4632634250447,417012.4293128334,48000,8,480000,1.1510448280665388,850064517.5458442,1.1763812973714312e-09,1.1763812973714308e-10,85006451.75458443,1.1763812973714313e-08
306314_vit_b_16,306314,64,0.03,10,SGD,31_03,project_31_03conf.csv,vit_b_16,2032.3244299289945,414126.694674869,0.789,0.8754,0.8034820734894658,0.87525135780076,0.7892735079290476,0.8751654832470684,0.9978686851184688,0.9987414131078732,0.8751,0.4992914333599421,0.669703509001643,0.0,0.0,2031.1954046210449,414049.50922374224,48000,8,480000,1.1592816542637652,841015460.4208641,1.1890387835433802e-09,1.1890387835433802e-10,84101546.04208641,1.1890387835433802e-08
306315_vit_b_16,306315,64,0.03,10,SGD,31_03,project_31_03conf.csv,vit_b_16,2044.0083190011792,418255.5942279245,0.7788,0.8731,0.7888677981922015,0.8735678450233968,0.7771588383414829,0.8728710430180608,0.9977656549149468,0.9987181808711876,0.877,0.4763964452925555,0.6648959234045643,0.0,0.0,2042.8792936932296,418178.4087767977,48000,8,480000,1.1478354451728747,854288012.3597031,1.1705654129897166e-09,1.1705654129897166e-10,85428801.23597032,1.1705654129897166e-08
306315_vit_b_16,306315,64,0.03,10,SGD,31_03,project_31_03conf.csv,vit_b_16,2034.7669997869816,414276.60767400975,0.7788,0.8731,0.7888677981922015,0.8735678450233968,0.7771588383414829,0.8728710430180608,0.9977656549149468,0.9987181808711876,0.877,0.4763964452925555,0.6648959234045643,0.0,0.0,2033.637974479032,414199.422222883,48000,8,480000,1.158862070410396,842331674.0397291,1.187180811097974e-09,1.1871808110979742e-10,84233167.40397291,1.1871808110979744e-08
306317_vit_b_16,306317,64,0.03,10,SGD,31_03,project_31_03conf.csv,vit_b_16,2039.7879254550207,417477.4914232577,0.7841,0.874,0.7945576642403723,0.8745544282749068,0.7848542817731768,0.874771751076852,0.9978191907116484,0.998727272022546,0.88,0.487907797971848,0.6677900363946238,0.0,0.0,2038.658900147071,417400.3059721309,48000,8,480000,1.149975199184566,850936848.6941954,1.1751753394327082e-09,1.1751753394327083e-10,85093684.86941952,1.1751753394327084e-08
306317_vit_b_16,306317,64,0.03,10,SGD,31_03,project_31_03conf.csv,vit_b_16,2030.970163350983,413896.9373325806,0.7841,0.874,0.7945576642403723,0.8745544282749068,0.7848542817731768,0.874771751076852,0.9978191907116484,0.998727272022546,0.88,0.487907797971848,0.6677900363946238,0.0,0.0,2029.8411380430332,413819.75188145385,48000,8,480000,1.1599253003696757,839988356.103736,1.1904926928254979e-09,1.1904926928254978e-10,83998835.6103736,1.190492692825498e-08
306318_vit_b_16,306318,64,0.03,10,SGD,31_03,project_31_03conf.csv,vit_b_16,2041.4175863801504,417990.9957791109,0.7775,0.8772,0.7923797855809263,0.877295088152202,0.7787369229658535,0.8772801143723344,0.9977525235239578,0.998759595005582,0.8745,0.4786823198277645,0.6742851117740801,0.0,0.0,2040.2885610722008,417913.8103279841,48000,8,480000,1.1485621870770193,852664766.7262833,1.1727938564172116e-09,1.1727938564172114e-10,85266476.67262834,1.1727938564172116e-08
306318_vit_b_16,306318,64,0.03,10,SGD,31_03,project_31_03conf.csv,vit_b_16,2037.1951870860064,414156.7296528113,0.7775,0.8772,0.7923797855809263,0.877295088152202,0.7787369229658535,0.8772801143723344,0.9977525235239578,0.998759595005582,0.8745,0.4786823198277645,0.6742851117740801,0.0,0.0,2036.0661617780568,414079.5442016845,48000,8,480000,1.159197566557907,843093348.233531,1.1861082786327558e-09,1.1861082786327558e-10,84309334.82335311,1.1861082786327556e-08
306319_vit_b_16,306319,64,0.03,10,SGD,31_03,project_31_03conf.csv,vit_b_16,2033.515151384985,416753.7516817934,0.7818,0.879,0.7924173378864923,0.8802478224783898,0.7830065829416901,0.8797807508901084,0.9977959580660754,0.9987777769294002,0.8768,0.4840127353509458,0.6798876630455504,0.0,0.0,2032.3861260770357,416676.56623066665,48000,8,480000,1.1519726303357274,846847672.2686259,1.1808499128551575e-09,1.1808499128551575e-10,84684767.2268626,1.1808499128551576e-08
306319_vit_b_16,306319,64,0.03,10,SGD,31_03,project_31_03conf.csv,vit_b_16,2029.9193701329928,413283.6170567053,0.7818,0.879,0.7924173378864923,0.8802478224783898,0.7830065829416901,0.8797807508901084,0.9977959580660754,0.9987777769294002,0.8768,0.4840127353509458,0.6798876630455504,0.0,0.0,2028.7903448250431,413206.4316055785,48000,8,480000,1.1616469717929718,838309218.8610072,1.1928772551954975e-09,1.1928772551954975e-10,83830921.88610074,1.1928772551954972e-08
306316_vit_b_32,306316,64,0.03,10,SGD,31_03,project_31_03conf.csv,vit_b_32,928.7820250579972,153941.6181997548,0.7392,0.8556,0.754066258296697,0.8558538146773006,0.7399549917444911,0.855901146090118,0.9973656545692362,0.998541413036034,0.8599,0.4113686385168868,0.625835300193714,0.0,0.0,927.6578052626962,153867.0223342097,48000,8,480000,3.1195768444612333,142735944.24085924,7.005943774838899e-09,7.005943774838898e-10,14273594.424085924,7.0059437748389e-08
306620_vit_b_32,306620,128,0.035,10,SGD,31_03,project_31_03conf.csv,vit_b_32,899.6181106610165,147767.82284464705,0.7367,0.8572,0.7530279751732639,0.8568224393052319,0.7371169089773878,0.8568368135766132,0.9973404018904416,0.9985575745915496,0.8575,0.4078322513208156,0.6284116415784858,0.0,0.0,898.4938908657156,147693.22697910195,48000,8,480000,3.249979771028486,132701462.16296658,7.535711993677438e-09,7.535711993677438e-10,13270146.216296658,7.535711993677438e-08
306621_vit_b_32,306621,128,0.035,10,SGD,31_03,project_31_03conf.csv,vit_b_32,915.2549895909906,149066.87432606568,0.7317,0.854,0.7451384880121468,0.8547929273058166,0.7328414334865246,0.8549849599561976,0.997289897177938,0.9985252515392432,0.8602,0.3984753734773145,0.6232127331661858,0.0,0.0,914.1307697956896,148992.27846052058,48000,8,480000,3.2216434634039683,136198426.20272943,7.342228745811748e-09,7.342228745811746e-10,13619842.620272942,7.342228745811748e-08
306622_vit_b_32,306622,128,0.035,10,SGD,31_03,project_31_03conf.csv,vit_b_32,907.1946601180244,147880.7616689089,0.7111,0.854,0.7360864322239332,0.8543239625641715,0.7112881621919703,0.8547124748020682,0.9970818160428322,0.9985252514442836,0.8662,0.3712238480944207,0.6226723101405591,0.0,0.0,906.0704403227236,147806.1658033638,48000,8,480000,3.24749645856165,133922797.73186731,7.466988570550502e-09,7.466988570550501e-10,13392279.773186728,7.466988570550504e-08
306623_vit_b_32,306623,128,0.035,10,SGD,31_03,project_31_03conf.csv,vit_b_32,916.3255083039984,149178.489617313,0.7468,0.862,0.7560868276456785,0.8613129866484489,0.7453392850687308,0.8609262302816053,0.9974424222499436,0.9986060595201114,0.8612,0.4197762165915569,0.6383052231048604,0.0,0.0,915.2012885086974,149103.8937517679,48000,8,480000,3.219231825019383,136460075.6832819,7.32815070629858e-09,7.32815070629858e-10,13646007.56832819,7.32815070629858e-08
306624_vit_b_32,306624,128,0.035,10,SGD,31_03,project_31_03conf.csv,vit_b_32,901.1927000159922,147446.06411878308,0.7295,0.858,0.7441653628132717,0.8572056277246284,0.7275155698497785,0.8572147256396818,0.9972676746146316,0.9985656554354072,0.8609,0.3938662629945268,0.6295620622262029,0.0,0.0,900.0684802206912,147371.46825323798,48000,8,480000,3.2570755091832617,132644413.45858374,7.53895300922142e-09,7.53895300922142e-10,13264441.345858376,7.538953009221419e-08
306625_vit_b_32,306625,128,0.035,10,SGD,31_03,project_31_03conf.csv,vit_b_32,924.8854371829948,149998.7678463702,0.7393,0.8625,0.7521655589702817,0.8622930127417842,0.7395366642698149,0.8630187613246275,0.997366664417358,0.9986111099247668,0.8594,0.4101556592461935,0.6409595182348629,0.0,0.0,923.7612173876938,149924.1719808251,48000,8,480000,3.2016184825845877,138494135.62484896,7.220522338279986e-09,7.220522338279985e-10,13849413.562484898,7.220522338279987e-08
306626_vit_b_32,306626,128,0.035,10,SGD,31_03,project_31_03conf.csv,vit_b_32,918.7246798190172,149547.3825918359,0.7422,0.8596,0.7551795456553989,0.8603123665096333,0.7452273654413052,0.8605268236877286,0.9973959575878528,0.9985818170881866,0.8628,0.4166079626061081,0.6354781736433724,0.0,0.0,917.6004600237162,149472.7867262908,48000,8,480000,3.2112868871506275,137156297.86107126,7.290952115176824e-09,7.290952115176823e-10,13715629.786107128,7.290952115176823e-08
306627_vit_b_32,306627,128,0.035,10,SGD,31_03,project_31_03conf.csv,vit_b_32,918.8183635660098,149127.6105368111,0.7421,0.8593,0.7588824117813683,0.8599299527657491,0.7431859635671247,0.8595924043186995,0.9973949476587473,0.9985787868770288,0.8651,0.4174472281501923,0.6342825936517414,0.0,0.0,917.6941437707088,149053.014671266,48000,8,480000,3.2203307062163904,136785078.67519033,7.310738932092138e-09,7.310738932092139e-10,13678507.867519036,7.310738932092137e-08
306628_vit_b_32,306628,128,0.035,10,SGD,31_03,project_31_03conf.csv,vit_b_32,914.7723286410036,148638.0907221023,0.7402,0.8652,0.7583599756433841,0.8645216849993198,0.7394618853567664,0.8651411145614608,0.9973757554866,0.998638382754402,0.8627,0.4139988030543161,0.6462307328103131,0.0,0.0,913.6481088457026,148563.4948565572,48000,8,480000,3.230941763072115,135734756.11920175,7.367309807679647e-09,7.367309807679645e-10,13573475.611920174,7.367309807679648e-08
306629_vit_b_32,306629,128,0.035,10,SGD,31_03,project_31_03conf.csv,vit_b_32,917.4827170519856,148975.7755407541,0.7318,0.8619,0.7400921405164581,0.8615938707583233,0.7313492656827837,0.8619907713741886,0.9972909060492838,0.9986050489388744,0.859,0.3950252766480869,0.6392280959480943,0.0,0.0,916.3584972566846,148901.17967520902,48000,8,480000,3.2236144874540344,136446861.2469221,7.3288604139478334e-09,7.328860413947831e-10,13644686.124692213,7.328860413947833e-08
306630_vit_b_32,306630,128,0.035,10,SGD,31_03,project_31_03conf.csv,vit_b_32,907.3425654320164,148077.53573805108,0.7251,0.8569,0.7474324883679655,0.8569262570025781,0.7234031693925438,0.856133537515101,0.9972232301391014,0.9985545443175896,0.8616,0.3909693122261325,0.6277502517991854,0.0,0.0,906.2183456367154,148002.939872506,48000,8,480000,3.2431788207280605,134122979.32063264,7.455843920745401e-09,7.455843920745401e-10,13412297.932063265,7.4558439207454e-08
306720_vit_b_32,306720,128,0.025,10,SGD,31_03,project_31_03conf.csv,vit_b_32,899.9411510630162,147240.9427451479,0.7344,0.8565,0.745991939074241,0.8562597890319157,0.734959042952095,0.8562780510377525,0.9973171695484288,0.9985505038787632,0.8582,0.401571827010946,0.6270725122552371,0.0,0.0,898.8169312677152,147166.34687960282,48000,8,480000,3.2616152413750497,132275604.2882047,7.559973022849929e-09,7.559973022849928e-10,13227560.428820472,7.55997302284993e-08
306721_vit_b_32,306721,128,0.025,10,SGD,31_03,project_31_03conf.csv,vit_b_32,914.6919403869832,148832.49572949889,0.7335,0.8528,0.7427048690283893,0.8538641966560145,0.7358714089611236,0.8538594102227895,0.9973080790082764,0.998513130319018,0.8602,0.399804479666824,0.6208349311939815,0.0,0.0,913.5677205916822,148757.8998639538,48000,8,480000,3.2267193906272067,135900415.498718,7.3583292319620135e-09,7.358329231962012e-10,13590041.549871797,7.358329231962016e-08
306722_vit_b_32,306722,128,0.025,10,SGD,31_03,project_31_03conf.csv,vit_b_32,920.4280525050126,149350.4933540202,0.7125,0.8546,0.7321410604870703,0.8550878278764258,0.7130677982311506,0.8552091887974528,0.997095957467339,0.9985313120547864,0.8588,0.3708919544479002,0.6240331477270774,0.0,0.0,919.3038327097116,149275.8974884751,48000,8,480000,3.2155224525584147,137229904.6923372,7.287041423237534e-09,7.287041423237533e-10,13722990.46923372,7.287041423237536e-08
306723_vit_b_32,306723,128,0.025,10,SGD,31_03,project_31_03conf.csv,vit_b_32,915.8276822229964,148968.53704516822,0.7329,0.8605,0.7411570470715172,0.858943717097192,0.7316709767112437,0.8592273448517324,0.9973020181001578,0.9985909079931562,0.8603,0.3963670003808791,0.6341781569296822,0.0,0.0,914.7034624276954,148893.94117962313,48000,8,480000,3.223771203832506,136193803.5315069,7.342477954723258e-09,7.342477954723257e-10,13619380.353150688,7.34247795472326e-08
306724_vit_b_32,306724,128,0.025,10,SGD,31_03,project_31_03conf.csv,vit_b_32,908.1891857640004,148208.9070284154,0.7369,0.8561,0.7482276726466232,0.8555057033608376,0.7345342569917983,0.8552333930478782,0.9973424221482794,0.9985464635010924,0.8593,0.4039230807262355,0.6254611426382638,0.0,0.0,907.0649659686994,148134.3111628703,48000,8,480000,3.2403026431347897,134367443.91374567,7.442278954431318e-09,7.442278954431319e-10,13436744.391374568,7.44227895443132e-08
306725_vit_b_32,306725,128,0.025,10,SGD,31_03,project_31_03conf.csv,vit_b_32,914.6238219730149,148932.12625017806,0.7322,0.8565,0.7437744445979788,0.8565708422905017,0.7327572802954218,0.8569777784583827,0.9972949471843824,0.9985505038123932,0.8601,0.3979740343247749,0.6278129216337153,0.0,0.0,913.499602177714,148857.53038463296,48000,8,480000,3.2245597435328133,135981294.78751916,7.353952626812196e-09,7.353952626812196e-10,13598129.478751916,7.353952626812196e-08
306726_vit_b_32,306726,128,0.025,10,SGD,31_03,project_31_03conf.csv,vit_b_32,906.9272410720004,148248.13444239888,0.7357,0.86,0.7471480765440691,0.8608347364825917,0.7388871234442641,0.8612312152757106,0.9973303009715652,0.9985858574953428,0.8612,0.4050648431056299,0.6366832259237407,0.0,0.0,905.8030212766994,148173.53857685378,48000,8,480000,3.2394448064762686,134216038.91617373,7.45067436109154e-09,7.45067436109154e-10,13421603.891617374,7.45067436109154e-08
306727_vit_b_32,306727,128,0.025,10,SGD,31_03,project_31_03conf.csv,vit_b_32,916.7984546610096,149366.46812553683,0.7425,0.8559,0.7542183347609464,0.856913245528689,0.7440580582902782,0.8562801428247218,0.9973989880656356,0.998544443418478,0.8607,0.4155940215991937,0.6271091743827361,0.0,0.0,915.6742348657086,149291.87225999174,48000,8,480000,3.215178379999684,136702720.90333703,7.315143351880342e-09,7.315143351880344e-10,13670272.090333704,7.315143351880343e-08
306728_vit_b_32,306728,128,0.025,10,SGD,31_03,project_31_03conf.csv,vit_b_32,922.4476267999852,149859.6349779007,0.7353,0.8621,0.7504838439440475,0.8614504075086015,0.7343772606507328,0.8621521816150406,0.9973262604977022,0.9986070695981608,0.8615,0.404168431348003,0.6393909628489126,0.0,0.0,921.3234070046842,149785.03911235562,48000,8,480000,3.204592413531675,138000462.55332536,7.246352523011187e-09,7.246352523011187e-10,13800046.255332535,7.246352523011187e-08
306729_vit_b_32,306729,128,0.025,10,SGD,31_03,project_31_03conf.csv,vit_b_32,923.0470531409956,149785.05672927215,0.7311,0.8614,0.7400784333178949,0.8608304854748429,0.7306167395524834,0.8616886738461134,0.9972838353342746,0.9985999984281534,0.8602,0.3942420374407877,0.6380643079491863,0.0,0.0,921.9228333456946,149710.46086372706,48000,8,480000,3.2061887808689384,138021492.26097697,7.245248429202294e-09,7.245248429202294e-10,13802149.226097696,7.245248429202293e-08
306730_vit_b_32,306730,128,0.025,10,SGD,31_03,project_31_03conf.csv,vit_b_32,920.0133397239842,149766.23278856123,0.7361,0.8511,0.7491187411556938,0.8509717363281191,0.7342430102155153,0.8503464534291545,0.9973343413376096,0.9984959584129216,0.8587,0.4038016360570561,0.6149473615408162,0.0,0.0,918.8891199286832,149691.63692301614,48000,8,480000,3.206591963763853,137550016.51287428,7.270082733188206e-09,7.270082733188207e-10,13755001.65128743,7.270082733188206e-08
306820_vit_b_32,306820,128,0.02,10,SGD,31_03,project_31_03conf.csv,vit_b_32,910.6611019059784,148584.10084992432,0.7293,0.8556,0.738073869986615,0.8557631520836807,0.73007767785328,0.8556075723342886,0.99726565435527,0.9985414129623232,0.8599,0.3919096670960668,0.625554365430635,0.0,0.0,909.5368821106774,148509.50498437922,48000,8,480000,3.2321163554513777,135074872.1272924,7.403301474589707e-09,7.403301474589708e-10,13507487.212729238,7.403301474589709e-08
306821_vit_b_32,306821,128,0.02,10,SGD,31_03,project_31_03conf.csv,vit_b_32,914.8735120049968,149089.14179203607,0.7189,0.8548,0.7314591212224308,0.855191506497178,0.7211124358157214,0.8557855323482754,0.9971606041622006,0.9985333323527268,0.8604,0.3781173806563081,0.6246768323150467,0.0,0.0,913.7492922096958,149014.54592649097,48000,8,480000,3.2211620484136123,136161935.86928034,7.344196405668254e-09,7.344196405668253e-10,13616193.586928032,7.344196405668255e-08
306822_vit_b_32,306822,128,0.02,10,SGD,31_03,project_31_03conf.csv,vit_b_32,919.2935709960002,149885.52872186736,0.7025,0.8511,0.7172403751964603,0.8516819045616841,0.7034114471831461,0.8519179676033114,0.99699494729229,0.9984959584935192,0.8603,0.3533567945895094,0.6165979831388125,0.0,0.0,918.1693512006992,149810.93285632227,48000,8,480000,3.2040385227448587,137551807.02346092,7.2699880985892065e-09,7.269988098589206e-10,13755180.702346094,7.269988098589206e-08
306823_vit_b_32,306823,128,0.02,10,SGD,31_03,project_31_03conf.csv,vit_b_32,933.0328578519984,151585.15664709648,0.7146,0.8582,0.7280713890986165,0.8569473164278173,0.7136136182133558,0.8567513772108749,0.997117169471303,0.9985676756518248,0.8605,0.3702084272687561,0.6291800564597734,0.0,0.0,931.9086380566974,151510.56078155138,48000,8,480000,3.168095989639073,141194000.349142,7.082453911123828e-09,7.082453911123827e-10,14119400.034914205,7.082453911123829e-08
306824_vit_b_32,306824,128,0.02,10,SGD,31_03,project_31_03conf.csv,vit_b_32,928.669877503009,151406.25468839423,0.735,0.8525,0.7484824877500736,0.8521598949849941,0.7328759777665711,0.8515712743124405,0.9973232302139644,0.9985100998360744,0.8566,0.4021012325055267,0.617716133134161,0.0,0.0,927.545657707708,151331.65882284913,48000,8,480000,3.1718412639743443,140367023.01483807,7.12418044154353e-09,7.12418044154353e-10,14036702.301483808,7.12418044154353e-08
306825_vit_b_32,306825,128,0.02,10,SGD,31_03,project_31_03conf.csv,vit_b_32,917.54133474399,149427.48308173704,0.7162,0.8573,0.7260482828226147,0.8576962174961174,0.7169792685081808,0.8575222599698209,0.9971333308847188,0.9985585846273765,0.8602,0.3717574247487553,0.6296297941260182,0.0,0.0,916.417114948689,149352.88721619194,48000,8,480000,3.213864887025507,136869542.01191956,7.306227414079553e-09,7.306227414079553e-10,13686954.201191954,7.306227414079556e-08
306826_vit_b_32,306826,128,0.02,10,SGD,31_03,project_31_03conf.csv,vit_b_32,916.6254008139948,149318.37014517502,0.7189,0.859,0.7346232302692907,0.8595888737900503,0.7219965867350868,0.8601879081643419,0.9971606038710062,0.9985757564774524,0.8614,0.3802186342038843,0.6342468232247704,0.0,0.0,915.5011810186938,149243.77427962993,48000,8,480000,3.216214561155832,136632851.61268857,7.318884061899604e-09,7.318884061899603e-10,13663285.161268856,7.318884061899604e-08
306827_vit_b_32,306827,128,0.02,10,SGD,31_03,project_31_03conf.csv,vit_b_32,913.8682406540028,149096.21054685337,0.7266,0.8577,0.7424730736919584,0.8592618987482712,0.7288158826934942,0.8583244454347785,0.9972383818918242,0.9985626252494756,0.8614,0.3920964548015305,0.6316663668944272,0.0,0.0,912.7440208587018,149021.61468130827,48000,8,480000,3.2210092544394247,136018587.77907345,7.351936351700974e-09,7.351936351700975e-10,13601858.777907344,7.351936351700975e-08
306828_vit_b_32,306828,128,0.02,10,SGD,31_03,project_31_03conf.csv,vit_b_32,914.2303962789885,148867.42657919615,0.7251,0.8603,0.7371689486940529,0.8594141155031665,0.723730284579585,0.8604382854889572,0.9972232301126496,0.9985888877655044,0.861,0.3857749924260093,0.6352707516888119,0.0,0.0,913.1061764836876,148792.83071365106,48000,8,480000,3.225961880675224,135863652.7411265,7.360320290411975e-09,7.360320290411974e-10,13586365.274112651,7.360320290411974e-08
306829_vit_b_32,306829,128,0.02,10,SGD,31_03,project_31_03conf.csv,vit_b_32,916.0059301260044,149223.61088142876,0.721,0.8594,0.7276006333461134,0.858991851387204,0.7204002997711605,0.8598142703028079,0.9971818150177114,0.9985797963852696,0.8569,0.3768569838531077,0.6338285786846345,0.0,0.0,914.8817103307034,149149.01501588366,48000,8,480000,3.218257927810534,136453705.95187142,7.328492788262636e-09,7.328492788262635e-10,13645370.595187142,7.328492788262635e-08
306830_vit_b_32,306830,128,0.02,10,SGD,31_03,project_31_03conf.csv,vit_b_32,917.87197202901,149302.07585575306,0.7328,0.8543,0.7453018084367455,0.8543099001125403,0.7310815890601812,0.8536269735794703,0.9973010079780572,0.9985282816706694,0.8604,0.3982077799881869,0.622091611806822,0.0,0.0,916.747752233709,149227.47999020797,48000,8,480000,3.21656574266011,136803956.85252395,7.309730091199117e-09,7.309730091199118e-10,13680395.685252396,7.309730091199116e-08
306920_vit_b_32,306920,128,0.04,10,SGD,31_03,project_31_03conf.csv,vit_b_32,919.8683972109866,149442.00468375385,0.7291,0.8585,0.7429045701670968,0.8578012500442311,0.7293311989597016,0.8582891476958714,0.9972636341516165,0.9985707059152964,0.8618,0.3939625163624564,0.6311599266260534,0.0,0.0,918.7441774156856,149367.40881820876,48000,8,480000,3.2135524328750704,137230437.14739764,7.287013149465606e-09,7.287013149465606e-10,13723043.714739762,7.287013149465607e-08
306921_vit_b_32,306921,128,0.04,10,SGD,31_03,project_31_03conf.csv,vit_b_32,906.2446770370008,148137.88089732372,0.7293,0.8529,0.7424850472119608,0.8534497595980715,0.7312225543876008,0.8538232348470018,0.9972656547374874,0.9985141404207034,0.8603,0.3948702062110094,0.6205806976037016,0.0,0.0,905.1204572416998,148063.28503177862,48000,8,480000,3.2418570201044656,134015108.2486716,7.461845258106653e-09,7.461845258106652e-10,13401510.82486716,7.461845258106653e-08
306922_vit_b_32,306922,128,0.04,10,SGD,31_03,project_31_03conf.csv,vit_b_32,899.3639756490011,147222.26517089628,0.7083,0.8529,0.7360151105705736,0.8528624934551349,0.7086801796363015,0.8535767113111642,0.9970535331938184,0.998514140325028,0.8612,0.3683602302818008,0.6199746142577467,0.0,0.0,898.2397558537001,147147.66930535118,48000,8,480000,3.262029240870513,132173886.55127963,7.565790990128968e-09,7.565790990128967e-10,13217388.655127965,7.565790990128968e-08
306923_vit_b_32,306923,128,0.04,10,SGD,31_03,project_31_03conf.csv,vit_b_32,913.2072961230006,148528.91950553196,0.741,0.8619,0.7488718730887801,0.8612412763387772,0.7397465492271336,0.8608697964578386,0.9973838363457166,0.9986050494183144,0.8637,0.4094218354064154,0.638135558447549,0.0,0.0,912.0830763276996,148454.32363998686,48000,8,480000,3.233317752092131,135402676.19970715,7.385378399205989e-09,7.385378399205987e-10,13540267.619970717,7.385378399205989e-08
306924_vit_b_32,306924,128,0.04,10,SGD,31_03,project_31_03conf.csv,vit_b_32,916.9203306590208,148943.7835951835,0.7321,0.8581,0.7477292007677425,0.8577609247915816,0.7298941642382069,0.8573280811672734,0.9972939372615888,0.9985666655372132,0.8608,0.3984720080380567,0.6301272675136683,0.0,0.0,915.7961108637198,148869.1877296384,48000,8,480000,3.2243072412790275,136333823.15024385,7.334936972301956e-09,7.334936972301955e-10,13633382.315024383,7.334936972301957e-08
306925_vit_b_32,306925,128,0.04,10,SGD,31_03,project_31_03conf.csv,vit_b_32,900.4604358779907,147414.265209756,0.7348,0.8614,0.7498290259157411,0.8608898478610213,0.7353353013938769,0.861547015518551,0.9973212098330776,0.9985999988041652,0.861,0.4040655888767537,0.638003406176014,0.0,0.0,899.3362160826897,147339.6693442109,48000,8,480000,3.2577784525811384,132507900.70689732,7.546719815688302e-09,7.546719815688301e-10,13250790.07068973,7.546719815688305e-08
306926_vit_b_32,306926,128,0.04,10,SGD,31_03,project_31_03conf.csv,vit_b_32,913.6121012139774,148594.02801515136,0.7358,0.8608,0.7579342654738146,0.8614987462896733,0.7388178157873975,0.8618630993478575,0.9973313110733542,0.9985939383096551,0.8603,0.4109302745796931,0.6382401490003001,0.0,0.0,912.4878814186764,148519.43214960626,48000,8,480000,3.23190031804382,135522181.99169907,7.378865845454373e-09,7.378865845454374e-10,13552218.199169908,7.378865845454373e-08
306927_vit_b_32,306927,128,0.04,10,SGD,31_03,project_31_03conf.csv,vit_b_32,920.7811984989968,149557.58588170656,0.7416,0.8536,0.755555124057737,0.8542090635145896,0.7424947853670377,0.8540383021862755,0.9973898971501368,0.99852121107887,0.8629,0.4149485478605382,0.621803589654898,0.0,0.0,919.6569787036958,149482.99001616146,48000,8,480000,3.211067693709528,137473074.96585777,7.274151685690858e-09,7.274151685690857e-10,13747307.496585775,7.274151685690859e-08
306928_vit_b_32,306928,128,0.04,10,SGD,31_03,project_31_03conf.csv,vit_b_32,912.8153353479864,148586.31496975175,0.7319,0.8611,0.7513062590881959,0.8606235932294016,0.7306080652041826,0.8612197937714607,0.997291917036018,0.9985969685800182,0.8598,0.4006595651390883,0.6373398636517351,0.0,0.0,911.6911155526856,148511.71910420666,48000,8,480000,3.232068168729479,135396814.86276123,7.385698112718561e-09,7.38569811271856e-10,13539681.486276124,7.38569811271856e-08
306929_vit_b_32,306929,128,0.04,10,SGD,31_03,project_31_03conf.csv,vit_b_32,919.2318818009808,149331.7029966523,0.7318,0.8597,0.7449976798742151,0.859250240647017,0.7316734064308651,0.8601571920976498,0.9972909060492838,0.9985828266917022,0.863,0.3978198548715674,0.634495442697113,0.0,0.0,918.1076620056798,149257.10713110722,48000,8,480000,3.215927262869759,137034093.66587213,7.297454036790894e-09,7.297454036790893e-10,13703409.366587214,7.297454036790893e-08
306930_vit_b_32,306930,128,0.04,10,SGD,31_03,project_31_03conf.csv,vit_b_32,910.887746145978,148370.36601787416,0.7368,0.8548,0.7528655767995052,0.8547474578223292,0.7355478902683472,0.854422688733373,0.9973414120502418,0.9985333321796926,0.8605,0.4069320198752477,0.6233581906336348,0.0,0.0,909.763526350677,148295.77015232906,48000,8,480000,3.2367747205934814,134914082.79667237,7.4121246594181706e-09,7.41212465941817e-10,13491408.279667236,7.412124659418171e-08
307020_vit_tiny_patch16_224,307020,128,0.035,10,SGD,31_03,project_31_03conf.csv,vit_tiny_patch16_224,711.4282549420022,89728.19329167613,0.7694,0.8611,0.7814778919318384,0.8608965210486201,0.7698969642745426,0.8612212286990539,0.9976707051877548,0.998596968562789,0.8652,0.4618369810597453,0.6375430441876477,0.0,0.0,710.9984448436298,89705.56180308576,48000,8,480000,5.350838792511621,63780514.9358181,1.56787696211969e-08,1.56787696211969e-09,6378051.493581811,1.56787696211969e-07
307021_vit_tiny_patch16_224,307021,128,0.035,10,SGD,31_03,project_31_03conf.csv,vit_tiny_patch16_224,704.814278106991,89542.53747087445,0.77,0.8673,0.7873486341984447,0.8677478837700364,0.7712596966547624,0.8681888622024408,0.9976767661234656,0.998659595063408,0.8638,0.4664964029706633,0.6525211587028709,0.0,0.0,704.3844680086186,89519.90598228408,48000,8,480000,5.361935926239597,63056431.35151272,1.5858810569621778e-08,1.5858810569621776e-09,6305643.135151272,1.585881056962178e-07
307022_vit_tiny_patch16_224,307022,128,0.035,10,SGD,31_03,project_31_03conf.csv,vit_tiny_patch16_224,700.8995392420038,89196.2464411818,0.766,0.8521,0.7820632626423432,0.8513306769406356,0.7654516448996724,0.8523281342357817,0.9976363619038516,0.998506059511024,0.8639,0.4574679633404354,0.6173712160511142,0.0,0.0,700.4697291436314,89173.61495259142,48000,8,480000,5.382758120271213,62463417.9126002,1.6009370499052996e-08,1.6009370499052996e-09,6246341.791260019,1.6009370499053e-07
307023_vit_tiny_patch16_224,307023,128,0.035,10,SGD,31_03,project_31_03conf.csv,vit_tiny_patch16_224,703.5071393740072,89235.61436768544,0.7808,0.8674,0.7924309993023071,0.8659575368069531,0.7810963866614701,0.8663155287497666,0.9977858568609308,0.9986606050171506,0.8627,0.4822177958652716,0.6498453739895755,0.0,0.0,703.0773292756348,89212.98287909507,48000,8,480000,5.380382815475577,62723625.7393471,1.5942955915137587e-08,1.5942955915137587e-09,6272362.57393471,1.5942955915137589e-07
307024_vit_tiny_patch16_224,307024,128,0.035,10,SGD,31_03,project_31_03conf.csv,vit_tiny_patch16_224,708.6168952400039,90115.69703125356,0.7767,0.8667,0.7932416042466154,0.866083611109083,0.7761143169904254,0.8660948157451027,0.9977444426670878,0.9986535342925338,0.8661,0.4770938318339639,0.6492454271702676,0.0,0.0,708.1870851416315,90093.0655426632,48000,8,480000,5.327824035166148,63802745.478132606,1.5673306728512715e-08,1.5673306728512712e-09,6380274.54781326,1.5673306728512718e-07
307025_vit_tiny_patch16_224,307025,128,0.035,10,SGD,31_03,project_31_03conf.csv,vit_tiny_patch16_224,703.9131987829751,90187.65189033048,0.7754,0.8662,0.7877541317469408,0.8668217527415496,0.7772272139298109,0.8667010978949733,0.9977313111934738,0.998648483694064,0.8655,0.473672407316463,0.6498752153561763,0.0,0.0,703.4833886846027,90165.02040174013,48000,8,480000,5.323572244106501,63429594.09303247,1.576551157702973e-08,1.576551157702973e-09,6342959.409303247,1.576551157702973e-07
307026_vit_tiny_patch16_224,307026,128,0.035,10,SGD,31_03,project_31_03conf.csv,vit_tiny_patch16_224,706.1791323119542,90204.27492951971,0.7703,0.8624,0.7858906387065946,0.862863881223473,0.7722161860291673,0.863426354473292,0.9976797961905732,0.9986100999382798,0.8605,0.466393072839727,0.6416117264332604,0.0,0.0,705.7493222135818,90181.64344092934,48000,8,480000,5.322590958484905,63645633.73454279,1.5711996901010725e-08,1.5711996901010726e-09,6364563.373454279,1.5711996901010726e-07
307027_vit_tiny_patch16_224,307027,128,0.035,10,SGD,31_03,project_31_03conf.csv,vit_tiny_patch16_224,686.4814697299735,93562.52073708132,0.7774,0.8599,0.7881945827502507,0.8604318395489143,0.7778412143693079,0.8601456125626958,0.9977515135666426,0.9985848474873612,0.8617,0.4755446805071807,0.635508512015919,0.0,0.0,686.0516596316011,93539.88924849094,48000,8,480000,5.131500623491959,64173196.26068337,1.558282987710033e-08,1.558282987710033e-09,6417319.626068337,1.558282987710033e-07
307028_vit_tiny_patch16_224,307028,128,0.035,10,SGD,31_03,project_31_03conf.csv,vit_tiny_patch16_224,693.1216825710144,89573.58730884708,0.7761,0.8667,0.7875044042606321,0.8654894258889699,0.7741366837438861,0.8664793893702172,0.9977383820379128,0.9986535342816156,0.8628,0.4720684781990556,0.64908809374528,0.0,0.0,692.691872472642,89550.95582025671,48000,8,480000,5.360076792071744,62031219.26884846,1.6120914787534916e-08,1.6120914787534915e-09,6203121.926884846,1.6120914787534918e-07
307029_vit_tiny_patch16_224,307029,128,0.035,10,SGD,31_03,project_31_03conf.csv,vit_tiny_patch16_224,692.6081700859941,91198.80162230796,0.7794,0.8648,0.7931539590109382,0.8642452871265934,0.777326407362191,0.864972543979188,0.9977717146699182,0.9986343419010558,0.864,0.4794601399402423,0.6455970244099253,0.0,0.0,692.1783599876217,91176.1701337176,48000,8,480000,5.264533477289508,63110171.91310901,1.5845306226971053e-08,1.584530622697105e-09,6311017.191310901,1.5845306226971057e-07
307030_vit_tiny_patch16_224,307030,128,0.035,10,SGD,31_03,project_31_03conf.csv,vit_tiny_patch16_224,680.8146597949672,94898.08780806528,0.7671,0.8644,0.7810442884337975,0.864655303695585,0.7656953705122487,0.8645257553544898,0.9976474728970416,0.998630301952936,0.8631,0.4576787743286259,0.6452684690490252,0.0,0.0,680.3848496965948,94875.4563194749,48000,8,480000,5.059264204049697,64551823.087821774,1.5491429244988405e-08,1.5491429244988404e-09,6455182.308782177,1.5491429244988406e-07
307120_vit_tiny_patch16_224,307120,128,0.025,10,SGD,31_03,project_31_03conf.csv,vit_tiny_patch16_224,695.2990744279814,90369.42710509583,0.7743,0.861,0.7836895515715528,0.8604075220628913,0.7749004289292308,0.8604947777709484,0.9977202001772604,0.9985959584609624,0.8628,0.4691459616956767,0.6365688647588997,0.0,0.0,694.869264329609,90346.79561650546,48000,8,480000,5.31286136630073,62779211.40457869,1.5928839780345932e-08,1.592883978034593e-09,6277921.140457869,1.5928839780345932e-07
307121_vit_tiny_patch16_224,307121,128,0.025,10,SGD,31_03,project_31_03conf.csv,vit_tiny_patch16_224,680.5296802540543,95425.64349291431,0.7711,0.863,0.7854324187750085,0.8630144928883827,0.7724319804980537,0.8637970411563668,0.9976878772420054,0.9986161606909338,0.8678,0.466739404164117,0.6424497831004551,0.0,0.0,680.0998701556819,95403.01200432394,48000,8,480000,5.031287691192024,64883576.07660167,1.541222078788318e-08,1.541222078788318e-09,6488357.607660167,1.541222078788318e-07
307122_vit_tiny_patch16_224,307122,128,0.025,10,SGD,31_03,project_31_03conf.csv,vit_tiny_patch16_224,711.0898830799852,89584.58409112872,0.771,0.8565,0.7830346492464868,0.8553097142761403,0.7706088169093083,0.8563802725963694,0.9976868669913762,0.9985505039880456,0.8649,0.4641555921060122,0.6264515116296882,0.0,0.0,710.6600729816128,89561.95260253835,48000,8,480000,5.359418659954449,63648103.77289565,1.5711387154095342e-08,1.571138715409534e-09,6364810.377289565,1.571138715409534e-07
307123_vit_tiny_patch16_224,307123,128,0.025,10,SGD,31_03,project_31_03conf.csv,vit_tiny_patch16_224,695.7027602960006,89844.03678028248,0.7801,0.8678,0.7896393323332512,0.8661764137631812,0.7799269888723488,0.8668370825960027,0.9977787861483516,0.9986646454243387,0.8612,0.4793660421272102,0.6507035206727768,0.0,0.0,695.2729501976282,89821.4052916921,48000,8,480000,5.34393776674074,62450393.44805162,1.6012709364783013e-08,1.6012709364783011e-09,6245039.3448051615,1.6012709364783018e-07
307124_vit_tiny_patch16_224,307124,128,0.025,10,SGD,31_03,project_31_03conf.csv,vit_tiny_patch16_224,687.8813953750068,92822.43707269596,0.7818,0.8647,0.7939898605065281,0.8639968664699041,0.7816398908535956,0.8642543620247628,0.9977959578591964,0.9986333322564128,0.8621,0.4841267480913234,0.6448003496873118,0.0,0.0,687.4515852766344,92799.8055841056,48000,8,480000,5.172424629327161,63795373.46215686,1.5675117892258998e-08,1.5675117892258996e-09,6379537.346215687,1.5675117892259e-07
307125_vit_tiny_patch16_224,307125,128,0.025,10,SGD,31_03,project_31_03conf.csv,vit_tiny_patch16_224,704.6508654130157,89673.10529852989,0.7793,0.8664,0.7894753723913378,0.8665792993274386,0.7814219017157898,0.8673452789392332,0.9977707051665168,0.9986505038978098,0.8628,0.4796888141441016,0.6503277685676296,0.0,0.0,704.2210553146433,89650.47380993952,48000,8,480000,5.354126750268024,63133751.2758934,1.5839388279495976e-08,1.5839388279495975e-09,6313375.127589339,1.5839388279495977e-07
307126_vit_tiny_patch16_224,307126,128,0.025,10,SGD,31_03,project_31_03conf.csv,vit_tiny_patch16_224,712.2903142420109,90344.30317558488,0.7749,0.8637,0.7890160398833376,0.8640666629458367,0.776554713370653,0.8647181202330357,0.9977262608728692,0.9986232312615372,0.8631,0.4737126216812115,0.6444457945854817,0.0,0.0,711.8605041436385,90321.67168699452,48000,8,480000,5.314339194954422,64296430.742200114,1.5552962869891675e-08,1.5552962869891672e-09,6429643.07422001,1.555296286989168e-07
307127_vit_tiny_patch16_224,307127,128,0.025,10,SGD,31_03,project_31_03conf.csv,vit_tiny_patch16_224,703.933028834057,90952.61900496372,0.7783,0.8618,0.788570114435766,0.862216803438523,0.7791236452777279,0.8621257043384876,0.9977606044821414,0.9986040394200808,0.8632,0.4771117162202591,0.6397155159843056,0.0,0.0,703.5032187356846,90929.98751637337,48000,8,480000,5.278786603963501,63969538.89736427,1.5632440333897776e-08,1.5632440333897775e-09,6396953.889736427,1.563244033389778e-07
307128_vit_tiny_patch16_224,307128,128,0.025,10,SGD,31_03,project_31_03conf.csv,vit_tiny_patch16_224,680.0717367450125,95437.04685555852,0.7843,0.8663,0.7927420732337582,0.8648261917984541,0.7825865940798671,0.8655974096399014,0.9978212103866808,0.9986494938743588,0.862,0.4855112063630044,0.6476288435675511,0.0,0.0,679.6419266466401,95414.41536696815,48000,8,480000,5.030686381653111,64847637.089869015,1.5420762341951664e-08,1.5420762341951663e-09,6484763.708986902,1.542076234195166e-07
307129_vit_tiny_patch16_224,307129,128,0.025,10,SGD,31_03,project_31_03conf.csv,vit_tiny_patch16_224,692.385045065952,90675.19327566492,0.784,0.8645,0.7927290127412635,0.8634625578358228,0.7820864104064565,0.8649238728027022,0.9978181793685508,0.9986313115946234,0.8607,0.4850058394034134,0.6447503268473229,0.0,0.0,691.9552349675796,90652.56178707456,48000,8,480000,5.294941373277766,62727514.6917882,1.594196749087705e-08,1.5941967490877051e-09,6272751.46917882,1.594196749087705e-07
307130_vit_tiny_patch16_224,307130,128,0.025,10,SGD,31_03,project_31_03conf.csv,vit_tiny_patch16_224,698.1767760170042,89490.02547158461,0.7783,0.8635,0.7901947647273879,0.8639201889040232,0.7771204554492858,0.8630832835308128,0.9977606042991588,0.9986212110366944,0.863,0.4768654647131543,0.6429681444465138,0.0,0.0,697.7469659186318,89467.39398299424,48000,8,480000,5.365083061335589,62425602.70028108,1.6019068406935818e-08,1.6019068406935815e-09,6242560.270028107,1.601906840693582e-07
307220_vit_tiny_patch16_224,307220,128,0.02,10,SGD,31_03,project_31_03conf.csv,vit_tiny_patch16_224,693.5136777070002,90703.61087460768,0.7651,0.8566,0.7743785297776398,0.8554434748373195,0.7652353512744068,0.8564068765231587,0.997627270809209,0.9985515139805898,0.8602,0.4523085969723553,0.6266427339160681,0.0,0.0,693.0838676086278,90680.97938601732,48000,8,480000,5.29328204492258,62849523.911399126,1.5911019491726464e-08,1.5911019491726463e-09,6284952.391139912,1.5911019491726465e-07
307221_vit_tiny_patch16_224,307221,128,0.02,10,SGD,31_03,project_31_03conf.csv,vit_tiny_patch16_224,698.9510962310014,88999.30081791901,0.7698,0.8635,0.7807733283120961,0.8634557752580139,0.7706293853136447,0.864317628229926,0.9976747459200944,0.9986212111993612,0.8609,0.4621015447580401,0.6435415582416423,0.0,0.0,698.521286132629,88976.66932932864,48000,8,480000,5.394672599211146,62152097.49572029,1.6089561580264585e-08,1.6089561580264584e-09,6215209.749572029,1.6089561580264585e-07
307222_vit_tiny_patch16_224,307222,128,0.02,10,SGD,31_03,project_31_03conf.csv,vit_tiny_patch16_224,695.5384470840218,89910.12130162632,0.7571,0.8535,0.769896317195926,0.8523722526951656,0.757420469077682,0.8539354329355386,0.9975464628480578,0.9985202009355312,0.8628,0.4404084661696638,0.6203184792784715,0.0,0.0,695.1086369856494,89887.48981303595,48000,8,480000,5.340008948947063,62481570.52600086,1.6004719336942142e-08,1.6004719336942141e-09,6248157.052600086,1.600471933694214e-07
307223_vit_tiny_patch16_224,307223,128,0.02,10,SGD,31_03,project_31_03conf.csv,vit_tiny_patch16_224,707.886801058019,89629.21249109531,0.7801,0.8674,0.785933465748344,0.86611990434982,0.7793996726953349,0.8666000432936325,0.9977787861483516,0.9986606050171506,0.8622,0.4767937401834169,0.6501806820086931,0.0,0.0,707.4569909596466,89606.58100250494,48000,8,480000,5.356749410923085,63392802.16621398,1.577466156769708e-08,1.577466156769708e-09,6339280.216621398,1.5774661567697086e-07
307224_vit_tiny_patch16_224,307224,128,0.02,10,SGD,31_03,project_31_03conf.csv,vit_tiny_patch16_224,708.3054422929999,89986.95367505963,0.772,0.8627,0.7834376251584346,0.8621686278056424,0.7720369373837873,0.8621807889928295,0.9976969678822032,0.9986131302202916,0.861,0.4658632551720502,0.6403945506940687,0.0,0.0,707.8756321946275,89964.32218646926,48000,8,480000,5.335448412595194,63683551.44270808,1.5702641849357827e-08,1.5702641849357827e-09,6368355.144270808,1.570264184935783e-07
307225_vit_tiny_patch16_224,307225,128,0.02,10,SGD,31_03,project_31_03conf.csv,vit_tiny_patch16_224,694.4130303779966,90427.03868297915,0.7719,0.8668,0.7786616442287777,0.8672882981662887,0.773725630401052,0.8676153552673433,0.9976959576279224,0.9986545443053017,0.8635,0.4639754690955592,0.6513657241806984,0.0,0.0,693.9832202796242,90404.40719438878,48000,8,480000,5.309475664918608,62739141.63223235,1.5939013094279378e-08,1.5939013094279381e-09,6273914.163223236,1.593901309427938e-07
307226_vit_tiny_patch16_224,307226,128,0.02,10,SGD,31_03,project_31_03conf.csv,vit_tiny_patch16_224,696.234937022964,90659.46108061045,0.7654,0.862,0.7794322960686917,0.8623780051021552,0.7669563044970338,0.8628090315708817,0.9976303012029102,0.9986060595311236,0.8583,0.4564646059745219,0.6404921578956336,0.0,0.0,695.8051269245916,90636.82959202008,48000,8,480000,5.295860437314552,63065570.71831811,1.585651233486005e-08,1.5856512334860051e-09,6306557.071831812,1.585651233486005e-07
307227_vit_tiny_patch16_224,307227,128,0.02,10,SGD,31_03,project_31_03conf.csv,vit_tiny_patch16_224,685.7361865990097,94012.6702725054,0.7749,0.8599,0.7851778026325329,0.8604150999968496,0.775323213429821,0.8603328512248614,0.9977262610235904,0.9985848474873612,0.8602,0.4706606223466343,0.6356344847094261,0.0,0.0,685.3063765006373,93990.03878391504,48000,8,480000,5.106924161437251,64411972.90615918,1.5525063973073526e-08,1.5525063973073527e-09,6441197.290615918,1.552506397307353e-07
307228_vit_tiny_patch16_224,307228,128,0.02,10,SGD,31_03,project_31_03conf.csv,vit_tiny_patch16_224,703.2834466649801,89317.37078878428,0.785,0.865,0.79093491022429,0.8636915713577829,0.7833194820458345,0.8641374506095195,0.9978282810993804,0.9986363625507736,0.8621,0.4852942420208966,0.6447108688208262,0.0,0.0,702.8536365666077,89294.7393001939,48000,8,480000,5.375456647970276,62761132.24340847,1.5933428290007083e-08,1.5933428290007081e-09,6276113.224340847,1.593342829000708e-07
307229_vit_tiny_patch16_224,307229,128,0.02,10,SGD,31_03,project_31_03conf.csv,vit_tiny_patch16_224,677.3083677840186,96861.24499977108,0.7777,0.8575,0.7849453172993586,0.8566535754335858,0.7751058106500135,0.8575033169875,0.997754542933467,0.99856060444453,0.8587,0.4721024001949009,0.6289984820008724,0.0,0.0,676.8785576856462,96838.61351118072,48000,8,480000,4.956700458589079,65547981.04172573,1.5256000018725706e-08,1.5256000018725704e-09,6554798.1041725725,1.525600001872571e-07
307230_vit_tiny_patch16_224,307230,128,0.02,10,SGD,31_03,project_31_03conf.csv,vit_tiny_patch16_224,697.0674207519623,90811.08250869816,0.7697,0.8621,0.7830681420083221,0.861906150184723,0.7683663916500563,0.8618176634836275,0.9976737355439615,0.99860706961143,0.8617,0.4620382625588273,0.6394810097302592,0.0,0.0,696.63761065359,90788.4510201078,48000,8,480000,5.287016075356212,63246649.593588375,1.5811114208038222e-08,1.581111420803822e-09,6324664.959358837,1.5811114208038225e-07
307320_vit_tiny_patch16_224,307320,128,0.04,10,SGD,31_03,project_31_03conf.csv,vit_tiny_patch16_224,701.7861690390273,89784.30278855881,0.7694,0.8591,0.7841100548888695,0.8585749010267472,0.7696792202007768,0.858760752990893,0.9976707051877548,0.998576766526256,0.8605,0.4632614761818659,0.6325218797580231,0.0,0.0,701.3563589406549,89761.67129996844,48000,8,480000,5.347494014409787,62954918.95537375,1.5884382294398e-08,1.5884382294398e-09,6295491.895537375,1.5884382294398006e-07
307321_vit_tiny_patch16_224,307321,128,0.04,10,SGD,31_03,project_31_03conf.csv,vit_tiny_patch16_224,708.2004415639676,89657.40616026407,0.7565,0.8611,0.7814773640877015,0.8612236960281393,0.7579848365805713,0.8620490626495699,0.9975404023959298,0.9985969687589102,0.8636,0.4470090826590951,0.6383983961507461,0.0,0.0,707.7706314655952,89634.7746716737,48000,8,480000,5.355064502122179,63440861.07064684,1.5762711651823492e-08,1.5762711651823488e-09,6344086.107064683,1.5762711651823488e-07
307322_vit_tiny_patch16_224,307322,128,0.04,10,SGD,31_03,project_31_03conf.csv,vit_tiny_patch16_224,702.1256433939561,89686.29646561967,0.7575,0.8559,0.776569909234214,0.855396300431582,0.7572441114708317,0.8562013915241508,0.9975505032550598,0.9985444433775428,0.8671,0.4443590119471593,0.6259414658633301,0.0,0.0,701.6958332955837,89663.6649770293,48000,8,480000,5.353339060175267,62916620.11239262,1.5894051495671984e-08,1.5894051495671983e-09,6291662.011239262,1.5894051495671985e-07
307323_vit_tiny_patch16_224,307323,128,0.04,10,SGD,31_03,project_31_03conf.csv,vit_tiny_patch16_224,679.519258218992,94942.39776897996,0.7789,0.8665,0.7947571341787883,0.8652152747610153,0.7791929469450811,0.8654750988725306,0.9977666649267874,0.9986515141009772,0.8625,0.4812714972838401,0.6479795305485407,0.0,0.0,679.0894481206196,94919.7662803896,48000,8,480000,5.056902464151642,64459011.69908797,1.5513734598790772e-08,1.5513734598790766e-09,6445901.169908796,1.551373459879077e-07
307324_vit_tiny_patch16_224,307324,128,0.04,10,SGD,31_03,project_31_03conf.csv,vit_tiny_patch16_224,707.7279480300494,89549.55306318168,0.7734,0.8619,0.7886480751509549,0.8611390232225219,0.7732946329782371,0.8613345819022119,0.997711109307488,0.9986050494058432,0.8631,0.4705840676963961,0.6384042839790007,0.0,0.0,707.298137931677,89526.92157459131,48000,8,480000,5.361515749204863,63322224.92446372,1.5792243579452355e-08,1.5792243579452354e-09,6332222.492446372,1.5792243579452354e-07
307325_vit_tiny_patch16_224,307325,128,0.04,10,SGD,31_03,project_31_03conf.csv,vit_tiny_patch16_224,705.2699901300366,89238.626675055,0.773,0.8622,0.7871705567445343,0.862620917542239,0.7749424027986376,0.862783991782186,0.9977070687485244,0.998608079619148,0.8644,0.4704579475096936,0.6408039168812405,0.0,0.0,704.8401800316642,89215.99518646463,48000,8,480000,5.380201151114021,62883018.10893182,1.5902544599047502e-08,1.59025445990475e-09,6288301.810893182,1.5902544599047502e-07
307326_vit_tiny_patch16_224,307326,128,0.04,10,SGD,31_03,project_31_03conf.csv,vit_tiny_patch16_224,707.4600771599798,89319.20641696008,0.7719,0.8646,0.7894788316699443,0.8653501140475816,0.7734323990677495,0.8657218629919402,0.9976959578191978,0.9986323221776388,0.859,0.4702427451719534,0.6468313940952198,0.0,0.0,707.0302670616074,89296.57492836971,48000,8,480000,5.375346147207075,63135381.21929208,1.5838979359713333e-08,1.583897935971333e-09,6313538.121929207,1.5838979359713334e-07
307327_vit_tiny_patch16_224,307327,128,0.04,10,SGD,31_03,project_31_03conf.csv,vit_tiny_patch16_224,709.8024446939817,89735.75016717851,0.7655,0.8612,0.7805769802887645,0.8611187242333987,0.7661706459727662,0.8613236022910497,0.9976313114617148,0.9985979788097484,0.8638,0.4567268198193596,0.6378581142296473,0.0,0.0,709.3726345956093,89713.11867858814,48000,8,480000,5.3503880711100695,63640031.35481864,1.5713380064579164e-08,1.5713380064579164e-09,6364003.135481863,1.5713380064579166e-07
307328_vit_tiny_patch16_224,307328,128,0.04,10,SGD,31_03,project_31_03conf.csv,vit_tiny_patch16_224,691.8471730059828,91241.86349443968,0.7766,0.8669,0.7925662032684309,0.8660523965297438,0.7742240303283573,0.866546589727037,0.997743432546984,0.9986555544852442,0.864,0.475464898029693,0.6497118832301246,0.0,0.0,691.4173629076104,91219.2320058493,48000,8,480000,5.262048248435381,63070560.839941815,1.5855257772921407e-08,1.5855257772921407e-09,6307056.083994181,1.5855257772921408e-07
307329_vit_tiny_patch16_224,307329,128,0.04,10,SGD,31_03,project_31_03conf.csv,vit_tiny_patch16_224,696.8247329780133,89827.35481260109,0.7801,0.8664,0.7940866397401162,0.8663397995784312,0.7794734031655193,0.8670507456685683,0.9977787853849274,0.998650503535363,0.8607,0.4817855096832974,0.6499272574335333,0.0,0.0,696.394922879641,89804.72332401072,48000,8,480000,5.344930447234777,62539553.37345193,1.5989880740409963e-08,1.598988074040996e-09,6253955.337345192,1.5989880740409968e-07
307330_vit_tiny_patch16_224,307330,128,0.04,10,SGD,31_03,project_31_03conf.csv,vit_tiny_patch16_224,706.5588937060093,89971.551509625,0.771,0.8649,0.7852882009365014,0.8649327716943218,0.770513075393173,0.864625866637056,0.9976868668674216,0.9986353524619592,0.8634,0.4654335854790677,0.6459269574357607,0.0,0.0,706.1290836076369,89948.92002103463,48000,8,480000,5.336362013993626,63515548.4659498,1.5744176412742342e-08,1.5744176412742342e-09,6351554.84659498,1.5744176412742346e-07
