exp_id,model,epoch,epoch_label,lr,dropout,weight_decay,optimizer,batch_size,val_accuracy,val_recall,val_precision,val_specificity,val_f1,Pg,energy_J,duration_s,SPJ,FPJ,EDP_inv,Eg,perfJ
867,vit_b_16,1,epoch_1,0.01,0.0,0.0,SGD,128,0.717,0.7140287522039154,0.7213759317059159,0.9971414119602307,0.7027645941897254,0.3682589047641112,40900.80804270457,198.96065020700917,1.1735709463217243,422065.1335292909,1.22885579081077e-07,0.06086810015824738,9.003707319904579e-06
867,vit_b_16,10,epoch_10,0.01,0.0,0.0,SGD,128,0.8646,0.863532029726553,0.8643780301327173,0.9986323221887463,0.8632690288562991,0.6444704669479423,409653.5984331582,1993.6112698223442,1.1717216737162874,421400.05785440974,1.2244547656774616e-09,0.0006045911699876724,1.5732083629020004e-06
868,vit_b_16,1,epoch_1,0.02,0.0,0.0,SGD,128,0.7676,0.7652005252738381,0.7710870700213366,0.9976525234613344,0.7608039290108606,0.45184861107472724,40882.3131931974,199.90572498203255,1.1741018609481948,422256.0726058045,1.2235995461670355e-07,0.06066259544934463,1.1052422815201965e-05
868,vit_b_16,10,epoch_10,0.02,0.0,0.0,SGD,128,0.8728,0.871682445076428,0.8725810992256009,0.9987151505347752,0.8714912175207924,0.6630106081038999,407655.39277934685,1985.436615510378,1.1774651053366818,423465.63577398576,1.2355228485368546e-09,0.0006160514723008394,1.6263996989799915e-06
869,vit_b_16,1,epoch_1,0.03,0.0,0.0,SGD,128,0.7757,0.7738453936187756,0.7814779392296184,0.9977343417055822,0.7709503560247183,0.4680364068244033,40754.23356602252,198.24118114705198,1.177791748242283,423583.1102070408,1.2377513060810266e-07,0.06175050809893629,1.14843628715573e-05
869,vit_b_16,10,epoch_10,0.03,0.0,0.0,SGD,128,0.8737,0.8724548960745541,0.8733117891328311,0.9987242414508026,0.8722124621489137,0.664844735447918,408333.4974336928,1989.6109297757503,1.1755097316696257,422762.40172539896,1.2308831696662817e-09,0.0006117013215778971,1.628190534517386e-06
870,vit_b_16,1,epoch_1,0.04,0.0,0.0,SGD,128,0.7805,0.7784857545923661,0.7880638517448414,0.9977828265910624,0.7761627427632345,0.477772346407419,41088.329922848476,201.7482250169851,1.1682149186917443,420138.88226691994,1.2063457214569804e-07,0.05920895717012743,1.1627932975239727e-05
870,vit_b_16,10,epoch_10,0.04,0.0,0.0,SGD,128,0.8737,0.8725747951906974,0.8729710959459172,0.9987242414508026,0.8720954112266351,0.6646767008314816,409509.82317303016,1999.1486297347583,1.1721330547843432,421548.00767028116,1.221491903009752e-09,0.0006035517965661965,1.6231031912282987e-06
871,vit_b_16,1,epoch_1,0.25,0.0,0.0,SGD,128,0.5772,0.5771865648170255,0.6463448040200024,0.9957292896706201,0.5773320859869024,0.21441150239034243,40891.11519932914,199.61672915495,1.1738491299642395,422165.1799871482,1.2251072498340198e-07,0.06071119793434924,5.243474073650602e-06
871,vit_b_16,10,epoch_10,0.25,0.0,0.0,SGD,128,0.8356,0.8347399197503778,0.8355631335263566,0.9983393926723036,0.8341749655187907,0.5818447130010929,407330.56728327007,1983.347134777112,1.1784040741194692,423803.32816994115,1.2378107920199191e-09,0.0006181770291994585,1.4284337089695023e-06
872,vit_b_16,1,epoch_1,0.35,0.0,0.0,SGD,128,0.5713,0.5732225570861772,0.6422438237071317,0.9956696936655509,0.5724923773411937,0.20941255755952332,40769.33063323154,198.99570914101787,1.1773556066401212,423426.25546883256,1.2326015425599274e-07,0.06144805588453835,5.136521848823997e-06
872,vit_b_16,10,epoch_10,0.35,0.0,0.0,SGD,128,0.81,0.8089399617369253,0.8093252412365554,0.9980808066164093,0.808189901034809,0.529285624303339,408257.7233420138,1987.0462397725787,1.1757279104745433,422840.8679371942,1.2327006275919918e-09,0.0006128319521434001,1.296449752304956e-06
8672,vit_b_16,1,epoch_1,0.01,0.0,0.0,SGD,128,0.7155,0.7184347517500206,0.7218318339101767,0.9971262601277138,0.7048046255655914,0.3699841801667094,40918.27126541617,199.23211840796284,1.1730700861883492,421885.00330390054,1.2266576455750405e-07,0.06070736994720403,9.042028627426824e-06
8672,vit_b_16,10,epoch_10,0.01,0.0,0.0,SGD,128,0.8573,0.8572230220186461,0.8576668722068015,0.9985585846053595,0.8567699710102227,0.6293885460255941,408816.22138194356,1987.4163312213495,1.1741217077380885,422263.21034047054,1.2307873557714987e-09,0.000610210095876576,1.539539071854923e-06
8682,vit_b_16,1,epoch_1,0.02,0.0,0.0,SGD,128,0.7526,0.7544046794671334,0.7571865238315677,0.9975010079282827,0.7463476422893345,0.4288296511216847,41019.174353542396,200.19396153301932,1.170184450478944,420847.20816690923,1.217761141825967e-07,0.05997094400792753,1.0454370617643873e-05
8682,vit_b_16,10,epoch_10,0.02,0.0,0.0,SGD,128,0.8676,0.8676815547224388,0.8677536845452594,0.998662625099857,0.8671139467515044,0.6523717882164082,408146.5684662977,1987.9792733625509,1.1760481089029065,422956.02466704213,1.2324576315812656e-09,0.0006130449253654884,1.5983762663198211e-06
8692,vit_b_16,1,epoch_1,0.03,0.0,0.0,SGD,128,0.759,0.7604754446481686,0.7711967149537096,0.9975656544491356,0.7546072527538991,0.44405179561668456,40882.39967434383,200.15343106212094,1.174099377295675,422255.1793806137,1.2220826574823093e-07,0.0605871360816781,1.086168618167866e-05
8692,vit_b_16,10,epoch_10,0.03,0.0,0.0,SGD,128,0.8757,0.8756954931179045,0.8762816704246138,0.9987444433528113,0.8753984190668491,0.6711298690602486,408291.7284645307,1988.1448516885284,1.175629988403497,422805.6510701431,1.2319168497341423e-09,0.0006123402883618757,1.6437508337094594e-06
8702,vit_b_16,1,epoch_1,0.04,0.0,0.0,SGD,128,0.7828,0.7835557613992878,0.7928922206862212,0.9978060586985568,0.7787481534881309,0.4852672906834659,40809.87048727014,199.18920545908622,1.176186040947439,423005.63079181546,1.2301809124945166e-07,0.06120559913544814,1.189092944646408e-05
8702,vit_b_16,10,epoch_10,0.04,0.0,0.0,SGD,128,0.8799,0.8800519580417344,0.8802947638001233,0.998786867632121,0.8794837465487315,0.6808360968556902,407696.78613562393,1982.4433302620891,1.1773455575887806,423422.64141021157,1.2372627290447454e-09,0.0006167937396607386,1.6699569876648576e-06
8712,vit_b_16,1,epoch_1,0.25,0.0,0.0,SGD,128,0.6583,0.6591679419091008,0.7142059252922895,0.9965484818475916,0.6577311867353601,0.3088458809307471,41285.23166727005,202.56204441888258,1.1626433487607934,418135.1129897024,1.1957687582589686e-07,0.05813134252446625,7.480783526172939e-06
8712,vit_b_16,10,epoch_10,0.25,0.0,0.0,SGD,128,0.8327,0.8328737406516233,0.832255279795739,0.9983100995408313,0.8317723992205996,0.5762218971364319,409130.84426976094,1999.9853373975493,1.1732188045042906,421938.4886224258,1.222111881028967e-09,0.0006049773627946256,1.4084049276824978e-06
8722,vit_b_16,1,epoch_1,0.35,0.0,0.0,SGD,128,0.5884,0.5894006342738232,0.6735611307971273,0.995842420627652,0.5850553598591932,0.23262206282083814,40625.42333048673,198.12835506582633,1.1815261495128626,424926.15689361666,1.2423829040862502e-07,0.062375245789799506,5.7260218786759194e-06
8722,vit_b_16,10,epoch_10,0.35,0.0,0.0,SGD,128,0.8117,0.8118016431093177,0.8111001134840227,0.9980979781442829,0.8106239910830259,0.5334492513536576,408990.0950535516,1995.4428699193522,1.1736225542018337,422083.693878691,1.2253154549191908e-09,0.0006069807709875877,1.3043084852306993e-06
8791,vit_b_16,1,epoch_1,0.03,0.1,0.0,SGD,128,0.7016,0.6990675476817063,0.7114457377439207,0.9969858562859818,0.6844577862649136,0.34788804214356833,43179.637173194285,209.11374248797074,1.111635093353637,399790.4136794523,1.1074864888996791e-07,0.04921903125019921,8.056761587601657e-06
8791,vit_b_16,10,epoch_10,0.03,0.1,0.0,SGD,128,0.8762,0.87429406385707,0.8752824674668348,0.9987494939953234,0.873740157810964,0.6696773034165572,431103.39187076123,2093.1864416832104,1.1134219981825086,400433.0592967162,1.1081808656351341e-09,0.000494083521658831,1.5534030027240358e-06
8881,vit_b_16,1,epoch_1,0.03,0.05,0.0,SGD,128,0.754,0.7511971209601517,0.7571100396261717,0.9975151496191403,0.7440776225469753,0.42776354084617074,42915.295063820384,209.19629186205566,1.1184823482774156,402252.9725667285,1.1138684812098871e-07,0.050114374219121405,9.967624368189316e-06
8881,vit_b_16,10,epoch_10,0.03,0.05,0.0,SGD,128,0.8792,0.8777261214121258,0.8782038791285766,0.9987797970487486,0.8772121671804528,0.6768801882542358,429479.58476467757,2088.737261486938,1.1176317036419876,401947.04522355157,1.1147401951980903e-09,0.0005007733566444282,1.576047412416856e-06
412,vit_b_32,1,epoch_1,0.03,0.1,0.0,SGD,128,0.6197,0.6196989792194286,0.6464026863787916,0.9961585825186979,0.5989208461358405,0.24728280055088692,15583.538844578907,94.72190401703119,3.0801732827648394,282281.7042953164,6.774597427088199e-07,0.5890353691922938,1.5868205740502256e-05
412,vit_b_32,10,epoch_10,0.03,0.1,0.0,SGD,128,0.8604,0.8609248610133795,0.8615842884355607,0.9985898977638975,0.8590653368108896,0.6373097898095557,155629.3488771232,937.4293163530529,3.084251161257398,282655.4204421416,6.854408263672875e-09,0.005975538152296179,4.0950488735433965e-06
413,vit_b_32,1,epoch_1,0.03,0.1,0.0,SGD,128,0.6208,0.6211688460242233,0.6413509484298953,0.996169693455998,0.6001703908928832,0.24637148468769032,15693.702501965281,94.72903866693377,3.058551670263221,280300.197066252,6.726535744530808e-07,0.5766744089700634,1.56987482499326e-05
413,vit_b_32,10,epoch_10,0.03,0.1,0.0,SGD,128,0.8588,0.8581704542393728,0.8583558498493317,0.9985737360653664,0.8562525610581839,0.6317032402564469,156435.3111319088,941.0733152376488,3.068360950778282,281199.16610711603,6.792689309058221e-09,0.0058608718622754465,4.038111572672901e-06
421,vit_b_32,1,epoch_1,0.03,0.1,0.0,SGD,256,0.3749,0.37303721681856755,0.41598572386195565,0.9936858537679866,0.3387308736045981,0.05780895732578555,15602.092821425405,92.79016562108882,3.076510347001943,281946.0154703856,6.90740932872886e-07,0.5991554778447159,3.7052053200452713e-06
421,vit_b_32,10,epoch_10,0.03,0.1,0.0,SGD,256,0.854,0.8515700666735267,0.8537534867471863,0.9985252513999778,0.8503888754109677,0.6199687518417449,156034.23118000443,922.0104047660716,3.0762480538405814,281921.97767971054,6.950952048956436e-09,0.006028296125266414,3.973286804781547e-06
422,vit_b_32,1,epoch_1,0.03,0.1,0.0,SGD,256,0.3613,0.35888749831434197,0.4162133102465876,0.9935484792392648,0.3156448218130283,0.05362055677590886,15683.870140028012,94.00243747700006,3.0604691043376793,280475.9198288123,6.782778693651995e-07,0.5822255071828077,3.4188345285427805e-06
422,vit_b_32,10,epoch_10,0.03,0.1,0.0,SGD,256,0.8522,0.8526551790893855,0.8539957143222923,0.998507069409055,0.8503389178462506,0.6196148239242247,157416.33259239706,936.8846730545629,3.0492388692784425,279446.7277668278,6.780536772953971e-09,0.00577769419221085,3.936153343939301e-06
423,vit_b_32,1,epoch_1,0.03,0.1,0.0,SGD,256,0.402,0.40336117885096734,0.46245708754319087,0.993959590418478,0.3597273924466174,0.07453501082608954,15867.258173390685,94.74398163799196,3.025097308903423,277234.28054993233,6.651911763953429e-07,0.5578696816831643,4.697409597272729e-06
423,vit_b_32,10,epoch_10,0.03,0.1,0.0,SGD,256,0.8555,0.854748815719727,0.855732709542669,0.998540402701455,0.8527929610607312,0.6248306087377463,157312.72592339924,931.9430905517656,3.051247107838738,279630.77228360996,6.820979598908543e-09,0.005819813846929989,3.9719012245836805e-06
431,vit_b_32,1,epoch_1,0.03,0.1,0.0,SGD,72,0.617,0.6172250357042307,0.6392747451298982,0.9961313101793934,0.600826840350033,0.24251177828791826,15881.15470238564,95.71627186704427,3.022450249967625,276991.69150082,6.578579828982283e-07,0.5507544977381519,1.5270412185550246e-05
431,vit_b_32,10,epoch_10,0.03,0.1,0.0,SGD,72,0.8535,0.8516824754179272,0.8523012654103508,0.9985202008910735,0.8502035503180546,0.6186303536440908,158511.98036615064,948.772386200726,3.028162280801971,277515.1691272019,6.64929914707989e-09,0.005587811464446107,3.9027356305504585e-06
432,vit_b_32,1,epoch_1,0.03,0.1,0.0,SGD,72,0.6867,0.6868887838288192,0.7027730460077024,0.9968353507838761,0.6732286362056082,0.3304395328732941,15671.764276492202,93.62839815905318,3.0628332045550524,280692.5771974802,6.815135829462768e-07,0.5859071403596074,2.1085024445458037e-05
432,vit_b_32,10,epoch_10,0.03,0.1,0.0,SGD,72,0.8617,0.862169153529981,0.8627818246804023,0.9986030290884457,0.8605337376632779,0.6400920605945913,157644.4259112369,940.8303905937355,3.0448269720000645,279042.400552549,6.742330592655466e-09,0.005728525632598947,4.060353272211482e-06
433,vit_b_32,1,epoch_1,0.03,0.1,0.0,SGD,72,0.67,0.6681582165052217,0.691979457863645,0.996666663608859,0.6566958689650838,0.308743092938848,15858.244458715768,95.7851414710749,3.0268167529489034,277391.8585661805,6.583346997732895e-07,0.5527472443370617,1.9468932626345113e-05
433,vit_b_32,10,epoch_10,0.03,0.1,0.0,SGD,72,0.8616,0.861005485333407,0.8609416904751764,0.9986020189195942,0.8595430546877428,0.6377901196217387,159655.87723852755,955.3378981088754,3.006466209088407,275526.83810242236,6.556288912365918e-09,0.005430981438193058,3.994780089860855e-06
441,vit_b_32,1,epoch_1,0.03,0.1,0.0,SGD,96,0.6538,0.6524291522411788,0.676028224055357,0.9965030276347415,0.6370791205444497,0.287356962977278,15643.572952227749,94.28953619906679,3.0683527443878784,281198.4140345355,6.779545014742949e-07,0.5849499405824602,1.836901095771452e-05
441,vit_b_32,10,epoch_10,0.03,0.1,0.0,SGD,96,0.8635,0.8613254581135656,0.8625007007295558,0.9986212110691572,0.8601282736443139,0.6406043282882934,160422.5992712458,962.6478451585863,2.9920971370648735,274209.98811783176,6.475406072499519e-09,0.005312830577031524,3.9932299513807685e-06
442,vit_b_32,1,epoch_1,0.03,0.1,0.0,SGD,96,0.6673,0.6681560808065684,0.6795278476474041,0.996639391017541,0.6509210540804199,0.30195648237250583,15711.307455201275,94.70881772786379,3.0551244787784646,279986.11296628375,6.720433024948672e-07,0.5748607518667698,1.9219055017126678e-05
442,vit_b_32,10,epoch_10,0.03,0.1,0.0,SGD,96,0.8622,0.8625127966302535,0.8633158270198902,0.9986080795978874,0.8610521408807724,0.6411185518030441,157296.67948601587,944.3918282808736,3.0515583772553407,279659.2984908546,6.731753807655623e-09,0.0057448563169583645,4.075855599100815e-06
443,vit_b_32,1,epoch_1,0.03,0.1,0.0,SGD,96,0.6482,0.6483058964360566,0.663768430500962,0.9964464613866565,0.63049591386797,0.2779454446273269,15616.365014880506,94.39278937596828,3.0736986458924216,281688.3378307522,6.783927975794628e-07,0.5873694864004689,1.779834451631212e-05
443,vit_b_32,10,epoch_10,0.03,0.1,0.0,SGD,96,0.8609,0.860262226487674,0.860304761167652,0.9985949482060372,0.8587422686268381,0.6362462749224496,155994.65417162472,935.5653101289645,3.0770285209383257,281993.50339020556,6.851981380545754e-09,0.005945478308625853,4.07864152974405e-06
451,vit_b_32,1,epoch_1,0.03,0.1,0.0,SGD,64,0.6976,0.6965007464961865,0.7118005727395088,0.9969454522147482,0.6872025393540155,0.34479248210255836,16035.211241189898,96.25442876899615,2.993412389647955,274330.5241093646,6.478949479543632e-07,0.5320412174434918,2.1502210162151437e-05
451,vit_b_32,10,epoch_10,0.03,0.1,0.0,SGD,64,0.8658,0.8637569918038258,0.8645701543926754,0.9986444434101164,0.8627192360221462,0.6456843891403872,159722.06238936176,950.8495252558496,3.005220398606437,275412.6661147465,6.584507500012091e-09,0.005449837264064755,4.042549786055059e-06
452,vit_b_32,1,epoch_1,0.03,0.1,0.0,SGD,64,0.7007,0.7010025652845525,0.7151810257207387,0.9969767650482417,0.6912532507187362,0.3502295172798552,16121.300554970807,96.50309416698292,2.977427276188321,272865.5724146051,6.427745706604769e-07,0.5222140997136663,2.172464411823562e-05
452,vit_b_32,10,epoch_10,0.03,0.1,0.0,SGD,64,0.8584,0.8589603309686431,0.8588529753384029,0.9985696957261311,0.8572011106134493,0.6323536402819853,159933.507171857,953.5811917460524,3.001247258863739,275048.54872425814,6.556964954937209e-09,0.005412700495697962,3.953853394851699e-06
453,vit_b_32,1,epoch_1,0.03,0.1,0.0,SGD,64,0.6834,0.681425446232783,0.7028737657280076,0.9968020172683782,0.6699597423380902,0.3262718187068323,16012.566454619468,96.41624992690049,2.997645638882109,274718.4791686499,6.477222548833015e-07,0.533404880341774,2.0375985300763956e-05
453,vit_b_32,10,epoch_10,0.03,0.1,0.0,SGD,64,0.8584,0.8576399838517554,0.8572381486153781,0.9985696956576195,0.8560047269627026,0.6301944885320901,160035.2492280577,955.0545455785468,2.999339222548262,274873.6872169514,6.54268744045779e-09,0.005394049512691091,3.937848015183415e-06
461,vit_b_32,1,epoch_1,0.03,0.1,0.0,SGD,192,0.4874,0.4850227992374422,0.5424162288624541,0.9948222182714284,0.45759972427377626,0.1275633246919499,15854.073542343554,96.27986774407327,3.0276130529986567,277464.83528357255,6.551242062892714e-07,0.5503411231275437,8.046091394192779e-06
461,vit_b_32,10,epoch_10,0.03,0.1,0.0,SGD,192,0.8578,0.8555760262914406,0.8571499481388956,0.9985636352676495,0.8542864093092791,0.6281700096461533,156597.1150676391,941.6832813473884,3.0651905674805904,280908.6171287357,6.781275412593306e-09,0.005838938826522998,4.011376642378293e-06
462,vit_b_32,1,epoch_1,0.03,0.1,0.0,SGD,192,0.5018,0.500844835926412,0.5486724015531059,0.9949676723923622,0.470443672056751,0.13720057865212199,15437.36705464018,92.45775213208981,3.109338518032588,284954.54493179,7.006214654645793e-07,0.6207647306308548,8.887563414570886e-06
462,vit_b_32,10,epoch_10,0.03,0.1,0.0,SGD,192,0.8561,0.8565656117345969,0.8577995780200146,0.9985464633826996,0.8544951815421216,0.6281151058324352,154434.23542508116,921.3545542054344,3.1081191206004104,284842.7935614062,7.027965660300774e-09,0.0062220360387533775,4.067201188282797e-06
463,vit_b_32,1,epoch_1,0.03,0.1,0.0,SGD,192,0.5108,0.5118896727743448,0.5595741879731047,0.9950585813256179,0.47661498674628666,0.1455906815213113,15768.727496901622,95.69002077984624,3.043999587755668,278966.5751319721,6.627301108455772e-07,0.562773271730137,9.232874469415381e-06
463,vit_b_32,10,epoch_10,0.03,0.1,0.0,SGD,192,0.8552,0.8548300800207397,0.8549650228428298,0.9985373723956449,0.8527582569663386,0.6241085895665467,156675.7886574138,944.6952034025453,3.063651404682345,280767.56094195956,6.756260717848186e-09,0.005811559350457778,3.983439910624725e-06
511,vit_b_32,1,epoch_1,0.03,0.0,0.0,SGD,128,0.7325,0.7316327884344399,0.7439829016439923,0.9972979777362605,0.7276688301390797,0.3976387339646771,15059.924514946963,91.61354874889366,3.1872669715150326,292096.27841321833,7.247988550459725e-07,0.6747796312959223,2.6403766736680583e-05
511,vit_b_32,10,epoch_10,0.03,0.0,0.0,SGD,128,0.8601,0.8583131261227659,0.8578769223368237,0.9985868676086087,0.8574132212028553,0.6324199147559683,152229.43713771764,922.955563280033,3.1531352215784496,288968.2827914812,7.117386765920243e-09,0.006485050157073574,4.154386475093092e-06
512,vit_b_32,1,epoch_1,0.03,0.0,0.0,SGD,128,0.7319,0.7319966994959057,0.7402692474539394,0.9972919168373992,0.7247153871299119,0.3955240328051166,15173.701249971824,91.92530216299929,3.163367935696581,289906.0572981934,7.169244713875105e-07,0.6574767544131441,2.606641756610643e-05
512,vit_b_32,10,epoch_10,0.03,0.0,0.0,SGD,128,0.8582,0.85818414525565,0.8580108724358473,0.9985676755223545,0.8574048067397562,0.6310144311549003,150832.66215380715,908.8939317660406,3.1823346027701493,291644.2527225504,7.294430652528269e-09,0.006770031094269196,4.18353970648242e-06
513,vit_b_32,1,epoch_1,0.03,0.0,0.0,SGD,128,0.7203,0.7193180171445483,0.7349548806076536,0.9971747448830239,0.7139128092076388,0.379722474399608,15200.354066896565,92.42347100004554,3.157821178951004,289397.72617402766,7.118098954335258e-07,0.6504990532722011,2.4981159828807555e-05
513,vit_b_32,10,epoch_10,0.03,0.0,0.0,SGD,128,0.8583,0.8578806393495967,0.8580012243080074,0.9985686855556829,0.8573186740773564,0.6308583120621944,152252.1195022313,922.4232982173562,3.1526654707290658,288925.2325932666,7.120432752199649e-09,0.0064858925707805765,4.1435108695018795e-06
521,vit_b_32,1,epoch_1,0.03,0.0,0.0,SGD,256,0.6779,0.6765564442915951,0.6843886482401781,0.9967464621639234,0.6614918593280215,0.3128651351918997,15253.055275056915,91.31855460884981,3.146910512970713,288397.82093975175,7.17933348460339e-07,0.6515691222529905,2.0511637147445678e-05
521,vit_b_32,10,epoch_10,0.03,0.0,0.0,SGD,256,0.862,0.8604744954497313,0.8601695799800805,0.9986060595424445,0.8597914491561255,0.6371233835941451,152134.40115888123,902.2132034748793,3.155104935791038,289148.79675412585,7.28556759930084e-09,0.00664658540541498,4.187898192262029e-06
522,vit_b_32,1,epoch_1,0.03,0.0,0.0,SGD,256,0.6693,0.6713543376881955,0.6831404874827055,0.9966595930553074,0.6558767918073619,0.30593523689481333,15185.710937196041,90.67000635014847,3.160866172055751,289676.78379977396,7.262752175200105e-07,0.6649990482282397,2.0146257107097456e-05
522,vit_b_32,10,epoch_10,0.03,0.0,0.0,SGD,256,0.858,0.8580676256189378,0.8585865156423784,0.9985656553185778,0.8575720935202784,0.6312036372300529,151425.27496613428,898.5851110322401,3.1698803261697908,290502.8836819883,7.349239671466272e-09,0.0067676162555826945,4.168416648879913e-06
523,vit_b_32,1,epoch_1,0.03,0.0,0.0,SGD,256,0.6681,0.6698189381841992,0.6819368232356406,0.9966474716720615,0.6523416315144391,0.30414774835711184,15471.847435146996,92.82411860884167,3.1024090821216115,284319.4985239464,6.963009561832109e-07,0.6141899405777039,1.9658140350207127e-05
523,vit_b_32,10,epoch_10,0.03,0.0,0.0,SGD,256,0.8621,0.8618386503201246,0.862006562887742,0.9986070694292779,0.861243479497463,0.6395710839699946,152487.58500935714,908.4826138964854,3.1477972450711027,288479.08527963544,7.21853211819273e-09,0.0065549589518862144,4.1942502003081e-06
531,vit_b_32,1,epoch_1,0.03,0.0,0.0,SGD,72,0.7372,0.7355745310447097,0.749119784980325,0.9973454525199599,0.7319644868253726,0.40514351275510635,15562.31147375395,93.58853215700947,3.0843747139332516,282666.74339598493,6.86599149054646e-07,0.5986115750757391,2.6033633463665494e-05
531,vit_b_32,10,epoch_10,0.03,0.0,0.0,SGD,72,0.8646,0.8634502647233353,0.8625346378758296,0.9986323221887463,0.8623014504232769,0.6430351619176318,155066.64511878727,929.9147674522828,3.0954432504314564,283681.1166340917,6.934872238596262e-09,0.006089641672774365,4.146830941141733e-06
532,vit_b_32,1,epoch_1,0.03,0.0,0.0,SGD,72,0.7375,0.7377790863316851,0.7589519329252176,0.9973484825431455,0.7345263188018447,0.4118599547789901,15604.07840936264,93.74696540203877,3.076118867180224,281910.1384007771,6.83604098096253e-07,0.5928140195656184,2.6394378698575945e-05
532,vit_b_32,10,epoch_10,0.03,0.0,0.0,SGD,72,0.8599,0.8599725326188339,0.8595391776416383,0.998584847254456,0.8589568294098795,0.6347214530479435,154437.75640971443,924.8528959944379,3.10804825943332,284836.2995076052,7.001222106272157e-09,0.0061980766666645416,4.109885223688851e-06
533,vit_b_32,1,epoch_1,0.03,0.0,0.0,SGD,72,0.7245,0.7230105495434793,0.7397339676084356,0.9972171691643656,0.7182601644959279,0.3864099781663684,15547.578187943518,93.45595577987842,3.087297546908106,282934.60568741156,6.882247188762585e-07,0.6011665727661675,2.4853387035288415e-05
533,vit_b_32,10,epoch_10,0.03,0.0,0.0,SGD,72,0.8614,0.8608053970522758,0.8606874824819838,0.9985999987157207,0.8601185333438087,0.6373043702776034,155241.45255268604,930.8600771483034,3.0919576705010345,283361.68153973436,6.9200287329372965e-09,0.006062930061501424,4.105246116924307e-06
541,vit_b_32,1,epoch_1,0.03,0.0,0.0,SGD,96,0.7332,0.7316151758751586,0.7436725386336712,0.9973050484487263,0.726583204811806,0.3978459340388676,15307.462038206495,92.52083541499451,3.135725561833498,287372.7789113893,7.060854517634824e-07,0.6362692535153649,2.599032635494168e-05
541,vit_b_32,10,epoch_10,0.03,0.0,0.0,SGD,96,0.8632,0.8616658195964455,0.8613891199419023,0.9986181807638146,0.8609316888717806,0.6398072366399723,152414.46226784214,917.5419394094497,3.14930744010685,288617.48672311736,7.150689123934881e-09,0.006499584543608314,4.19781185538431e-06
542,vit_b_32,1,epoch_1,0.03,0.0,0.0,SGD,96,0.7296,0.7297027734148549,0.7525326595958555,0.9972686844939677,0.7270805741903552,0.39954744420009497,15158.827903988544,91.24354470195249,3.1664717288181885,290190.5036366672,7.229898973404742e-07,0.6643409754758193,2.6357410132940903e-05
542,vit_b_32,10,epoch_10,0.03,0.0,0.0,SGD,96,0.8617,0.8618469987600436,0.8617633425802045,0.9986030290884457,0.8610592338151206,0.6390975635704116,151921.80784355747,913.2318373448215,3.159520063730964,289553.42004156817,7.2077354259176936e-09,0.006593995602195672,4.206753280796439e-06
543,vit_b_32,1,epoch_1,0.03,0.0,0.0,SGD,96,0.7133,0.7122221624728899,0.728767644287598,0.9971040377474543,0.7071893646706756,0.3691622338056613,15425.456917981019,94.11175442882814,3.1117392667991415,285174.5609475121,6.8883957997696e-07,0.611268582819241,2.3932012890674206e-05
543,vit_b_32,10,epoch_10,0.03,0.0,0.0,SGD,96,0.858,0.8578579892643623,0.8578827137421778,0.9985656552498727,0.8570114102434316,0.6305321416263489,152647.12851879478,924.6728972678538,3.14450723480789,288177.5731181459,7.084728836045287e-09,0.006420014522066443,4.130651835672848e-06
551,vit_b_32,1,epoch_1,0.03,0.0,0.0,SGD,64,0.743,0.7423653043662394,0.7619690561380875,0.9974040384232483,0.7384007538177229,0.41919388345454417,15696.608265841845,94.74794241692871,3.057985469667045,280248.307755298,6.72394872046115e-07,0.5762392134947989,2.670601676202702e-05
551,vit_b_32,10,epoch_10,0.03,0.0,0.0,SGD,64,0.8615,0.860307283766782,0.8601405874441245,0.9986010090335405,0.8595963443583626,0.6366054076098469,156655.71475038078,939.2179598219227,3.064043981828842,280803.5385756208,6.7965320460372475e-09,0.005847698060509519,4.063722849972184e-06
552,vit_b_32,1,epoch_1,0.03,0.0,0.0,SGD,64,0.7441,0.7444056660035193,0.7658811399625652,0.9974151492677749,0.7412634187835679,0.4231343764385413,15603.465402164944,93.46408021589741,3.076239717450209,281921.2136933156,6.857000817730029e-07,0.5946783567898315,2.7117974471224346e-05
552,vit_b_32,10,epoch_10,0.03,0.0,0.0,SGD,64,0.8609,0.8609020170886313,0.8606942118980376,0.9985949482733391,0.8601847962891235,0.6370076974312943,155946.55962444222,930.9134157474618,3.077977488929274,282080.47132259613,6.888345353565683e-09,0.005980718652274756,4.0847819853504044e-06
553,vit_b_32,1,epoch_1,0.03,0.0,0.0,SGD,64,0.7321,0.7312255916743446,0.752679841823746,0.9972939369115557,0.7275244149915742,0.40184193195428897,15891.448010030072,96.58867772389203,3.020492529674089,276812.27671786444,6.514938312068642e-07,0.5447201254013602,2.5286678199536113e-05
553,vit_b_32,10,epoch_10,0.03,0.0,0.0,SGD,64,0.8601,0.8597299825347694,0.8596982672007001,0.9985868673905437,0.8589638427285899,0.6348087759554313,157226.47978746856,944.5534094150644,3.0529208607153304,279784.1629441995,6.733607363818279e-09,0.00575157070975049,4.037543655582293e-06
561,vit_b_32,1,epoch_1,0.03,0.0,0.0,SGD,192,0.7135,0.7117284421205399,0.7243737569850738,0.9971060583979013,0.7025121294006068,0.36678567185280836,15151.101535821323,92.71217964217067,3.1680864844390983,290338.4875086271,7.119000115614431e-07,0.6548180448808611,2.4208515201724926e-05
561,vit_b_32,10,epoch_10,0.03,0.0,0.0,SGD,192,0.8596,0.8580120354149584,0.857992175648169,0.9985818170997045,0.857274186568058,0.6319122402655695,151536.90980703145,920.6268717555795,3.167545125548862,290288.8748095538,7.167998835738381e-09,0.006590997224834165,4.170021950891387e-06
562,vit_b_32,1,epoch_1,0.03,0.0,0.0,SGD,192,0.706,0.707814346775859,0.7119502716243831,0.9970303004483231,0.6959238112298824,0.35471706250142054,15164.624600468667,92.63690220494755,3.1652613410896135,290079.57795829966,7.11843153607869e-07,0.6535984909976152,2.339108760334614e-05
562,vit_b_32,10,epoch_10,0.03,0.0,0.0,SGD,192,0.8593,0.8592517167782873,0.8594761687191129,0.9985787866431259,0.8586776734925088,0.633696626847732,150646.44045469334,912.9051830989774,3.1862684478386942,292004.76896252827,7.271356751198237e-09,0.006765310909764503,4.20651576588904e-06
563,vit_b_32,1,epoch_1,0.03,0.0,0.0,SGD,192,0.7041,0.7047680806359574,0.7149317667366948,0.9970111083692769,0.6933799820756141,0.3537082279072849,15130.320806613661,92.13637902704068,3.172437690747348,290737.25271424267,7.173328558003413e-07,0.6616289601026016,2.337744403626091e-05
563,vit_b_32,10,epoch_10,0.03,0.0,0.0,SGD,192,0.8584,0.858140814722955,0.8583279676491287,0.9985696956576195,0.8575118474146117,0.6313641424846512,151471.00311513548,920.565068583237,3.168923359114117,290415.1826773268,7.171599151574949e-09,0.006600047485873164,4.168217873388886e-06
571,vit_b_32,1,epoch_1,0.03,0.0,0.0,SGD,128,0.7325,0.7316327884344399,0.7439829016439923,0.9972979777362605,0.7276688301390797,0.3976387339646771,15237.226550035008,93.05089112999849,3.150179584347633,288697.4141622836,7.052994393023903e-07,0.6414336582886572,2.6096529618361783e-05
571,vit_b_32,10,epoch_10,0.03,0.0,0.0,SGD,128,0.8601,0.8583131261227659,0.8578769223368237,0.9985868676086087,0.8574132212028553,0.6324199147559683,151643.40838840173,921.4427540139295,3.1653205708129692,290085.00605137076,7.156622402351285e-09,0.006571296833664883,4.170441178268439e-06
572,vit_b_32,1,epoch_1,0.03,0.0,0.0,SGD,128,0.7319,0.7319966994959057,0.7402692474539394,0.9972919168373992,0.7247153871299119,0.3955240328051166,15235.17333024915,93.44440978695638,3.1506041289794124,288736.32144807774,7.024238921306405e-07,0.6389906923343703,2.5961242726383105e-05
572,vit_b_32,10,epoch_10,0.03,0.0,0.0,SGD,128,0.8582,0.85818414525565,0.8580108724358473,0.9985676755223545,0.8574048067397562,0.6310144311549003,151691.9790478798,922.9069215517957,3.1643070583744812,289992.12295935064,7.142980746670591e-09,0.006554571432935548,4.159840455082519e-06
573,vit_b_32,1,epoch_1,0.03,0.0,0.0,SGD,128,0.7203,0.7193180171445483,0.7349548806076536,0.9971747448830239,0.7139128092076388,0.379722474399608,14886.965881853823,90.4749588270206,3.2242970381566245,295489.88953901024,7.424469249002296e-07,0.7073642107656468,2.5507042698503348e-05
573,vit_b_32,10,epoch_10,0.03,0.0,0.0,SGD,128,0.8583,0.8578806393495967,0.8580012243080074,0.9985686855556829,0.8573186740773564,0.6308583120621944,149851.32761939766,908.1852563628927,3.203174824177306,293554.1495616735,7.347929111322428e-09,0.006909296403834869,4.209894714209608e-06
581,vit_b_32,1,epoch_1,0.03,0.0,0.0,SGD,256,0.6779,0.6765564442915951,0.6843886482401781,0.9967464621639234,0.6614918593280215,0.3128651351918997,15055.348169692203,90.16588530386798,3.18823579893213,292185.0663577137,7.366597568534049e-07,0.6862389976396109,2.0780996338678232e-05
581,vit_b_32,10,epoch_10,0.03,0.0,0.0,SGD,256,0.862,0.8604744954497313,0.8601695799800805,0.9986060595424445,0.8597914491561255,0.6371233835941451,150112.56963573804,891.4198114769533,3.197600315315128,293043.2751017754,7.473097678338297e-09,0.007002556092286706,4.244304025573499e-06
582,vit_b_32,1,epoch_1,0.03,0.0,0.0,SGD,256,0.6693,0.6713543376881955,0.6831404874827055,0.9966595930553074,0.6558767918073619,0.30593523689481333,15024.590452802453,89.88716608914547,3.1947626227007624,292783.21547723043,7.404567029467907e-07,0.6926031138346033,2.0362301245805267e-05
582,vit_b_32,10,epoch_10,0.03,0.0,0.0,SGD,256,0.858,0.8580676256189378,0.8585865156423784,0.9985656553185778,0.8575720935202784,0.6312036372300529,150024.88163339152,890.5119406930171,3.1994692798555415,293214.55588610255,7.485088851825783e-09,0.007021993619920043,4.207326347188824e-06
583,vit_b_32,1,epoch_1,0.03,0.0,0.0,SGD,256,0.6681,0.6698189381841992,0.6819368232356406,0.9966474716720615,0.6523416315144391,0.30414774835711184,15321.950227264375,92.58926496491767,3.1327604703079666,287101.0438457351,7.048964386545824e-07,0.6339971097854312,1.985045923304864e-05
583,vit_b_32,10,epoch_10,0.03,0.0,0.0,SGD,256,0.8621,0.8618386503201246,0.862006562887742,0.9986070694292779,0.861243479497463,0.6395710839699946,152853.45061782803,914.1840144877788,3.1402627684220255,287788.59006581886,7.156342702562843e-09,0.006467414433076053,4.1842109640631066e-06
591,vit_b_32,1,epoch_1,0.03,0.0,0.0,SGD,72,0.7372,0.7355745310447097,0.749119784980325,0.9973454525199599,0.7319644868253726,0.40514351275510635,15313.859904513343,92.26212517800741,3.134415509825404,287252.71952524065,7.077695532741562e-07,0.63725403338265,2.6456002293432326e-05
591,vit_b_32,10,epoch_10,0.03,0.0,0.0,SGD,72,0.8646,0.8634502647233353,0.8625346378758296,0.9986323221887463,0.8623014504232769,0.6430351619176318,154212.2546758278,926.0963706779294,3.1125931010412637,285252.81037146517,7.002045538474295e-09,0.006216947691678408,4.16980585148286e-06
592,vit_b_32,1,epoch_1,0.03,0.0,0.0,SGD,72,0.7375,0.7377790863316851,0.7589519329252176,0.9973484825431455,0.7345263188018447,0.4118599547789901,15426.47891974256,93.23211362399161,3.111533114570323,285155.6681784524,6.952926843961114e-07,0.6169132469854528,2.6698247663755492e-05
592,vit_b_32,10,epoch_10,0.03,0.0,0.0,SGD,72,0.8599,0.8599725326188339,0.8595391776416383,0.998584847254456,0.8589568294098795,0.6347214530479435,154024.94026899847,925.7331058098935,3.1163784200253475,285599.71497586113,7.013311937288274e-09,0.0062421056335261295,4.120900497928631e-06
593,vit_b_32,1,epoch_1,0.03,0.0,0.0,SGD,72,0.7245,0.7230105495434793,0.7397339676084356,0.9972171691643656,0.7182601644959279,0.3864099781663684,15385.44094607029,92.88735506217927,3.119832585120678,285916.2710655731,6.997347717189829e-07,0.6241710428431868,2.5115300856233453e-05
593,vit_b_32,10,epoch_10,0.03,0.0,0.0,SGD,72,0.8614,0.8608053970522758,0.8606874824819838,0.9985999987157207,0.8601185333438087,0.6373043702776034,154307.52432519742,928.7194675309584,3.110671382352151,285076.6949464745,6.9779579372113124e-09,0.006187912958614074,4.130092638480208e-06
601,vit_b_32,1,epoch_1,0.03,0.0,0.0,SGD,96,0.7332,0.7316151758751586,0.7436725386336712,0.9973050484487263,0.726583204811806,0.3978459340388676,15377.610435820823,93.07736935792491,3.121421250741801,286061.86392607715,6.986618749439049e-07,0.6238488686954379,2.587176568812796e-05
601,vit_b_32,10,epoch_10,0.03,0.0,0.0,SGD,96,0.8632,0.8616658195964455,0.8613891199419023,0.9986181807638146,0.8609316888717806,0.6398072366399723,152412.85007468675,918.125876287464,3.1493407528616255,288620.53966213396,7.1462168074298334e-09,0.006495656870377436,4.197856259012597e-06
602,vit_b_32,1,epoch_1,0.03,0.0,0.0,SGD,96,0.7296,0.7297027734148549,0.7525326595958555,0.9972686844939677,0.7270805741903552,0.39954744420009497,15216.623252617323,92.12875968893059,3.154444925338071,289088.3102624863,7.133234272674777e-07,0.6504890158694501,2.6257300162266366e-05
602,vit_b_32,10,epoch_10,0.03,0.0,0.0,SGD,96,0.8617,0.8618469987600436,0.8617633425802045,0.9986030290884457,0.8610592338151206,0.6390975635704116,152113.15529207766,917.8071700991131,3.1555456139104843,289189.1825893316,7.162782746187942e-09,0.006536394936123001,4.201461486636436e-06
603,vit_b_32,1,epoch_1,0.03,0.0,0.0,SGD,96,0.7133,0.7122221624728899,0.728767644287598,0.9971040377474543,0.7071893646706756,0.3691622338056613,15093.514196795652,91.65299721690826,3.1801739061000376,291446.2362207136,7.228745928183158e-07,0.6699961106670502,2.4458335480549277e-05
603,vit_b_32,10,epoch_10,0.03,0.0,0.0,SGD,96,0.858,0.8578579892643623,0.8578827137421778,0.9985656552498727,0.8570114102434316,0.6305321416263489,152732.94486362356,923.9245985371526,3.1427404246581885,288015.6542472127,7.0864829176222845e-09,0.00641438981952124,4.128330938615476e-06
611,vit_b_32,1,epoch_1,0.03,0.0,0.0,SGD,64,0.743,0.7423653043662394,0.7619690561380875,0.9974040384232483,0.7384007538177229,0.41919388345454417,15544.217669398035,93.66883914894424,3.087964992570697,282995.7735769634,6.8680902417925e-07,0.6001893856025186,2.6967834108487356e-05
611,vit_b_32,10,epoch_10,0.03,0.0,0.0,SGD,64,0.8615,0.860307283766782,0.8601405874441245,0.9986010090335405,0.8595963443583626,0.6366054076098469,155059.45500730543,927.2528212661855,3.0955867862258732,283694.27093580004,6.955103279345236e-09,0.006107973344363665,4.10555684966037e-06
612,vit_b_32,1,epoch_1,0.03,0.0,0.0,SGD,64,0.7441,0.7444056660035193,0.7658811399625652,0.9974151492677749,0.7412634187835679,0.4231343764385413,15482.563627766996,92.76881113508716,3.1002617624587083,284122.7079545642,6.962338519552385e-07,0.613280907662778,2.732973599279622e-05
612,vit_b_32,10,epoch_10,0.03,0.0,0.0,SGD,64,0.8609,0.8609020170886313,0.8606942118980376,0.9985949482733391,0.8601847962891235,0.6370076974312943,155172.60482058083,927.8432083667722,3.093329525240635,283487.40482163767,6.945609401249757e-09,0.0060907435139342155,4.105155663062032e-06
613,vit_b_32,1,epoch_1,0.03,0.0,0.0,SGD,64,0.7321,0.7312255916743446,0.752679841823746,0.9972939369115557,0.7275244149915742,0.40184193195428897,15648.999387715141,94.68809761689045,3.067288764652979,281100.9058798536,6.748667559269343e-07,0.5818820285872581,2.567844256353828e-05
613,vit_b_32,10,epoch_10,0.03,0.0,0.0,SGD,64,0.8601,0.8597299825347694,0.8596982672007001,0.9985868673905437,0.8589638427285899,0.6348087759554313,156733.85874181104,944.2041506587993,3.062516318128222,280663.53622074873,6.75726994525719e-09,0.005808121236624089,4.050233823446897e-06
621,vit_b_32,1,epoch_1,0.03,0.0,0.0,SGD,192,0.7135,0.7117284421205399,0.7243737569850738,0.9971060583979013,0.7025121294006068,0.36678567185280836,15014.847898336006,92.09307362604886,3.1968355806867357,292973.1911894696,7.231894717158049e-07,0.6773299458172308,2.44281976305239e-05
621,vit_b_32,10,epoch_10,0.03,0.0,0.0,SGD,192,0.8596,0.8580120354149584,0.857992175648169,0.9985818170997045,0.857274186568058,0.6319122402655695,150206.30622667365,915.1056740018539,3.1956048454825896,292860.4007718309,7.2751271070601054e-09,0.006808544947318697,4.206962118567525e-06
622,vit_b_32,1,epoch_1,0.03,0.0,0.0,SGD,192,0.706,0.707814346775859,0.7119502716243831,0.9970303004483231,0.6959238112298824,0.35471706250142054,15054.599466531603,92.0651989239268,3.188394357930973,292199.5974572058,7.214982776693065e-07,0.6721821012207407,2.3562039182112032e-05
622,vit_b_32,10,epoch_10,0.03,0.0,0.0,SGD,192,0.8593,0.8592517167782873,0.8594761687191129,0.9985787866431259,0.8586776734925088,0.633696626847732,149199.21717415983,903.9812287634704,3.217175056888518,294837.1973604339,7.414366384966306e-09,0.0070328444233434696,4.247318711518571e-06
623,vit_b_32,1,epoch_1,0.03,0.0,0.0,SGD,192,0.7041,0.7047680806359574,0.7149317667366948,0.9970111083692769,0.6933799820756141,0.3537082279072849,15143.989567413977,92.72975610895082,3.169574291260991,290474.83718989213,7.120993358056519e-07,0.6556167389114188,2.335634387046695e-05
623,vit_b_32,10,epoch_10,0.03,0.0,0.0,SGD,192,0.8584,0.858140814722955,0.8583279676491287,0.9985696956576195,0.8575118474146117,0.6313641424846512,150987.09785522395,919.8791561960243,3.1790795824173967,291345.94720258756,7.199948404916583e-09,0.006668678267654047,4.181576780090464e-06
844,vit_b_32,1,epoch_1,0.01,0.0,0.0,SGD,128,0.6761,0.6748501088601845,0.6845811551599448,0.9967282803318681,0.6603651596359412,0.31132928830510165,15157.057890697655,91.94487574393861,3.1668415035518898,290224.39154895407,7.175589082426972e-07,0.6595045525495966,2.0540218989080582e-05
844,vit_b_32,1,epoch_1,0.01,0.0,0.0,SGD,128,0.6761,0.6748501088601845,0.6845811551599448,0.9967282803318681,0.6603651596359412,0.31132928830510165,15157.057890697655,91.94487574393861,3.1668415035518898,290224.39154895407,7.175589082426972e-07,0.6595045525495966,2.0540218989080582e-05
844,vit_b_32,10,epoch_10,0.01,0.0,0.0,SGD,128,0.8523,0.8506557504007367,0.8509884343450363,0.9985080796697033,0.850202677491791,0.61605795761364,152798.29373742113,924.4096742507536,3.141396335386207,287892.47552459245,7.0797351877842814e-09,0.006402801830567139,4.0318379384020834e-06
844,vit_b_32,10,epoch_10,0.01,0.0,0.0,SGD,128,0.8523,0.8506557504007367,0.8509884343450363,0.9985080796697033,0.850202677491791,0.61605795761364,152798.29373742113,924.4096742507536,3.141396335386207,287892.47552459245,7.0797351877842814e-09,0.006402801830567139,4.0318379384020834e-06
845,vit_b_32,1,epoch_1,0.03,0.0,0.0,SGD,128,0.7325,0.7316327884344399,0.7439829016439923,0.9972979777362605,0.7276688301390797,0.3976387339646771,14949.422971367962,90.51216049306095,3.2108262701465136,294255.3643993572,7.390411807318856e-07,0.6982482168861698,2.6598935271699705e-05
845,vit_b_32,1,epoch_1,0.03,0.0,0.0,SGD,128,0.7325,0.7316327884344399,0.7439829016439923,0.9972979777362605,0.7276688301390797,0.3976387339646771,14949.422971367962,90.51216049306095,3.2108262701465136,294255.3643993572,7.390411807318856e-07,0.6982482168861698,2.6598935271699705e-05
845,vit_b_32,10,epoch_10,0.03,0.0,0.0,SGD,128,0.8601,0.8583131261227659,0.8578769223368237,0.9985868676086087,0.8574132212028553,0.6324199147559683,148814.3135788326,894.9697576747276,3.2254961801488653,295599.7846047054,7.508391932820754e-09,0.0071589211592137224,4.249725040198847e-06
845,vit_b_32,10,epoch_10,0.03,0.0,0.0,SGD,128,0.8601,0.8583131261227659,0.8578769223368237,0.9985868676086087,0.8574132212028553,0.6324199147559683,148814.3135788326,894.9697576747276,3.2254961801488653,295599.7846047054,7.508391932820754e-09,0.0071589211592137224,4.249725040198847e-06
846,vit_b_32,1,epoch_1,0.04,0.0,0.0,SGD,128,0.7431,0.7414423373268297,0.7540516628597865,0.9974050485250291,0.736965791915181,0.4143785884028621,15015.484574849079,91.0953930420801,3.1967000306070674,292960.768736577,7.31078873259266e-07,0.6846609929353129,2.759675096313214e-05
846,vit_b_32,1,epoch_1,0.04,0.0,0.0,SGD,128,0.7431,0.7414423373268297,0.7540516628597865,0.9974050485250291,0.736965791915181,0.4143785884028621,15015.484574849079,91.0953930420801,3.1967000306070674,292960.768736577,7.31078873259266e-07,0.6846609929353129,2.759675096313214e-05
846,vit_b_32,10,epoch_10,0.04,0.0,0.0,SGD,128,0.863,0.8617459443999523,0.8610303522453168,0.998616160560253,0.8607246852199835,0.639450740919869,150367.31383981722,907.0386326340958,3.192183113088878,292546.8169688857,7.33197159010605e-09,0.006847057050422916,4.252591368367868e-06
846,vit_b_32,10,epoch_10,0.04,0.0,0.0,SGD,128,0.863,0.8617459443999523,0.8610303522453168,0.998616160560253,0.8607246852199835,0.639450740919869,150367.31383981722,907.0386326340958,3.192183113088878,292546.8169688857,7.33197159010605e-09,0.006847057050422916,4.252591368367868e-06
847,vit_b_32,1,epoch_1,0.25,0.0,0.0,SGD,128,0.5902,0.5910588025669303,0.6490807713679869,0.9958606029021292,0.5861890892951745,0.22548994985634782,15282.883112863798,93.4951061499305,3.140768639367384,287834.9504811268,6.998513898887011e-07,0.6326817430929566,1.4754411729194609e-05
847,vit_b_32,1,epoch_1,0.25,0.0,0.0,SGD,128,0.5902,0.5910588025669303,0.6490807713679869,0.9958606029021292,0.5861890892951745,0.22548994985634782,15282.883112863798,93.4951061499305,3.140768639367384,287834.9504811268,6.998513898887011e-07,0.6326817430929566,1.4754411729194609e-05
847,vit_b_32,10,epoch_10,0.25,0.0,0.0,SGD,128,0.7965,0.7956211238473725,0.7967140023079716,0.9979444428759964,0.7950239738048255,0.5038495783078305,152778.10455382272,928.0090635472443,3.1418114618047195,287930.51968060515,7.0532075628734155e-09,0.006380496655352709,3.2979174586521173e-06
847,vit_b_32,10,epoch_10,0.25,0.0,0.0,SGD,128,0.7965,0.7956211238473725,0.7967140023079716,0.9979444428759964,0.7950239738048255,0.5038495783078305,152778.10455382272,928.0090635472443,3.1418114618047195,287930.51968060515,7.0532075628734155e-09,0.006380496655352709,3.2979174586521173e-06
848,vit_b_32,1,epoch_1,0.35,0.0,0.0,SGD,128,0.5055,0.5048126683081482,0.5785111078012257,0.9950050466937599,0.49706971782037196,0.14688870112635524,15048.130254814901,91.28444451512769,3.1897650530132537,292325.2144626063,7.279820670150444e-07,0.678805970745543,9.761259281986594e-06
848,vit_b_32,1,epoch_1,0.35,0.0,0.0,SGD,128,0.5055,0.5048126683081482,0.5785111078012257,0.9950050466937599,0.49706971782037196,0.14688870112635524,15048.130254814901,91.28444451512769,3.1897650530132537,292325.2144626063,7.279820670150444e-07,0.678805970745543,9.761259281986594e-06
848,vit_b_32,10,epoch_10,0.35,0.0,0.0,SGD,128,0.7535,0.7523724853246453,0.7531390476472143,0.9975100991102362,0.7515370729833423,0.4259009684353491,151426.96072311833,915.8860413520597,3.1698450375535963,290499.64966564986,7.210333524122561e-09,0.006639555395612916,2.8125834818417962e-06
848,vit_b_32,10,epoch_10,0.35,0.0,0.0,SGD,128,0.7535,0.7523724853246453,0.7531390476472143,0.9975100991102362,0.7515370729833423,0.4259009684353491,151426.96072311833,915.8860413520597,3.1698450375535963,290499.64966564986,7.210333524122561e-09,0.006639555395612916,2.8125834818417962e-06
888,vit_b_32,1,epoch_1,0.02,0.0,0.0,SGD,128,0.7325,0.7309322006757095,0.7406193365243869,0.9972979777362605,0.7260181373740128,0.3954619549381381,16391.080707869478,97.6685939640738,2.928421917717411,268374.4886868889,6.246510518507864e-07,0.4909218411235961,2.4126655343004563e-05
888,vit_b_32,10,epoch_10,0.02,0.0,0.0,SGD,128,0.86,0.85849117149097,0.8580353531396014,0.9985858575068279,0.857718113230921,0.632593722412263,153626.01399905063,927.1139525449835,3.1244708334551095,286341.34216534346,7.021050884302143e-09,0.0062814896970811345,4.117751323133153e-06
8442,vit_b_32,1,epoch_1,0.01,0.0,0.0,SGD,128,0.6727,0.6749589667885094,0.6894538851308256,0.9966939365195105,0.66017477171244,0.3120080781415542,15181.910941611726,92.48722411203198,3.161657329212621,289749.2891980437,7.12183349188593e-07,0.6524225942297729,2.055130472978727e-05
8442,vit_b_32,10,epoch_10,0.01,0.0,0.0,SGD,128,0.8518,0.852008897512471,0.8514383147294042,0.9985030290015017,0.8510518271095422,0.6169988322161214,152150.08481965712,922.1313959148247,3.1547797069514756,289118.99123908184,7.1274633440879585e-09,0.006501007258706476,4.055198739767038e-06
8452,vit_b_32,1,epoch_1,0.03,0.0,0.0,SGD,128,0.7319,0.7319966994959057,0.7402692474539394,0.9972919168373992,0.7247153871299119,0.3955240328051166,15178.201325836239,92.54258740413934,3.162430051464313,289820.105134074,7.11931244344694e-07,0.6525104796958864,2.6058689321234533e-05
8452,vit_b_32,10,epoch_10,0.03,0.0,0.0,SGD,128,0.8582,0.85818414525565,0.8580108724358473,0.9985676755223545,0.8574048067397562,0.6310144311549003,151750.56603417214,919.9799632492941,3.1630854008934017,289880.16446735477,7.162939971634551e-09,0.0065678122344415245,4.158234447789832e-06
8462,vit_b_32,1,epoch_1,0.04,0.0,0.0,SGD,128,0.7465,0.7474194844276958,0.7573136518047147,0.9974393917130947,0.7419232769501121,0.42146016109001677,15220.49602476061,93.1726422549691,3.153642294043104,289014.7533197222,7.05152065411068e-07,0.6427102504080273,2.7690303943077017e-05
8462,vit_b_32,10,epoch_10,0.04,0.0,0.0,SGD,128,0.859,0.8586889128208383,0.8584509773379814,0.9985757563374609,0.8577739494528853,0.6323034284136354,152580.90399087744,926.7900977309328,3.1458720419476505,288302.65052453784,7.071612119547783e-09,0.006413692295866221,4.144053494737715e-06
8472,vit_b_32,1,epoch_1,0.25,0.0,0.0,SGD,128,0.571,0.5700571072134671,0.6441040624455409,0.9956666628990836,0.5729093335770892,0.20874903544057882,15255.108253421351,93.04036423214711,3.1464870129148226,288359.00938385166,7.04552409161888e-07,0.6392529968792219,1.3683877686922443e-05
8472,vit_b_32,10,epoch_10,0.25,0.0,0.0,SGD,128,0.7978,0.7981347642781587,0.7974290364676188,0.9979575739818057,0.7965261609989627,0.5067273946439306,152889.56200193262,928.8764126487076,3.1395210615747104,287720.6165287068,7.04148451743953e-09,0.006360607717435471,3.314336099919792e-06
8482,vit_b_32,1,epoch_1,0.35,0.0,0.0,SGD,128,0.5068,0.5041816093973089,0.611577971490442,0.9950181774867785,0.499682482454179,0.1554914291608243,15321.46228285798,93.66900049103424,3.13286023969811,287110.18718635285,6.96793190043963e-07,0.6267488140137416,1.0148602417328786e-05
8482,vit_b_32,10,epoch_10,0.35,0.0,0.0,SGD,128,0.7599,0.7607903402904728,0.7613142821588303,0.9975747453661302,0.7595010409777844,0.43906706107247817,152311.09796575937,922.4226446945686,3.1514446840105337,288813.353902085,7.11768059480938e-09,0.0064783656042276825,2.8826990740437287e-06
811,vit_l_32,1,epoch_1,0.03,0.0,0.0,SGD,128,0.786,0.7834141242591519,0.7871480304741318,0.9978383821890083,0.781129065194563,0.4836492978478376,34886.97261144546,175.7702470109798,1.3758717483056273,440932.6420875316,1.6307648901794333e-07,0.09893308606518611,1.3863320937431112e-05
811,vit_l_32,10,epoch_10,0.03,0.0,0.0,SGD,128,0.8634,0.8619330020560823,0.8622330864275188,0.9986202009673764,0.8613365141380211,0.6407824150110664,352198.1958672495,1774.717605224112,1.3628689914724081,436765.5822347848,1.5998660240609386e-09,0.0009523270799626764,1.819380174373721e-06
812,vit_l_32,1,epoch_1,0.03,0.0,0.0,SGD,128,0.7844,0.7862251528423472,0.7887442468785073,0.99782222032877,0.7806861275990545,0.4853710777425309,35129.86982320159,176.7967063752003,1.3663586071218035,437883.917174108,1.6100867996164514e-07,0.09633253320043705,1.3816478119197773e-05
812,vit_l_32,10,epoch_10,0.03,0.0,0.0,SGD,128,0.8638,0.86437042565003,0.8638890129290447,0.9986242412281007,0.8634386095121722,0.6441294467497622,351731.40054671164,1761.9421224147081,1.3646777036508961,437345.2294588947,1.6136049607442922e-09,0.0009630563741070403,1.8313106130091412e-06
813,vit_l_32,1,epoch_1,0.03,0.0,0.0,SGD,128,0.7837,0.7841770381988037,0.789287094746368,0.9978151495108978,0.7792923635162589,0.48400412555475786,35299.529548600294,177.3182675722055,1.3597914933657609,435779.3207079714,1.5976351355668539e-07,0.09467090758697565,1.371134776423528e-05
813,vit_l_32,10,epoch_10,0.03,0.0,0.0,SGD,128,0.8656,0.8647827515259331,0.8647895438536796,0.9986424229970627,0.8641705065329376,0.6464645398518066,353644.7877079155,1770.446949657984,1.357294145662468,434978.98294220195,1.5971651324221064e-09,0.0009429573932344976,1.8280052819150799e-06
821,vit_l_32,1,epoch_1,0.03,0.0,0.0,SGD,72,0.7942,0.793191678810127,0.7993602188521598,0.997921210535037,0.7913570316501648,0.5025124394745409,36407.78367953611,184.71697335899808,1.3183993956484525,422514.1838734415,1.4869588634190046e-07,0.08282992004050921,1.3802335343938842e-05
821,vit_l_32,10,epoch_10,0.03,0.0,0.0,SGD,72,0.8667,0.8652790818500307,0.8656223054859781,0.9986535343261441,0.8646762704891544,0.6482884489975718,364320.60956736334,1846.3345439732075,1.3175208522241106,422232.6325778641,1.4866401745880248e-09,0.0008270183720095076,1.7794448954381824e-06
822,vit_l_32,1,epoch_1,0.03,0.0,0.0,SGD,72,0.7762,0.7768872037946906,0.7854206110353236,0.9977393919739274,0.7742394739234696,0.4725535384503356,36556.384982447016,184.7174874180928,1.31304011660474,420796.66836275626,1.4809102706853967e-07,0.08182368470157927,1.29267031922669e-05
822,vit_l_32,10,epoch_10,0.03,0.0,0.0,SGD,72,0.8713,0.8717632830527532,0.8716354762673937,0.998699998869725,0.8710511298508276,0.661205161237579,364966.6352403346,1839.545009829104,1.3151887149462707,421485.24064042873,1.4894859733418236e-09,0.0008256706799396422,1.811686596508111e-06
823,vit_l_32,1,epoch_1,0.03,0.0,0.0,SGD,72,0.7938,0.7933744764821102,0.801961402769106,0.9979171698065052,0.7911244646312099,0.5040078273129958,36187.25644192669,183.28183927712962,1.326433797959522,425089.00979233737,1.5077346215249534e-07,0.08501398297344384,1.3927771178835497e-05
823,vit_l_32,10,epoch_10,0.03,0.0,0.0,SGD,72,0.8683,0.8675672949973894,0.8675695470128018,0.9986696957493537,0.8667862320724272,0.6526782549708247,362760.4267652916,1827.4610648688395,1.3231873285631655,424048.597173825,1.5084536249957136e-09,0.000846386888605222,1.799199159596071e-06
831,vit_l_32,1,epoch_1,0.03,0.0,0.0,SGD,96,0.7876,0.7859491508683036,0.7897694471293323,0.9978545438175017,0.7830001147473038,0.48782912380926413,35590.3288433675,180.56033934210427,1.3486809917168026,432218.6815328258,1.5561291456996478e-07,0.09071067690675018,1.3706788885154525e-05
831,vit_l_32,10,epoch_10,0.03,0.0,0.0,SGD,96,0.8659,0.86436922531367,0.8644564116783144,0.9986454535118974,0.8636991174018143,0.6461323190053399,355194.8148051551,1794.3849676272366,1.3513710786102207,433080.78741065966,1.5689812746782616e-09,0.0009182507638706175,1.8190927684566025e-06
832,vit_l_32,1,epoch_1,0.03,0.0,0.0,SGD,96,0.7921,0.7938257893071404,0.7992556729458523,0.9978999981741712,0.7897415458411697,0.5015081169305124,35720.20456051273,180.78336815699004,1.343777298886527,430647.1700614246,1.548558403290644e-07,0.08961412877763857,1.4039900473719846e-05
832,vit_l_32,10,epoch_10,0.03,0.0,0.0,SGD,96,0.8691,0.8696267767493705,0.8691791566439455,0.9986777766281819,0.8689457853209216,0.6560506082726018,357278.5943226928,1799.306193426717,1.3434893879101688,430554.9017612375,1.5555641585840226e-09,0.0008998097741652329,1.8362438128046908e-06
833,vit_l_32,1,epoch_1,0.03,0.0,0.0,SGD,96,0.7845,0.7844618385233023,0.7908408520672532,0.9978232303263912,0.7803000713440674,0.48563220021773174,35647.87687496188,180.6416382829193,1.3465037530387656,431520.9307403233,1.5529177983708225e-07,0.09023144276221798,1.3623032920617688e-05
833,vit_l_32,10,epoch_10,0.03,0.0,0.0,SGD,96,0.8642,0.8635280821589808,0.8633728589010582,0.9986282815699488,0.8627951289273791,0.6434176657526512,357275.1999747883,1799.8971049308311,1.3435021519374195,430558.9923142024,1.5550682363277944e-09,0.0008995400021411397,1.8009021219442464e-06
841,vit_l_32,1,epoch_1,0.03,0.0,0.0,SGD,64,0.7994,0.7986672864708898,0.8031889535138856,0.9979737358276405,0.7967828899292947,0.5117606375056528,36265.35366810022,183.76879595778883,1.323577330564456,424173.5831058789,1.5005010821546998e-07,0.08424211290546386,1.4111557884952005e-05
841,vit_l_32,10,epoch_10,0.03,0.0,0.0,SGD,64,0.8685,0.8671869004244112,0.8673978556303745,0.9986717161581989,0.866518931326792,0.6524145319587635,363803.61553168856,1845.4941405015998,1.319393154734028,422832.6589200734,1.4894307593315508e-09,0.000830927379091731,1.7933151406570779e-06
842,vit_l_32,1,epoch_1,0.03,0.0,0.0,SGD,64,0.8059,0.8063577679602737,0.8137271581396402,0.9980393922347601,0.804573600184051,0.5277587272017206,36497.43137469895,185.0927781201899,1.315161045368112,421476.3732294814,1.4802948404273963e-07,0.08205412080625457,1.446016082018248e-05
842,vit_l_32,10,epoch_10,0.03,0.0,0.0,SGD,64,0.8719,0.8726100911742001,0.8720634990813352,0.9987060594810552,0.8717599684214253,0.6626324540409134,364792.425053487,1844.8587150874082,1.315816796167357,421686.52503528615,1.485905110021093e-09,0.000824472596701663,1.816464401484642e-06
843,vit_l_32,1,epoch_1,0.03,0.0,0.0,SGD,64,0.8009,0.7998695723809128,0.8055732795318336,0.9979888870440116,0.7976988266676175,0.5150249013891007,36598.670979754475,185.12324204598553,1.3115230338979378,420310.48112401145,1.4759571103855832e-07,0.08136167482510899,1.4072229608392075e-05
843,vit_l_32,10,epoch_10,0.03,0.0,0.0,SGD,64,0.868,0.8672149777834147,0.8676086302733417,0.9986666654435438,0.8666848954419275,0.6522151946544599,364721.2799464152,1841.7093888700474,1.316073468678662,421768.7821851261,1.4887363570949054e-09,0.0008263658479183541,1.7882564865704661e-06
873,vit_l_32,1,epoch_1,0.01,0.0,0.0,SGD,128,0.7205,0.7189096983876542,0.7257339964706437,0.99717676552256,0.7068761390753818,0.3748503719777607,35116.526366942744,176.48969020089135,1.3668777913405816,438050.30279078917,1.6135005178214636e-07,0.09661015552610709,1.0674471844419939e-05
873,vit_l_32,10,epoch_10,0.01,0.0,0.0,SGD,128,0.8553,0.8537859475097932,0.8547747299959664,0.9985383827231286,0.8534304410481671,0.6232810346945015,352599.86526988517,1765.1618288566824,1.3613164589061906,436268.0341986453,1.6066945872557906e-09,0.0009542140764277429,1.767672356361886e-06
874,vit_l_32,1,epoch_1,0.02,0.0,0.0,SGD,128,0.7666,0.7640848003380405,0.7677278449769149,0.9976424224435259,0.7597486652225709,0.44863440531302484,35321.52071464551,177.56973016704433,1.3589448876729016,435508.004660223,1.5943793911206362e-07,0.09436037496681242,1.2701446490298073e-05
874,vit_l_32,10,epoch_10,0.02,0.0,0.0,SGD,128,0.8624,0.8609489782024897,0.8615712005948097,0.9986100999495681,0.8605442201613132,0.6388123306761473,352233.6581475166,1765.7806276611518,1.3627317801610386,436721.6094254579,1.6078013868362386e-09,0.00095685793979614,1.8136038845231839e-06
875,vit_l_32,1,epoch_1,0.03,0.0,0.0,SGD,128,0.786,0.7834141242591519,0.7871480304741318,0.9978383821890083,0.781129065194563,0.4836492978478376,35152.23793912633,176.6707966059912,1.3654891641073417,437605.2823333365,1.6102090139066166e-07,0.09621727818750209,1.375870573831972e-05
875,vit_l_32,10,epoch_10,0.03,0.0,0.0,SGD,128,0.8634,0.8619330020560823,0.8622330864275188,0.9986202009673764,0.8613365141380211,0.6407824150110664,352542.34937492094,1770.6554976941552,1.3615385523216408,436339.2096091335,1.6019709392165678e-09,0.0009517191697493584,1.8176040868486086e-06
876,vit_l_32,1,epoch_1,0.04,0.0,0.0,SGD,128,0.786,0.7839853460793232,0.7876248761643753,0.9978383821890082,0.7816908120711382,0.4842951510008773,35162.62446932267,177.13307070499286,1.3650858183773282,437476.02006842796,1.605532370080421e-07,0.09588115862738518,1.3773009219587589e-05
876,vit_l_32,10,epoch_10,0.04,0.0,0.0,SGD,128,0.8657,0.864112580577642,0.8639808194311139,0.9986434333083356,0.8632694075489374,0.6454346806704446,353171.1427515764,1777.2864471951034,1.3591144402690798,435562.3420461733,1.5931525397585054e-09,0.0009431129568029939,1.8275408223951325e-06
877,vit_l_32,1,epoch_1,0.25,0.0,0.0,SGD,128,0.7133,0.7125516537470101,0.7324294449506062,0.9971040381943398,0.7114011298387575,0.3711887856824511,35254.30573557555,178.07040838012472,1.3615358180649864,436338.3333479469,1.5929277526263337e-07,0.09463428780875764,1.0528892228556354e-05
877,vit_l_32,10,epoch_10,0.25,0.0,0.0,SGD,128,0.8413,0.8402235380496491,0.8399229070630956,0.9983969684738113,0.839300521756824,0.5927729975878245,352659.16433368885,1773.4017106483225,1.3610875557619715,436194.67643961945,1.598960380763062e-09,0.0009493014125334106,1.6808665633510607e-06
878,vit_l_32,1,epoch_1,0.35,0.0,0.0,SGD,128,0.6093,0.6094439624579462,0.6505865356611684,0.9960535323422689,0.6031561514048278,0.24063162733918889,35332.50014033936,177.5459604819771,1.3585226012692508,435372.67238095455,1.5940973321092495e-07,0.0942850571356036,6.810489673343497e-06
878,vit_l_32,10,epoch_10,0.35,0.0,0.0,SGD,128,0.8147,0.8138237309523789,0.8149466744700554,0.9981282814001086,0.8132416868019934,0.5393163903141776,352438.6651925846,1768.1652890508994,1.3619391043196452,436467.5765524848,1.604699035530938e-09,0.0009539009217412525,1.5302418366029065e-06
8732,vit_l_32,1,epoch_1,0.01,0.0,0.0,SGD,128,0.7296,0.7316544683735278,0.7364089700249161,0.9972686844939677,0.7220475879439039,0.39203253093080126,35155.394566782896,175.7578283508774,1.3653665558728652,437565.9894466005,1.618427858809095e-07,0.09669102512855794,1.1151418886398138e-05
8732,vit_l_32,10,epoch_10,0.01,0.0,0.0,SGD,128,0.8571,0.8573264556506666,0.857220466806556,0.9985565644015827,0.8566013604662254,0.6289888158664193,352879.53201840085,1770.2996777158696,1.360237578117652,435922.2797653752,1.6007619068210289e-09,0.0009491843643636727,1.7824462990775581e-06
8742,vit_l_32,1,epoch_1,0.02,0.0,0.0,SGD,128,0.7774,0.7791275872521779,0.7781978599199487,0.9977515131965873,0.7724757674874101,0.47028978491466367,35383.270491230665,178.328266923083,1.3565732995737703,434747.96971671825,1.5848269166048828e-07,0.0934679389143034,1.329130344328175e-05
8742,vit_l_32,10,epoch_10,0.02,0.0,0.0,SGD,128,0.8596,0.8601911170912966,0.8600348299185789,0.998581816948791,0.8594162313629963,0.6350253372301592,353446.756637382,1776.6964710643515,1.3580546178061412,435222.6953317883,1.5924388323166307e-09,0.0009412208308992672,1.7966647742694162e-06
8752,vit_l_32,1,epoch_1,0.03,0.0,0.0,SGD,128,0.7844,0.7862251528423472,0.7887442468785073,0.99782222032877,0.7806861275990545,0.4853710777425309,35401.99937179306,177.7823133599013,1.3558556254380518,434517.97302319657,1.5888527752163434e-07,0.09360625043603947,1.371027304546126e-05
8752,vit_l_32,10,epoch_10,0.03,0.0,0.0,SGD,128,0.8638,0.86437042565003,0.8638890129290447,0.9986242412281007,0.8634386095121722,0.6441294467497622,354050.780108456,1773.3906271201558,1.355737727376175,434480.1896295159,1.5926855344256844e-09,0.0009381573743366168,1.819313733901241e-06
8762,vit_l_32,1,epoch_1,0.04,0.0,0.0,SGD,128,0.7822,0.7836857985769925,0.7891542300074503,0.997799998087227,0.7792342028753498,0.48268652617594293,35248.23854658882,177.62080769403838,1.3617701757367742,436413.4391472644,1.5972347138171664e-07,0.09492282939395451,1.369391907450806e-05
8762,vit_l_32,10,epoch_10,0.04,0.0,0.0,SGD,128,0.8691,0.8693637386859795,0.8697310275537378,0.9986777766281819,0.8688867535837688,0.6562685935704394,352869.77965190535,1772.1314568528906,1.3602751714060197,435934.3274783871,1.5991514603146764e-09,0.0009482818511590995,1.8598039033487856e-06
8772,vit_l_32,1,epoch_1,0.25,0.0,0.0,SGD,128,0.7262,0.7264082398747587,0.744103069490099,0.9972343410297648,0.7227162385056234,0.39144191560467617,35289.02955607926,177.82375844498165,1.3601960893744955,435908.98365608347,1.5935676299071628e-07,0.0944860820049926,1.1092453392140456e-05
8772,vit_l_32,10,epoch_10,0.25,0.0,0.0,SGD,128,0.8443,0.8442194675213198,0.8440609761469946,0.9984272713598772,0.8431371184991536,0.6006789441439754,352535.2877243512,1769.117841550149,1.3615658253630314,436347.9499399186,1.6033954340886716e-09,0.000952603613838058,1.7038831715866376e-06
8782,vit_l_32,1,epoch_1,0.35,0.0,0.0,SGD,128,0.6446,0.6435337197032142,0.6803504362293817,0.9964100978888911,0.644358191952783,0.281211059578026,35258.15270103849,176.87678494490683,1.361387262883634,436290.72511070373,1.603502384569193e-07,0.09524172962944776,7.975774056073654e-06
8782,vit_l_32,10,epoch_10,0.35,0.0,0.0,SGD,128,0.8196,0.8197359622310997,0.8188188005669172,0.9981777761934607,0.8183840908453318,0.5491255358371124,350298.87093738694,1753.7056800788268,1.370258484463674,439133.7307721312,1.6278131549631934e-09,0.0009794986711676294,1.5675915094093014e-06
8801,vit_l_32,1,epoch_1,0.03,0.1,0.0,SGD,128,0.7429,0.7402656098552662,0.7455464062020225,0.9974030283214675,0.732663151162129,0.40894348714758655,36790.30959847947,185.0600310759619,1.3046913854180728,418121.10786465806,1.4687704509455164e-07,0.08012421986340808,1.1115521766755886e-05
8801,vit_l_32,10,epoch_10,0.03,0.1,0.0,SGD,128,0.8753,0.8733692045062987,0.8737662031030788,0.9987404030792961,0.8724189686397401,0.667118008597375,367113.10481012275,1839.4243160018232,1.3074989525319842,419020.86322841165,1.4808742753978034e-09,0.0008113256115300533,1.8172002030339397e-06
8802,vit_l_32,1,epoch_1,0.03,0.1,0.0,SGD,128,0.7478,0.7478208374426911,0.7552816083237165,0.997452523037643,0.7374031135071248,0.4212929248744728,36587.244080290155,183.1693820359651,1.311932647746431,420441.7521648438,1.4921669690416594e-07,0.08230662602862926,1.1514748800154278e-05
8802,vit_l_32,10,epoch_10,0.03,0.1,0.0,SGD,128,0.8775,0.8778708528404696,0.878041811051268,0.9987626251868013,0.8764281831715016,0.6755464777887683,366013.60227353056,1826.951140451245,1.3114266710811604,420279.5992402509,1.4954635827923293e-09,0.0008242484952693938,1.8456868094315155e-06
8811,vit_l_32,1,epoch_1,0.03,0.05,0.0,SGD,128,0.7705,0.767916084320842,0.7700645632118213,0.9976818164129785,0.7625851795104716,0.4545750578156907,36607.94251946819,183.88277859496884,1.3111908699723698,420204.0308553093,1.4855375074534089e-07,0.08184831670821666,1.2417388865106162e-05
8811,vit_l_32,10,epoch_10,0.03,0.05,0.0,SGD,128,0.876,0.8742449256822197,0.8744000872376855,0.9987474737917619,0.8735696215448361,0.6688105459148739,366695.02959740197,1834.5100102249999,1.3089896542284651,419498.5960101213,1.4865341505049438e-09,0.00081628462506415,1.8238876775863788e-06
8812,vit_l_32,1,epoch_1,0.03,0.05,0.0,SGD,128,0.7772,0.7783237260975332,0.7793184307114429,0.9977494929928107,0.7704628308192889,0.4703590716545184,36730.69986686322,184.2098651221022,1.3068087505542858,418799.67067759775,1.4779437727272788e-07,0.0808865435235454,1.2805611473764896e-05
8812,vit_l_32,10,epoch_10,0.03,0.05,0.0,SGD,128,0.8783,0.8786406015766235,0.8784650293060844,0.9987707060019079,0.877634743301433,0.6770869198894651,365598.2826638766,1825.6870954367332,1.3129164516379908,420757.03681963484,1.4981990147248284e-09,0.0008276333554854531,1.851996992316194e-06
691,vit_small_patch16_224,1,epoch_1,0.03,0.0,0.0,SGD,128,0.8613,0.8604776593862336,0.8652063474799649,0.9985989888299788,0.859500940945487,0.6403314979232707,16715.586181601207,97.87166177295148,2.871571447062589,266121.13076215703,6.112535954066203e-07,0.46711134259906406,3.830745096023504e-05
691,vit_small_patch16_224,10,epoch_10,0.03,0.0,0.0,SGD,128,0.9015,0.9006338233404678,0.9016067489220372,0.9990050497458753,0.9004000966020115,0.7313054691665541,165399.6143297579,969.3273901259527,2.9020623895955526,268946.860246679,6.2372768718232534e-09,0.004868198140742923,4.42144603619539e-06
692,vit_small_patch16_224,1,epoch_1,0.03,0.0,0.0,SGD,128,0.8649,0.8641376660795039,0.8683882635310971,0.9986353523488722,0.8632995046633273,0.6481413274133577,16432.715059977258,96.85529615194537,2.921002392167471,270702.11342216,6.283003503290275e-07,0.49681060857590004,3.944213266327121e-05
692,vit_small_patch16_224,10,epoch_10,0.03,0.0,0.0,SGD,128,0.9011,0.9009434065279338,0.9012172253865002,0.9990010092324461,0.900531003424694,0.7309133797575051,165456.75043584453,972.904137014877,2.9010602392201514,268853.9865724515,6.212200430064464e-09,0.004845277852810344,4.417549467351077e-06
693,vit_small_patch16_224,1,epoch_1,0.03,0.0,0.0,SGD,128,0.8698,0.8686173861705452,0.876458678618113,0.9986848472784045,0.8680145904265554,0.6613141685509278,16567.227034750034,97.18493371503428,2.8972863050237194,268504.239524784,6.210852757449919e-07,0.4831631392579853,3.991701008043231e-05
693,vit_small_patch16_224,10,epoch_10,0.03,0.0,0.0,SGD,128,0.9074,0.9068689372641465,0.9066439780218185,0.9990646456066071,0.9063893260952421,0.7453730278085268,164989.64806618157,969.1480867341161,2.90927343397605,269615.139382299,6.253932091232882e-09,0.004905485285104897,4.517695725428414e-06
701,vit_small_patch16_224,1,epoch_1,0.03,0.0,0.0,SGD,256,0.852,0.8509276420362736,0.8529287079484225,0.9985050493643608,0.85021479722955,0.6174406580917808,16485.732074451946,96.25105811911635,2.9116086433544517,269831.553485797,6.302113928778763e-07,0.49512172605026694,3.745303243455187e-05
701,vit_small_patch16_224,10,epoch_10,0.03,0.0,0.0,SGD,256,0.9013,0.9003812530015836,0.9011853780269015,0.9990030295423136,0.9000655049909586,0.73059510278115,162612.48436004942,943.5485372038092,2.951802882103474,273556.53002327995,6.517512449269201e-09,0.005262793238604163,4.492859854250172e-06
702,vit_small_patch16_224,1,epoch_1,0.03,0.0,0.0,SGD,256,0.8476,0.8479145210900276,0.8489187502821676,0.9984606047221918,0.8454598816765069,0.6091722073425174,16376.59908512931,95.45034045889042,2.93101148477074,271629.6999686169,6.397330692849256e-07,0.5093233361087524,3.7197723665084606e-05
702,vit_small_patch16_224,10,epoch_10,0.03,0.0,0.0,SGD,256,0.9022,0.9018896102060882,0.902063978005917,0.9990121203532177,0.9014635820226828,0.7332706537736996,163476.92362286526,950.7393455936108,2.9361942307364486,272110.0077869225,6.434015108751985e-09,0.005140571121730026,4.485468881622251e-06
703,vit_small_patch16_224,1,epoch_1,0.03,0.0,0.0,SGD,256,0.8547,0.8538415916073006,0.8585956447997117,0.9985323218859612,0.8526485666801888,0.6256649386255733,16434.14853388737,96.20381229487248,2.9207476067910387,270678.50134294556,6.324999708775207e-07,0.5000440944932956,3.8071028586327196e-05
703,vit_small_patch16_224,10,epoch_10,0.03,0.0,0.0,SGD,256,0.9051,0.9045677897921824,0.9039095240569927,0.9990414132620629,0.9037565694324441,0.7393432935573543,165823.88867845034,969.386248644907,2.8946372191932466,268258.7371127118,6.220940533334932e-09,0.004830633263544004,4.458605448525076e-06
711,vit_small_patch16_224,1,epoch_1,0.03,0.0,0.0,SGD,72,0.8441,0.8441583821206459,0.8521246034284523,0.9984252513236748,0.8406811928683661,0.6062287080862129,16880.838884555873,98.68764003389515,2.84346058440939,263515.97372745344,6.00265262750731e-07,0.4497771314526077,3.591223826209526e-05
711,vit_small_patch16_224,10,epoch_10,0.03,0.0,0.0,SGD,72,0.9006,0.8996076754888241,0.9010823229742511,0.9989959588298479,0.8994333956803579,0.7293118938152845,167869.18817793112,975.9046594207175,2.859369281581497,264990.3025256188,6.104099697775924e-09,0.004625107660888524,4.344525053890523e-06
712,vit_small_patch16_224,1,epoch_1,0.03,0.0,0.0,SGD,72,0.8463,0.8462341194506015,0.8576644323883776,0.9984474733976438,0.8455410833593306,0.6132781545598631,16502.090410953606,95.91713453596458,2.9087223984749837,269564.07250364486,6.317784991673256e-07,0.49536934315010145,3.7163664680493266e-05
712,vit_small_patch16_224,10,epoch_10,0.03,0.0,0.0,SGD,72,0.9009,0.9009867443658323,0.9009074435621742,0.9989989890286693,0.9004675129423743,0.730533628271337,166146.48337001685,965.0427570990287,2.8890169100420566,267737.878393324,6.236806799469779e-09,0.004824165432534275,4.396925011313064e-06
713,vit_small_patch16_224,1,epoch_1,0.03,0.0,0.0,SGD,72,0.8377,0.838291892279506,0.8489489923998235,0.9983606045567207,0.83507377021142,0.5951861461745136,16756.80376420842,97.56080075004138,2.8645080932752385,265466.5387620918,6.116929287627728e-07,0.4651502953490252,3.551907359837903e-05
713,vit_small_patch16_224,10,epoch_10,0.03,0.0,0.0,SGD,72,0.9021,0.9014817533836641,0.9013100465900042,0.9990111102039616,0.9008367157030882,0.7322445596602062,166782.11312225997,967.3390608201735,2.878006466125867,266717.49222526717,6.198288735849474e-09,0.004757897345508318,4.3904262030990866e-06
721,vit_small_patch16_224,1,epoch_1,0.03,0.0,0.0,SGD,96,0.858,0.8572031479019586,0.8620158494267551,0.9985656554712111,0.8557649359050461,0.6330863080872551,16712.515698103347,98.49357533105649,2.8720990224976948,266170.0234935206,6.075055768959207e-07,0.4644177619095835,3.7880970137793324e-05
721,vit_small_patch16_224,10,epoch_10,0.03,0.0,0.0,SGD,96,0.9001,0.8991386570927915,0.8995489438175257,0.9989909083209437,0.8987238866255882,0.7272835512268913,167728.00888288816,981.3010191475041,2.861776057540562,265213.3490182884,6.075641762187268e-09,0.004611297950534111,4.336088862383733e-06
722,vit_small_patch16_224,1,epoch_1,0.03,0.0,0.0,SGD,96,0.8485,0.8478985293977301,0.856999172772543,0.9984696956391869,0.8460426532344185,0.6156175888750899,16797.009099708284,99.08496785885654,2.857651604227185,264831.11782544997,6.008419814618561e-07,0.4547142486401776,3.665042896748692e-05
722,vit_small_patch16_224,10,epoch_10,0.03,0.0,0.0,SGD,96,0.9011,0.9012222589987917,0.9015045174944152,0.9990010092324461,0.9008156112173744,0.7313726803277152,167226.17237755604,980.506056017708,2.8703640893979006,266009.2396276739,6.09881514708118e-09,0.00465670986355017,4.373553911623675e-06
723,vit_small_patch16_224,1,epoch_1,0.03,0.0,0.0,SGD,96,0.8616,0.8605863756942205,0.8685602789531093,0.9986020189195942,0.8600755707693531,0.6431208070451235,16718.60272401306,97.95444751204923,2.871053328580936,266073.1144481811,6.106268018585398e-07,0.46646398180922194,3.846737778638666e-05
723,vit_small_patch16_224,10,epoch_10,0.03,0.0,0.0,SGD,96,0.9058,0.9052570789560954,0.9046699668625163,0.9990484839756198,0.9043776233650478,0.7411071171081777,167506.70709042734,980.0341573473997,2.8655568982134865,265563.7361194485,6.0915327898058485e-09,0.004635583329992878,4.424342941134268e-06
731,vit_small_patch16_224,1,epoch_1,0.03,0.0,0.0,SGD,64,0.8431,0.8425183982221144,0.8528333041740407,0.9984151503058664,0.8409232618786927,0.6048306582272416,16461.410394470837,95.45221956213936,2.9159105355955734,270230.2287229378,6.364245529009842e-07,0.5014816544849912,3.674233517866707e-05
731,vit_small_patch16_224,10,epoch_10,0.03,0.0,0.0,SGD,64,0.9006,0.899684076922931,0.9009605379595514,0.9989959588298479,0.8994326208897095,0.7292752545540216,166141.13518712114,961.1513780984096,2.889109909231007,267746.49703638395,6.262259114139595e-09,0.004844164637127201,4.389492426018727e-06
732,vit_small_patch16_224,1,epoch_1,0.03,0.0,0.0,SGD,64,0.8468,0.8474451392229593,0.8570934128637944,0.9984525239070852,0.8461122503786751,0.614112615259323,16520.657249459004,95.82254537800327,2.905453413578436,269261.1213240726,6.31691416782651e-07,0.49418839450376056,3.717240821514127e-05
732,vit_small_patch16_224,10,epoch_10,0.03,0.0,0.0,SGD,64,0.9009,0.9008999197129904,0.9008625157293564,0.9989989890286696,0.900378715688978,0.7304268016749632,166004.61413311976,960.6846215981059,2.8914858933685186,267966.6899157896,6.270454225130509e-09,0.0048584852803070615,4.400039152461335e-06
733,vit_small_patch16_224,1,epoch_1,0.03,0.0,0.0,SGD,64,0.8434,0.8438467922672716,0.8531348981765875,0.9984181803671132,0.8412292301736685,0.6062159915406969,16774.547042747436,97.77662876085378,2.8614781595997285,265185.7415084884,6.09697113517803e-07,0.46265231932196876,3.6139037912370794e-05
733,vit_small_patch16_224,10,epoch_10,0.03,0.0,0.0,SGD,64,0.8981,0.8977932575188312,0.8969504195239593,0.9989707061264931,0.8967233280430917,0.7224740063262673,167829.7585906302,972.1065704342909,2.8600410560728653,265052.558816488,6.129388534177412e-09,0.004646451628908772,4.304802750080357e-06
741,vit_small_patch16_224,1,epoch_1,0.03,0.0,0.0,SGD,192,0.8625,0.861117402701965,0.8636988362838913,0.9986111100513488,0.8600411123631944,0.6405900635304691,16490.066385424238,97.78823213418946,2.9108433452049507,269760.6299470066,6.201417938362289e-07,0.4869545202838399,3.8847027571501725e-05
741,vit_small_patch16_224,10,epoch_10,0.03,0.0,0.0,SGD,192,0.9004,0.8996159488428057,0.9003649921657252,0.9989939386262863,0.8993157367311531,0.7285747001014226,164016.44147876545,966.9440662041306,2.9265358745278207,271214.9255217144,6.305379961153312e-09,0.005004707502146481,4.4420833273336695e-06
742,vit_small_patch16_224,1,epoch_1,0.03,0.0,0.0,SGD,192,0.8614,0.8612098703479709,0.8643711705286621,0.9985999987827808,0.860116751018231,0.6403327295475411,16437.805638023052,97.41110962000675,2.920097795107698,270618.280441902,6.245218945634074e-07,0.4935170883805953,3.8954878993480595e-05
742,vit_small_patch16_224,10,epoch_10,0.03,0.0,0.0,SGD,192,0.9016,0.9015953222501294,0.901052274836988,0.9990060597418876,0.9008615389845279,0.7317178722652988,164475.0745001068,970.0682115133386,2.9183753310881664,270458.6521404562,6.267547512920518e-09,0.004946974365002841,4.448807057782021e-06
743,vit_small_patch16_224,1,epoch_1,0.03,0.0,0.0,SGD,192,0.8666,0.8654573217180009,0.8707007240572999,0.9986525240164298,0.8646637330810003,0.652150228346313,16349.131781217735,96.80052216001786,2.9359357207667456,272086.0505333006,6.318698096985822e-07,0.5047547623380209,3.988898230641938e-05
743,vit_small_patch16_224,10,epoch_10,0.03,0.0,0.0,SGD,192,0.9079,0.9076143516043654,0.9070649808638899,0.9990696961162907,0.9068576167355664,0.7467471214263913,164133.46313267134,969.8054958663415,2.924449352610134,271021.5583768144,6.28229355670455e-09,0.004979275642897772,4.549633616289357e-06
861,vit_small_patch16_224,1,epoch_1,0.01,0.0,0.0,SGD,128,0.8521,0.8507825901357857,0.8523212007926483,0.9985060594661418,0.8494907036227078,0.6169687334478351,16422.4545128955,96.15422232891433,2.922827398444531,270871.24476472015,6.332767921444009e-07,0.5013715030256397,3.756860662718652e-05
861,vit_small_patch16_224,1,epoch_1,0.01,0.0,0.0,SGD,128,0.8521,0.8507825901357857,0.8523212007926483,0.9985060594661418,0.8494907036227078,0.6169687334478351,16422.4545128955,96.15422232891433,2.922827398444531,270871.24476472015,6.332767921444009e-07,0.5013715030256397,3.756860662718652e-05
861,vit_small_patch16_224,10,epoch_10,0.01,0.0,0.0,SGD,128,0.895,0.8941403440437167,0.8945106940182243,0.9989393931301209,0.8937464350740763,0.7150779773804936,164677.06612316702,957.8269827130716,2.91479567434723,270126.9096373703,6.3398621022586935e-09,0.0049917839248246245,4.342304573520061e-06
861,vit_small_patch16_224,10,epoch_10,0.01,0.0,0.0,SGD,128,0.895,0.8941403440437167,0.8945106940182243,0.9989393931301209,0.8937464350740763,0.7150779773804936,164677.06612316702,957.8269827130716,2.91479567434723,270126.9096373703,6.3398621022586935e-09,0.0049917839248246245,4.342304573520061e-06
862,vit_small_patch16_224,1,epoch_1,0.02,0.0,0.0,SGD,128,0.8632,0.8619426193091371,0.865397818754447,0.9986181807638146,0.8612209831099817,0.6429912332154749,16665.243908098346,98.01849092985503,2.8802458736697383,266925.0279522371,6.121816587755978e-07,0.4706512037578774,3.858276763072266e-05
862,vit_small_patch16_224,10,epoch_10,0.02,0.0,0.0,SGD,128,0.9001,0.8990207304440537,0.9000962987844242,0.9989909083209435,0.8989155192554261,0.7276306416301828,171245.79492116632,997.9002007967792,2.8029885359869415,259765.25134808858,5.851847153964058e-09,0.004260841224159295,4.249042389421301e-06
863,vit_small_patch16_224,1,epoch_1,0.03,0.0,0.0,SGD,128,0.8613,0.8604776593862336,0.8652063474799649,0.9985989888299788,0.859500940945487,0.6403314979232707,16523.76781654228,96.26769699109718,2.9049064676366503,269210.43344282807,6.286520466779941e-07,0.4916254699772999,3.875214811976611e-05
863,vit_small_patch16_224,10,epoch_10,0.03,0.0,0.0,SGD,128,0.9015,0.9006338233404678,0.9016067489220372,0.9990050497458753,0.9004000966020115,0.7313054691665541,164253.61338809368,949.2659479300492,2.922310140391675,270823.3081904578,6.413530517018633e-09,0.005075858531610042,4.452294558894401e-06
864,vit_small_patch16_224,1,epoch_1,0.04,0.0,0.0,SGD,128,0.8533,0.8523312828678772,0.859472128676434,0.9985181806875119,0.8509807966493856,0.6241628969626092,16770.007438631586,98.49148255493492,2.8622527554416366,265257.5267052465,6.054357614640217e-07,0.4596674674189653,3.7218999409909636e-05
864,vit_small_patch16_224,10,epoch_10,0.04,0.0,0.0,SGD,128,0.9009,0.9000652936744145,0.9001083681164462,0.9989989891351903,0.8995209531087563,0.7291392054783923,166335.79739814202,973.3502547300886,2.8857287938510923,267433.1542327213,6.176538155688769e-09,0.004766678799063284,4.3835374999473015e-06
865,vit_small_patch16_224,1,epoch_1,0.25,0.0,0.0,SGD,128,0.7043,0.7042287944267747,0.7357982670637147,0.9970131290340644,0.6995228458266165,0.36385731031645674,16599.158701701803,97.76086365198717,2.891712818859842,267987.72009715997,6.162385929203632e-07,0.4775501077480862,2.192022600995753e-05
865,vit_small_patch16_224,10,epoch_10,0.25,0.0,0.0,SGD,128,0.8395,0.8386977602709702,0.8395373515526444,0.9983787866417563,0.8382079963816023,0.5901488311423939,165027.17365737053,964.0719291863497,2.908611893193882,269553.83149418223,6.285431540294644e-09,0.004927951052129426,3.5760706437817393e-06
866,vit_small_patch16_224,1,epoch_1,0.35,0.0,0.0,SGD,128,0.6603,0.6598992758970793,0.6962170156235875,0.9965686842504962,0.6544888319999282,0.3023227423171256,16504.4480379722,97.20487273903564,2.9083068933638487,269525.5658211363,6.233198525730748e-07,0.4885974076295998,1.8317652406282475e-05
866,vit_small_patch16_224,10,epoch_10,0.35,0.0,0.0,SGD,128,0.8055,0.8049248248825477,0.8065018760189381,0.9980353520362716,0.8044657789421433,0.5218818262410967,164848.0740711333,961.7435805902351,2.911771961575214,269846.68890220043,6.307493711465301e-09,0.004955999791883752,3.1658351435510275e-06
8612,vit_small_patch16_224,1,epoch_1,0.01,0.0,0.0,SGD,128,0.8461,0.8463309832222907,0.8480819991221722,0.998445453193867,0.8438731979145913,0.6063510361975557,16670.213825816198,98.34677152195945,2.8793871813248835,266845.44916340936,6.099563007096181e-07,0.4686607566773153,3.63733208543813e-05
8612,vit_small_patch16_224,10,epoch_10,0.01,0.0,0.0,SGD,128,0.8953,0.8955936058061124,0.895315928395062,0.9989424233229233,0.8948861397838621,0.7171274340629273,166969.48402237962,978.4047006757464,2.8747768061358063,266418.1854573957,6.121309864905401e-09,0.004688267276275129,4.294961071849559e-06
8622,vit_small_patch16_224,1,epoch_1,0.02,0.0,0.0,SGD,128,0.8655,0.8655165775132261,0.8684215786804543,0.9986414129602023,0.864936341407137,0.6496547841436147,16635.563354890764,97.6687414930202,2.8853847011972853,267401.2656560984,6.154700097086774e-07,0.47486928400366785,3.905216615057522e-05
8622,vit_small_patch16_224,10,epoch_10,0.02,0.0,0.0,SGD,128,0.9006,0.9007308446899914,0.9007039940532684,0.9989959587230043,0.90021976562986,0.7299158553485442,166223.8667189138,967.2475919702556,2.887671965973964,267613.23652290186,6.219693191679467e-09,0.004806449782866202,4.391161568770621e-06
8632,vit_small_patch16_224,1,epoch_1,0.03,0.0,0.0,SGD,128,0.8649,0.8641376660795039,0.8683882635310971,0.9986353523488722,0.8632995046633273,0.6481413274133577,16669.384663285953,97.90775073389523,2.879530406765357,266858.7224936661,6.127218361972159e-07,0.4708324961125387,3.88821387535005e-05
8632,vit_small_patch16_224,10,epoch_10,0.03,0.0,0.0,SGD,128,0.9011,0.9009434065279338,0.9012172253865002,0.9990010092324461,0.900531003424694,0.7309133797575051,166599.04285537824,971.4984254820738,2.8811690137780666,267010.57939819945,6.178533374763282e-09,0.004753161837047321,4.387260378152343e-06
8642,vit_small_patch16_224,1,epoch_1,0.04,0.0,0.0,SGD,128,0.8571,0.8567804184256217,0.8627536280488237,0.9985565644015827,0.8549658614957292,0.6326456010065586,16531.3306916972,96.99051312706433,2.9035775095895833,269087.273067145,6.236815969537347e-07,0.4872922573011706,3.82694903879881e-05
8642,vit_small_patch16_224,10,epoch_10,0.04,0.0,0.0,SGD,128,0.8998,0.8999117693353926,0.8998538552423655,0.9989878779078979,0.8993417990568118,0.7279107287475796,166646.1365292492,976.2510346639901,2.880354804479682,266935.12304854643,6.146717353354402e-09,0.00472601344305194,4.368002426625828e-06
8652,vit_small_patch16_224,1,epoch_1,0.25,0.0,0.0,SGD,128,0.7123,0.7109668898408918,0.74772966785768,0.9970939368672874,0.7081625222906996,0.37756611235162796,16729.610212449104,98.29325556498952,2.8691642776160724,265898.047803278,6.081216400869604e-07,0.4639391494414374,2.2568733374951406e-05
8652,vit_small_patch16_224,10,epoch_10,0.25,0.0,0.0,SGD,128,0.8421,0.8423562097437838,0.8423037038382525,0.9984050491183339,0.8412800638734496,0.5965336242806002,166656.75969611367,974.992474487517,2.880171202627752,266918.1078590077,6.154259472920654e-09,0.004731209117798283,3.5794145126086416e-06
8662,vit_small_patch16_224,1,epoch_1,0.35,0.0,0.0,SGD,128,0.6365,0.6354789637121043,0.6910771238856656,0.9963282796359368,0.6305401220661683,0.27850215578074095,16683.9360815871,97.91181681281887,2.8770189339777117,266625.9732863252,6.121620087231572e-07,0.46958211468534133,1.669283281947504e-05
8662,vit_small_patch16_224,10,epoch_10,0.35,0.0,0.0,SGD,128,0.8104,0.8101504935018099,0.8103186857080449,0.9980848468197348,0.8091154854203984,0.5309925759222057,166962.70937929465,975.821736935759,2.874893452462899,266428.9955845464,6.1377617781965856e-09,0.004701249169081622,3.180306416302412e-06
8821,vit_small_patch16_224,1,epoch_1,0.03,0.1,0.0,SGD,128,0.8599,0.8588907453543554,0.8631521993567611,0.998584847405047,0.8579140541878786,0.636587674123509,16751.34201749389,98.43995928904042,2.8654420612911053,265553.09367777477,6.06427613759462e-07,0.46144714735985765,3.800218952360371e-05
8821,vit_small_patch16_224,10,epoch_10,0.03,0.1,0.0,SGD,128,0.9022,0.9013748938898088,0.9022946769323625,0.9990121204583413,0.9010395537153714,0.7330395935977365,166084.16834691388,973.1063342608977,2.8901008734160856,267838.3340372525,6.187446607113772e-09,0.004789577451545259,4.413663270219564e-06
8822,vit_small_patch16_224,1,epoch_1,0.03,0.1,0.0,SGD,128,0.8672,0.8668935599699136,0.8703868744635059,0.9986585846923037,0.8660524913344755,0.653453094098488,16521.602356675878,96.62155188899487,2.9052872090584274,269245.71842164866,6.264318433316105e-07,0.49001762824351747,3.9551435750083126e-05
8822,vit_small_patch16_224,10,epoch_10,0.03,0.1,0.0,SGD,128,0.9019,0.9015526702531923,0.9018071019769781,0.9990090900475527,0.9012825580527953,0.7325420880541456,164930.62069415642,957.5897046560422,2.9103146400576585,269711.63252025575,6.331684092508027e-09,0.004970028282696097,4.441516590254971e-06
8831,vit_small_patch16_224,1,epoch_1,0.03,0.05,0.0,SGD,128,0.8601,0.8590225684844871,0.8644958393437063,0.9985868676086087,0.8580860022406904,0.6378260891991908,16497.461129903815,96.48993209307082,2.909538602457665,269639.7137094473,6.282042720553878e-07,0.49284331081279514,3.866207558707608e-05
8831,vit_small_patch16_224,10,epoch_10,0.03,0.05,0.0,SGD,128,0.9018,0.900768308119556,0.9015051107144717,0.9990080800512178,0.9003205651274646,0.7315778078858551,164741.31719088493,961.8014642542694,2.9136588694615475,270021.5569386091,6.311201292896776e-09,0.0049653420622917995,4.440767018016371e-06
8832,vit_small_patch16_224,1,epoch_1,0.03,0.05,0.0,SGD,128,0.8666,0.8661464552384034,0.8693476670621699,0.9986525240809737,0.8653900282313742,0.6516552734197958,16622.46356007588,96.04929512809031,2.88765860887716,267611.99866211007,6.263404043869282e-07,0.48401838446157724,3.920329083980985e-05
8832,vit_small_patch16_224,10,epoch_10,0.03,0.05,0.0,SGD,128,0.9062,0.906240852450831,0.9062673621310625,0.9990525244287506,0.9056211740429374,0.7435537273464221,164790.1700726777,958.2808474462945,2.9127951005105754,269941.5076784087,6.332510080145151e-09,0.004979153261879735,4.512124279127155e-06
631,vit_small_patch32_224,1,epoch_1,0.03,0.0,0.0,SGD,128,0.8365,0.8366087049228532,0.8411836615936004,0.9983484835883312,0.8351082086455246,0.5877076120289868,7812.908010378543,64.8637805879116,6.143679144338774,145629.61070174855,1.9732632656769837e-06,1.7654818051001855,7.522264581232562e-05
631,vit_small_patch32_224,10,epoch_10,0.03,0.0,0.0,SGD,128,0.8824,0.8814953445339975,0.8817933621088265,0.9988121203057355,0.880881011605306,0.6850718956796743,78233.73543082099,645.1390115427785,6.135460583042786,145434.79813847103,1.9813108987842118e-08,0.017679424807362936,8.756732526027169e-06
632,vit_small_patch32_224,1,epoch_1,0.03,0.0,0.0,SGD,128,0.8385,0.8390095712991633,0.8445423015999113,0.9983686854503543,0.836753461700542,0.5931743188681975,7937.498987567323,65.96989857195877,6.04724486581774,143343.73507097719,1.9097235370226957e-06,1.6554145642816702,7.473063238147172e-05
632,vit_small_patch32_224,10,epoch_10,0.03,0.0,0.0,SGD,128,0.8774,0.8777112982663869,0.8772164099401232,0.9987616150849129,0.8769410264493791,0.6747111842144115,78071.64041471283,644.9170318378601,6.148199236627575,145736.75485183988,1.9861079452559804e-08,0.017795896703459952,8.64220580777319e-06
633,vit_small_patch32_224,1,epoch_1,0.03,0.0,0.0,SGD,128,0.8478,0.8474420546818822,0.8510070384021249,0.9984626248523284,0.8456172865228146,0.6104757107787807,7987.788760751797,66.30099082691595,6.00917243027873,142441.26704884382,1.888223550448815e-06,1.6162327555917886,7.64261210534721e-05
633,vit_small_patch32_224,10,epoch_10,0.03,0.0,0.0,SGD,128,0.8809,0.8802581110333958,0.880810874797594,0.9987969685933791,0.8797222387613808,0.6821761458124531,78914.85478013949,652.0436958756763,6.082505015529746,144179.5407429867,1.943410469140771e-08,0.017043180812321077,8.644457975789578e-06
641,vit_small_patch32_224,1,epoch_1,0.03,0.0,0.0,SGD,256,0.812,0.8115257895922886,0.8146324465180054,0.998101008652026,0.8103190711648609,0.5357899381015688,8803.88536698537,63.86081252689473,5.45213823205835,129237.34289711711,1.778652802452927e-06,1.2532740854852205,6.085835012241126e-05
641,vit_small_patch32_224,10,epoch_10,0.03,0.0,0.0,SGD,256,0.8826,0.8815501071627616,0.8821969782914368,0.9988141405092971,0.881130818184056,0.6855847895608764,88124.34287717736,638.9670270946808,5.446849126228338,129111.97007003924,1.7759292522347283e-08,0.01248928322730243,7.77974356661479e-06
642,vit_small_patch32_224,1,epoch_1,0.03,0.0,0.0,SGD,256,0.8156,0.8170276111927748,0.8180329524965521,0.9981373721179277,0.8134280966838732,0.5440954146977454,8911.624898887592,65.08424180210568,5.386223112464224,127674.89261605103,1.7241190555905176e-06,1.1856516015109264,6.105456870897506e-05
642,vit_small_patch32_224,10,epoch_10,0.03,0.0,0.0,SGD,256,0.8802,0.8806995820508021,0.8798450148820176,0.998789897937786,0.8796373273209203,0.6812232678412323,86372.32906438316,624.456723436946,5.5573353781186245,131730.93331220403,1.8540567509665367e-08,0.013573048435170411,7.887054514107623e-06
643,vit_small_patch32_224,1,epoch_1,0.03,0.0,0.0,SGD,256,0.8154,0.8151873033089315,0.8198933823457967,0.9981353518248345,0.8117079472978549,0.5439699795854808,8861.899533030972,65.4494723060634,5.41644596861988,128391.29441257044,1.7241181688762596e-06,1.1989940310950535,6.138300006200032e-05
643,vit_small_patch32_224,10,epoch_10,0.03,0.0,0.0,SGD,256,0.8839,0.8836430647308862,0.8836130891856603,0.9988272716514804,0.8829273618566511,0.6893385072755714,87611.6799855249,636.4900383569766,5.478721559491897,129867.47339943539,1.7932728811287206e-08,0.012759275104491482,7.868111961663824e-06
651,vit_small_patch32_224,1,epoch_1,0.03,0.0,0.0,SGD,72,0.8154,0.8159868592799464,0.8251024776481777,0.9981353521125745,0.8125839443875487,0.5479629575085756,7861.88243898968,67.61254229792394,6.1054080078776165,144722.43267812283,1.8812485944345656e-06,1.6622515037893582,6.969869643319083e-05
651,vit_small_patch32_224,10,epoch_10,0.03,0.0,0.0,SGD,72,0.877,0.8761308805820591,0.8765226498189322,0.9987575748095702,0.8756719188012916,0.6726541259837436,80691.76148047243,672.2493764013052,5.948562668521754,141004.5748320103,1.8434883434321913e-08,0.015462711055754806,8.336094213862555e-06
652,vit_small_patch32_224,1,epoch_1,0.03,0.0,0.0,SGD,72,0.8171,0.8169986351795465,0.8267944129526653,0.9981525236462525,0.8151592794651382,0.5509231016969603,8065.334357943465,67.50766495498829,5.951396169053462,141071.74005494287,1.83664210977056e-06,1.541996619812778,6.830753410171543e-05
652,vit_small_patch32_224,10,epoch_10,0.03,0.0,0.0,SGD,72,0.8775,0.8774477494711264,0.8775465345594547,0.9987626251868013,0.8768030702137436,0.6748400163448227,81365.12124453398,675.554624827113,5.899333678338811,139837.65212866754,1.819287152343084e-08,0.015008190637376647,8.293971741486931e-06
653,vit_small_patch32_224,1,epoch_1,0.03,0.0,0.0,SGD,72,0.8165,0.8163561177572268,0.8237355204219219,0.9981464629461383,0.8133017173231997,0.5480471284514173,8091.282881692765,67.26719684083946,5.932310203688984,140619.3268281784,1.837296657427428e-06,1.5326682184492726,6.77330327544748e-05
653,vit_small_patch32_224,10,epoch_10,0.03,0.0,0.0,SGD,72,0.8797,0.8791769479363569,0.8795823985649426,0.9987848473701386,0.8786091004571567,0.6794529043412361,80354.52306905453,669.4794875909574,5.973528081144864,141596.35432372775,1.8588844616932356e-08,0.0157229987011588,8.455689591453769e-06
661,vit_small_patch32_224,1,epoch_1,0.03,0.0,0.0,SGD,96,0.8274,0.827790441069747,0.8337236186876233,0.998256564326275,0.8243523754819837,0.5700332689297878,7908.173634395288,65.56156525504775,6.069669460876779,143875.28708921716,1.9287435650701418e-06,1.6843243781437256,7.208153175222693e-05
661,vit_small_patch32_224,10,epoch_10,0.03,0.0,0.0,SGD,96,0.8814,0.8805229749694238,0.8806998293290819,0.998802019287927,0.8799942370469505,0.6826861030088589,79229.09971374016,653.7973169619218,6.058380086789714,143607.68405938114,1.930510397237835e-08,0.016796018323664615,8.616608108326962e-06
662,vit_small_patch32_224,1,epoch_1,0.03,0.0,0.0,SGD,96,0.8319,0.8327508193390751,0.8404004051660183,0.9983020187257247,0.8304248932436028,0.5812117631430154,7754.069685622083,64.56128263613209,6.190297733460351,146734.6565262031,1.997552261168702e-06,1.8144390658498835,7.495570541759797e-05
662,vit_small_patch32_224,10,epoch_10,0.03,0.0,0.0,SGD,96,0.878,0.8781497238671561,0.8782307029075034,0.9987676756962428,0.8776948770323248,0.6762950041667716,77133.91423649425,638.7542012289632,6.222943626694603,147508.49393063458,2.0296486291602393e-08,0.018630896593342314,8.76780351238544e-06
663,vit_small_patch32_224,1,epoch_1,0.03,0.0,0.0,SGD,96,0.8257,0.8249600527370146,0.8317928128590395,0.9982393923243157,0.8229502063608635,0.5655943613078712,7728.844699090377,64.2298272701446,6.210501293375608,147213.5611851418,2.0144136939339548e-06,1.8417180324135234,7.317967734226012e-05
663,vit_small_patch32_224,10,epoch_10,0.03,0.0,0.0,SGD,96,0.884,0.8837097082412758,0.8838858678260959,0.9988282817534171,0.8828942537887668,0.68968203276598,78393.24364946655,648.7869591622148,6.1229766451087055,145138.87919826398,1.9661617983889015e-08,0.017472925356676966,8.797722873285818e-06
671,vit_small_patch32_224,1,epoch_1,0.03,0.0,0.0,SGD,64,0.8101,0.8099147872568,0.8172294346944429,0.9980818167181901,0.8061635948089426,0.5351654952574249,8208.86116995851,68.44487772812136,5.847339723037685,138605.18876405247,1.7798202233216077e-06,1.4424937905240736,6.519363455870575e-05
671,vit_small_patch32_224,10,epoch_10,0.03,0.0,0.0,SGD,64,0.8763,0.8752728929843991,0.8757830999785955,0.9987505040971044,0.8749147243766608,0.6708877503492369,82544.24343254806,684.443553774152,5.815063292599408,137840.10909613076,1.7700093931943096e-08,0.01418749185920587,8.127614021896757e-06
672,vit_small_patch32_224,1,epoch_1,0.03,0.0,0.0,SGD,64,0.8191,0.8193453326106821,0.8298386349003163,0.9981727256840189,0.8181287997552295,0.5559084294027982,8216.93281017044,68.55814906489104,5.841595776539441,138469.03440560072,1.7751341550374711e-06,1.4358707399970105,6.765400694462624e-05
672,vit_small_patch32_224,10,epoch_10,0.03,0.0,0.0,SGD,64,0.8752,0.8754129246287908,0.875212921843789,0.9987393928433698,0.8746475133333531,0.6697090445641324,81696.92364290726,679.2565232638735,5.875374231936241,139269.71803408663,1.8020236190570142e-08,0.014745269327229934,8.197481798597381e-06
673,vit_small_patch32_224,1,epoch_1,0.03,0.0,0.0,SGD,64,0.8221,0.820967928090043,0.8290837318311436,0.998203028654594,0.8191662890796225,0.5585577940807962,8246.909754065617,69.00177208008245,5.820361981812234,137965.7090874657,1.7573105390253624e-06,1.4111385825740803,6.772934477734944e-05
673,vit_small_patch32_224,10,epoch_10,0.03,0.0,0.0,SGD,64,0.8807,0.8804797813872202,0.8803953537034178,0.9987949483895058,0.879779773456965,0.6818698110660782,82186.09760832226,683.8199260740075,5.840403839193779,138440.7807537495,1.779343879049749e-08,0.014386886133604676,8.296656379959708e-06
681,vit_small_patch32_224,1,epoch_1,0.03,0.0,0.0,SGD,192,0.8317,0.8312347921723294,0.8345263922074918,0.998299998702851,0.8296848779784554,0.5759589890624823,8017.651428199917,66.79864710615948,5.986790574503277,141910.72812147075,1.867175594698296e-06,1.5863333578746948,7.183637181291052e-05
681,vit_small_patch32_224,10,epoch_10,0.03,0.0,0.0,SGD,192,0.8809,0.8799468438302263,0.8804409514326929,0.9987969687790228,0.8794789633138926,0.6816485229555858,79316.52687216288,653.6220295997337,6.051702197873996,143449.39155414805,1.9288996302585193e-08,0.01674502841157863,8.594028884474754e-06
682,vit_small_patch32_224,1,epoch_1,0.03,0.0,0.0,SGD,192,0.8346,0.834893982052902,0.8385581311528156,0.9983292914767095,0.8326421919729761,0.5833332060685539,7793.470695141522,64.5233912509866,6.159001794915759,145992.81841263646,1.988620481756162e-06,1.788107939528403,7.484896381687891e-05
682,vit_small_patch32_224,10,epoch_10,0.03,0.0,0.0,SGD,192,0.8816,0.8818355456982897,0.8817295179936935,0.9988040393642226,0.8811966894595801,0.6846598369978669,78690.66388924845,649.4059764666017,6.099834164260783,144590.31043394934,1.9568633955840295e-08,0.017259083415082633,8.70064888461835e-06
683,vit_small_patch32_224,1,epoch_1,0.03,0.0,0.0,SGD,192,0.8356,0.8349611883697489,0.8395053611086091,0.9983393924160499,0.8325810559033502,0.5847448446793954,7840.889520063322,64.89915345795453,6.121754410284352,145109.90737576562,1.9651496732832268e-06,1.7456959372171366,7.45763402459818e-05
683,vit_small_patch32_224,10,epoch_10,0.03,0.0,0.0,SGD,192,0.8848,0.8844999572585377,0.8837410610777731,0.9988363625689107,0.8835342324011894,0.6908158742287571,78941.64299582195,652.8562868761364,6.08044096606153,144130.61456805738,1.9403329033675807e-08,0.01700464474054854,8.7509690451378e-06
849,vit_small_patch32_224,1,epoch_1,0.01,0.0,0.0,SGD,128,0.8155,0.8152927931327689,0.815706071175423,0.9981363622143553,0.8135159497396236,0.5413288093251176,7895.024111742163,65.47241437807679,6.079778772126895,144114.91794024786,1.934586634016906e-06,1.6950593086295176,6.856582090990787e-05
849,vit_small_patch32_224,1,epoch_1,0.01,0.0,0.0,SGD,128,0.8155,0.8152927931327689,0.815706071175423,0.9981363622143553,0.8135159497396236,0.5413288093251176,7895.024111742163,65.47241437807679,6.079778772126895,144114.91794024786,1.934586634016906e-06,1.6950593086295176,6.856582090990787e-05
849,vit_small_patch32_224,10,epoch_10,0.01,0.0,0.0,SGD,128,0.8748,0.8736968508079547,0.8745197123999007,0.9987353525703918,0.8733032004856749,0.667558870222614,78331.86191629243,643.7980215996504,6.127774678877685,145252.61166597498,1.982950680081552e-08,0.01764975373486485,8.522188211688184e-06
849,vit_small_patch32_224,10,epoch_10,0.01,0.0,0.0,SGD,128,0.8748,0.8736968508079547,0.8745197123999007,0.9987353525703918,0.8733032004856749,0.667558870222614,78331.86191629243,643.7980215996504,6.127774678877685,145252.61166597498,1.982950680081552e-08,0.01764975373486485,8.522188211688184e-06
850,vit_small_patch32_224,1,epoch_1,0.02,0.0,0.0,SGD,128,0.8338,0.8332625237235094,0.8357300192620734,0.9983212108402486,0.8317901568820092,0.5796689542664263,7995.041518311467,65.75012596300803,6.003721167684128,142312.05046203418,1.9023161171907574e-06,1.6253424474317504,7.250355772872221e-05
850,vit_small_patch32_224,1,epoch_1,0.02,0.0,0.0,SGD,128,0.8338,0.8332625237235094,0.8357300192620734,0.9983212108402486,0.8317901568820092,0.5796689542664263,7995.041518311467,65.75012596300803,6.003721167684128,142312.05046203418,1.9023161171907574e-06,1.6253424474317504,7.250355772872221e-05
850,vit_small_patch32_224,10,epoch_10,0.02,0.0,0.0,SGD,128,0.879,0.8778386609007307,0.8780900295272928,0.998777776845187,0.8772629029946373,0.6767238694845812,78277.88632667591,635.3184144764673,6.132000013347618,145352.76888439158,2.010802730837693e-08,0.0179223486983471,8.645147451483548e-06
850,vit_small_patch32_224,10,epoch_10,0.02,0.0,0.0,SGD,128,0.879,0.8778386609007307,0.8780900295272928,0.998777776845187,0.8772629029946373,0.6767238694845812,78277.88632667591,635.3184144764673,6.132000013347618,145352.76888439158,2.010802730837693e-08,0.0179223486983471,8.645147451483548e-06
851,vit_small_patch32_224,1,epoch_1,0.03,0.0,0.0,SGD,128,0.8365,0.8366087049228532,0.8411836615936004,0.9983484835883312,0.8351082086455246,0.5877076120289868,7894.802527064607,65.18648659507744,6.079949414244189,144118.96283655948,1.9431268566991474e-06,1.7026377115566023,7.444234482296854e-05
851,vit_small_patch32_224,1,epoch_1,0.03,0.0,0.0,SGD,128,0.8365,0.8366087049228532,0.8411836615936004,0.9983484835883312,0.8351082086455246,0.5877076120289868,7894.802527064607,65.18648659507744,6.079949414244189,144118.96283655948,1.9431268566991474e-06,1.7026377115566023,7.444234482296854e-05
851,vit_small_patch32_224,10,epoch_10,0.03,0.0,0.0,SGD,128,0.8824,0.8814953445339975,0.8817933621088265,0.9988121203057355,0.880881011605306,0.6850718956796743,78637.93711353552,643.4730643511284,6.103924106083656,144687.2583085802,1.976230126612082e-08,0.01745327485242615,8.711722621749148e-06
851,vit_small_patch32_224,10,epoch_10,0.03,0.0,0.0,SGD,128,0.8824,0.8814953445339975,0.8817933621088265,0.9988121203057355,0.880881011605306,0.6850718956796743,78637.93711353552,643.4730643511284,6.103924106083656,144687.2583085802,1.976230126612082e-08,0.01745327485242615,8.711722621749148e-06
852,vit_small_patch32_224,1,epoch_1,0.04,0.0,0.0,SGD,128,0.8332,0.8331916562492994,0.8386537005130615,0.9983151502295635,0.8315007653309628,0.5812252902064786,7848.454484023839,64.68604699918069,6.11585377703443,144970.0389186259,1.969723398872987e-06,1.7463874144891491,7.405601846702551e-05
852,vit_small_patch32_224,1,epoch_1,0.04,0.0,0.0,SGD,128,0.8332,0.8331916562492994,0.8386537005130615,0.9983151502295635,0.8315007653309628,0.5812252902064786,7848.454484023839,64.68604699918069,6.11585377703443,144970.0389186259,1.969723398872987e-06,1.7463874144891491,7.405601846702551e-05
852,vit_small_patch32_224,10,epoch_10,0.04,0.0,0.0,SGD,128,0.8813,0.8803289253445914,0.880591681810746,0.9988010091861462,0.8797858046235213,0.6823737209068542,78343.73639083857,640.1454221575987,6.1268458987632695,145230.59588629115,1.9939629101881923e-08,0.017742391259592247,8.709997152837483e-06
852,vit_small_patch32_224,10,epoch_10,0.04,0.0,0.0,SGD,128,0.8813,0.8803289253445914,0.880591681810746,0.9988010091861462,0.8797858046235213,0.6823737209068542,78343.73639083857,640.1454221575987,6.1268458987632695,145230.59588629115,1.9939629101881923e-08,0.017742391259592247,8.709997152837483e-06
853,vit_small_patch32_224,1,epoch_1,0.25,0.0,0.0,SGD,128,0.6871,0.6877648340263421,0.7205088099850573,0.9968393915277604,0.6820511284651849,0.33940981864000236,7982.017440161033,65.79779598489404,6.013517304346008,142544.25783076786,1.9040396206579757e-06,1.6321282180606753,4.252180870117905e-05
853,vit_small_patch32_224,1,epoch_1,0.25,0.0,0.0,SGD,128,0.6871,0.6877648340263421,0.7205088099850573,0.9968393915277604,0.6820511284651849,0.33940981864000236,7982.017440161033,65.79779598489404,6.013517304346008,142544.25783076786,1.9040396206579757e-06,1.6321282180606753,4.252180870117905e-05
853,vit_small_patch32_224,10,epoch_10,0.25,0.0,0.0,SGD,128,0.8059,0.8051550089956152,0.8074063922754656,0.9980393924433949,0.8049469287663662,0.5228781831049136,79111.60588534267,647.745799130993,6.06737778393311,143820.96523852806,1.9514399630460175e-08,0.017028579872161453,6.609373899737629e-06
853,vit_small_patch32_224,10,epoch_10,0.25,0.0,0.0,SGD,128,0.8059,0.8051550089956152,0.8074063922754656,0.9980393924433949,0.8049469287663662,0.5228781831049136,79111.60588534267,647.745799130993,6.06737778393311,143820.96523852806,1.9514399630460175e-08,0.017028579872161453,6.609373899737629e-06
854,vit_small_patch32_224,1,epoch_1,0.35,0.0,0.0,SGD,128,0.6029,0.6049291009653014,0.6519865360910121,0.9959888858282955,0.5908984324033331,0.23683336237341548,7977.243925882431,65.88067528395914,6.01711574147337,142629.55509087548,1.9027822256989549e-06,1.6330029858401052,2.968861985089886e-05
854,vit_small_patch32_224,1,epoch_1,0.35,0.0,0.0,SGD,128,0.6029,0.6049291009653014,0.6519865360910121,0.9959888858282955,0.5908984324033331,0.23683336237341548,7977.243925882431,65.88067528395914,6.01711574147337,142629.55509087548,1.9027822256989549e-06,1.6330029858401052,2.968861985089886e-05
854,vit_small_patch32_224,10,epoch_10,0.35,0.0,0.0,SGD,128,0.771,0.7700017999123859,0.7722962923373441,0.9976868669218828,0.7697554697102597,0.4574296627380627,79950.82165310824,655.3779790862463,6.003690644764488,142311.32694754066,1.9084695004092232e-08,0.016305833296606537,5.721387889204754e-06
854,vit_small_patch32_224,10,epoch_10,0.35,0.0,0.0,SGD,128,0.771,0.7700017999123859,0.7722962923373441,0.9976868669218828,0.7697554697102597,0.4574296627380627,79950.82165310824,655.3779790862463,6.003690644764488,142311.32694754066,1.9084695004092232e-08,0.016305833296606537,5.721387889204754e-06
8492,vit_small_patch32_224,1,epoch_1,0.01,0.0,0.0,SGD,128,0.8171,0.8178471796699732,0.8206594007355585,0.9981525236462526,0.8150094607967568,0.5474030700196313,7938.199967927137,66.07309496589005,6.046710865679289,143331.07714557936,1.906572457367379e-06,1.6523912327207462,6.895808523737303e-05
8492,vit_small_patch32_224,10,epoch_10,0.01,0.0,0.0,SGD,128,0.8757,0.8762258092514996,0.8751546774382093,0.9987444433528113,0.8751647510085472,0.6706726331318704,79465.49725787448,656.8359658091795,6.040357344551007,143180.47344594612,1.915863085488195e-08,0.016569556938511646,8.4397965944322e-06
8502,vit_small_patch32_224,1,epoch_1,0.02,0.0,0.0,SGD,128,0.8398,0.8402134098609845,0.8442906310297567,0.9983818167749025,0.8381373699783093,0.5947769255460487,8002.218196598042,66.35554087394848,5.99833681371074,142184.41987544223,1.8832692589007654e-06,1.6061839283106552,7.432650684267824e-05
8502,vit_small_patch32_224,10,epoch_10,0.02,0.0,0.0,SGD,128,0.8789,0.8793153280831786,0.8788415782882208,0.9987767666132379,0.87846567851384,0.6783645350707077,79862.65624760246,656.6206308773253,6.010318496192142,142468.43336545763,1.9069606220469674e-08,0.01632893500383503,8.494139400617204e-06
8512,vit_small_patch32_224,1,epoch_1,0.03,0.0,0.0,SGD,128,0.8385,0.8390095712991633,0.8445423015999113,0.9983686854503543,0.836753461700542,0.5931743188681975,8165.580110873706,67.54416477493942,5.8783331188044725,139339.85541148012,1.8131140375558273e-06,1.4850964820067207,7.264325507973354e-05
8512,vit_small_patch32_224,10,epoch_10,0.03,0.0,0.0,SGD,128,0.8774,0.8777112982663869,0.8772164099401232,0.9987616150849129,0.8769410264493791,0.6747111842144115,80181.53435747234,659.649507418042,5.986415748294638,141901.84325076666,1.890655467087326e-08,0.01606080489519562,8.41479512235766e-06
8522,vit_small_patch32_224,1,epoch_1,0.04,0.0,0.0,SGD,128,0.8355,0.8358500977019798,0.8419746519876878,0.9983383823937045,0.8334488477686327,0.5870182958533414,7839.243875699518,64.73782971897162,6.123039512623508,145140.36940820032,1.970460297069143e-06,1.7511484931285932,7.488200458631096e-05
8522,vit_small_patch32_224,10,epoch_10,0.04,0.0,0.0,SGD,128,0.8755,0.8754721572555081,0.875840677511285,0.9987424231490347,0.8750543782916652,0.670466523640376,78633.40591783529,643.6095905469265,6.104275840494001,144695.59581189795,1.975924771965509e-08,0.01745258929515744,8.526484587745723e-06
8532,vit_small_patch32_224,1,epoch_1,0.25,0.0,0.0,SGD,128,0.6817,0.6806264747060758,0.7242875200128798,0.9967848456894599,0.6790156302585175,0.3349766699300211,8006.624207729009,66.03505994286388,5.9950359545617635,142106.1763959972,1.8913677445703663e-06,1.6113160185347133,4.1837441253538434e-05
8532,vit_small_patch32_224,10,epoch_10,0.25,0.0,0.0,SGD,128,0.8051,0.8048793692026804,0.80557616940003,0.9980313114196535,0.8040885141725874,0.520992413589846,79869.01161059049,654.724625434028,6.009840241172496,142457.09682090656,1.912330774811265e-08,0.01637231270635719,6.523085776120502e-06
8542,vit_small_patch32_224,1,epoch_1,0.35,0.0,0.0,SGD,128,0.5968,0.5978276818811628,0.6644121210820686,0.9959272691862714,0.59273492919877,0.23608587600554956,7941.822145114485,65.43556834291667,6.043953027773082,143265.7054275544,1.9242698010773235e-06,1.666208275815626,2.97269155228792e-05
8542,vit_small_patch32_224,10,epoch_10,0.35,0.0,0.0,SGD,128,0.7667,0.7668225482848299,0.7678584155451647,0.9976434322945364,0.7659053261348917,0.4503776538766835,79878.2494967604,655.6899804582354,6.009145205660362,142440.62171719788,1.9092944661200036e-08,0.01634253684878972,5.6383014990200725e-06
8841,vit_small_patch32_224,1,epoch_1,0.03,0.1,0.0,SGD,128,0.8372,0.83719102009416,0.8405508281474661,0.9983555543007971,0.8354348619419955,0.5881701768534606,7853.87400289054,65.56075483909808,6.111633568648297,144870.00320876646,1.9421024004273216e-06,1.7195226562266324,7.488917910282116e-05
8841,vit_small_patch32_224,10,epoch_10,0.03,0.1,0.0,SGD,128,0.8826,0.8817009250954468,0.8824396537491327,0.9988141405092971,0.8812106918042718,0.6858907047093976,79020.18147431641,654.4120957704727,6.074397591152234,143987.36256633518,1.9337960076468002e-08,0.016913685492734365,8.679943426000986e-06
8842,vit_small_patch32_224,1,epoch_1,0.03,0.1,0.0,SGD,128,0.8404,0.8409431648158244,0.8460728014286465,0.9983878773862325,0.8385821136662672,0.5969799178206991,7887.5288507093155,65.45221933396533,6.0855561873074375,144251.86563947465,1.937022485395134e-06,1.7004206773049269,7.56865590123342e-05
8842,vit_small_patch32_224,10,epoch_10,0.03,0.1,0.0,SGD,128,0.8834,0.8836433003148629,0.883856171594989,0.9988222211982124,0.8831390465615232,0.6891347950997536,78710.65711136152,651.3513390142471,6.098284750956732,144553.58318127485,1.950523340760129e-08,0.01719442718431409,8.755292108980249e-06
8851,vit_small_patch32_224,1,epoch_1,0.03,0.05,0.0,SGD,128,0.8348,0.8349787545421121,0.83946481526063,0.9983313118580569,0.8334036198801223,0.5841643592174641,7836.482334551241,64.77816329500638,6.1251972442235765,145191.5162219473,1.9699273556149372e-06,1.7519089452537804,7.454420673442588e-05
8851,vit_small_patch32_224,10,epoch_10,0.03,0.05,0.0,SGD,128,0.8827,0.8818028320123148,0.882160338322424,0.9988151506110778,0.8812669347706092,0.6858312427878821,79189.84992371681,652.2248016442172,6.061382872456275,143678.86201274887,1.93612401007288e-08,0.01686156060156502,8.660595309228896e-06
8852,vit_small_patch32_224,1,epoch_1,0.03,0.05,0.0,SGD,128,0.8385,0.8384416215339812,0.844327526426985,0.9983686854503543,0.8367348464054284,0.5926220342925125,7845.395553475081,65.05994715215638,6.118238356858709,145026.56293678156,1.9591669634025883e-06,1.7383827177705877,7.55375596110018e-05
8852,vit_small_patch32_224,10,epoch_10,0.03,0.05,0.0,SGD,128,0.8783,0.8787503103185287,0.8780047644242823,0.9987707060019079,0.8777700663928439,0.6768166635625,78938.62025274304,648.1360470904037,6.080673800265979,144136.13366398597,1.9545387845792525e-08,0.017130453768980054,8.573961153558182e-06
751,vit_tiny_patch16_224,1,epoch_1,0.03,0.0,0.0,SGD,128,0.7836,0.7839145833399964,0.7937615654902966,0.9978141397462681,0.7809404262751454,0.48652245693865737,9155.332977817094,71.64927111193538,5.2428459037264465,128714.85929078382,1.5244531400325634e-06,1.0287500247916208,5.314088063399513e-05
751,vit_tiny_patch16_224,10,epoch_10,0.03,0.0,0.0,SGD,128,0.8617,0.8608728176084007,0.8606703034107162,0.9986030292371021,0.860031343476742,0.6375654662057884,90410.17977871977,709.0777295997832,5.3091366611017365,130342.33521979695,1.5598714944182707e-08,0.010794392952982627,7.051921230178273e-06
752,vit_tiny_patch16_224,1,epoch_1,0.03,0.0,0.0,SGD,128,0.7829,0.7827638095679952,0.7928381060464537,0.9978070688004452,0.7811096374800419,0.4848061528442642,9064.020550992074,71.40939053613693,5.295663191622652,130011.55385410273,1.5449833091112526e-06,1.0637169917231346,5.348687705603241e-05
752,vit_tiny_patch16_224,10,epoch_10,0.03,0.0,0.0,SGD,128,0.8638,0.8643478946798042,0.8628740189621125,0.9986242412281007,0.8629912141082184,0.643355880667836,89965.37095197497,702.1858650522772,5.335386214949662,130986.77674869639,1.58296948158936e-08,0.011062820348276329,7.151150202129108e-06
753,vit_tiny_patch16_224,1,epoch_1,0.03,0.0,0.0,SGD,128,0.7767,0.776497610113293,0.7900120371673341,0.9977444423753281,0.7748328313815763,0.475386073071365,9053.94826018805,71.44741267990321,5.301554484364045,130156.18845335925,1.5458789564909113e-06,1.066703048906185,5.250594098949393e-05
753,vit_tiny_patch16_224,10,epoch_10,0.03,0.0,0.0,SGD,128,0.8641,0.8634588592178516,0.8634022078248571,0.9986272714680119,0.8624851471297069,0.6433128579970215,94843.92356881314,688.3702029071283,5.060946257160485,124249.11914836618,1.531681352740585e-08,0.009631489802595587,6.7828579184650845e-06
761,vit_tiny_patch16_224,1,epoch_1,0.03,0.0,0.0,SGD,256,0.7122,0.7113015339585327,0.7178866849617791,0.9970929270747505,0.7078132842965714,0.3626162384578444,10159.99473523828,70.68725666287355,4.724411896939262,115987.00852794906,1.3924044092178827e-06,0.7629964052300268,3.569059314570009e-05
761,vit_tiny_patch16_224,10,epoch_10,0.03,0.0,0.0,SGD,256,0.8623,0.8614014862993887,0.8611450444339903,0.9986090898477871,0.8605996625397903,0.6387572235684251,102987.87035761801,706.6341422100086,4.660743040255462,114423.90175736183,1.374103054728965e-08,0.007328097138872474,6.2022568419988335e-06
762,vit_tiny_patch16_224,1,epoch_1,0.03,0.0,0.0,SGD,256,0.7136,0.7142576233896792,0.7174619738060362,0.9971070681918358,0.7097318231222447,0.36462833016196977,10311.842844617628,71.75034816400148,4.654842080439006,114279.02982589502,1.3515736042723106e-06,0.7189707099858589,3.5360151978294675e-05
762,vit_tiny_patch16_224,10,epoch_10,0.03,0.0,0.0,SGD,256,0.8659,0.8662070780697587,0.8658868973975108,0.9986454533677553,0.8653702325472815,0.6485776291814729,102368.53349724307,702.5068596510682,4.688940864947792,115116.17444746697,1.3905382798435018e-08,0.0075057492796138355,6.335712811583259e-06
763,vit_tiny_patch16_224,1,epoch_1,0.03,0.0,0.0,SGD,256,0.7253,0.7253467201025178,0.7327136354190654,0.9972252499798593,0.7214179579204446,0.3844066296168532,10257.662579367015,71.43856459204108,4.679428634799372,114882.6437682179,1.364642432487807e-06,0.7336114834169106,3.7475070625746235e-05
763,vit_tiny_patch16_224,10,epoch_10,0.03,0.0,0.0,SGD,256,0.8673,0.8668659407248388,0.8661701105903669,0.9986595947299868,0.8656750164161461,0.6503422336583452,103064.60901244193,710.1156398488674,4.6572727980955575,114338.70533169544,1.3663481154652605e-08,0.007275893102859711,6.310044154728575e-06
771,vit_tiny_patch16_224,1,epoch_1,0.03,0.0,0.0,SGD,72,0.7417,0.74170579193324,0.7673498334064219,0.9973909071000975,0.7386904609621293,0.42103554055564907,8846.454325025448,71.24638764909469,5.425902653927049,133209.00698784878,1.5866016840071548e-06,1.1467625444320846,4.759370535205221e-05
771,vit_tiny_patch16_224,10,epoch_10,0.03,0.0,0.0,SGD,72,0.8621,0.8612305245991082,0.8610813836155092,0.9986070696442255,0.860453774233406,0.6384338354697631,88720.57752225554,704.1155630913563,5.410244313159392,132824.5857850048,1.6007801715951637e-08,0.011503421776350279,7.196006307664217e-06
772,vit_tiny_patch16_224,1,epoch_1,0.03,0.0,0.0,SGD,72,0.7311,0.7302523634916757,0.7585365215357335,0.9972838360222926,0.7291156998257609,0.40387319584355125,8824.357082434602,70.83463465701789,5.439489761304741,133542.57822881266,1.599820538486932e-06,1.1621152176893121,4.5768002367842114e-05
772,vit_tiny_patch16_224,10,epoch_10,0.03,0.0,0.0,SGD,72,0.8624,0.8626684702671967,0.8613484542016299,0.998610099801664,0.8613284604483712,0.6399226848474643,88865.38399903313,707.4066371724475,5.401428299744054,132608.1476239186,1.5907365061551712e-08,0.011394022479193106,7.201034374131852e-06
773,vit_tiny_patch16_224,1,epoch_1,0.03,0.0,0.0,SGD,72,0.7553,0.7546296793017215,0.773934549486218,0.9975282805608722,0.7525287253741737,0.4400305387392413,9072.104855058325,72.2786162069533,5.29094413775836,129895.69838833435,1.5250430715822387e-06,1.0481176998037696,4.85036874870217e-05
773,vit_tiny_patch16_224,10,epoch_10,0.03,0.0,0.0,SGD,72,0.8634,0.8633401078956143,0.8630013971278916,0.9986202007544551,0.862127761029292,0.6424004069345374,90918.00764349435,721.2910655234009,5.279482166857035,129614.30046078694,1.5248935841137656e-08,0.010434791714683103,7.065711442484568e-06
781,vit_tiny_patch16_224,1,epoch_1,0.03,0.0,0.0,SGD,96,0.7729,0.7715839239314932,0.7857168988939282,0.9977060588557187,0.7698468068165493,0.46749307417111674,10316.744933578197,70.41650918312371,4.652630292697561,114224.72917446466,1.3765209166000959e-06,0.7315457574912354,4.531400913572594e-05
781,vit_tiny_patch16_224,10,epoch_10,0.03,0.0,0.0,SGD,96,0.8667,0.8658605228710841,0.8656319424988571,0.9986535343261439,0.8651174256691735,0.648731301239361,101865.8944813828,703.3543720140588,4.712077604027967,115684.1945971791,1.3957158343402906e-08,0.007608227095243721,6.368483824170653e-06
782,vit_tiny_patch16_224,1,epoch_1,0.03,0.0,0.0,SGD,96,0.7603,0.7596355766585231,0.7840266310702327,0.9975787857736838,0.7591867759594245,0.4517189462149499,10312.353980089536,70.70253183692694,4.6546113615451405,114273.3655453678,1.371536032908284e-06,0.729517417651613,4.3803669568277166e-05
782,vit_tiny_patch16_224,10,epoch_10,0.03,0.0,0.0,SGD,96,0.8641,0.8645160606981895,0.8634378282557702,0.9986272715337656,0.8630958481601836,0.6441270901729709,101217.69357922947,698.0670909418259,4.7422538790046005,116425.03937096438,1.4152931300528701e-08,0.00781407530929982,6.363779566551494e-06
783,vit_tiny_patch16_224,1,epoch_1,0.03,0.0,0.0,SGD,96,0.7599,0.7588279790213577,0.7819461118667994,0.9975747452499608,0.7570449012728249,0.44980269222288904,10086.420278654416,70.45699919201434,4.758873681040333,116833.06499669363,1.4071448234425695e-06,0.7823637948457585,4.4594879035012335e-05
783,vit_tiny_patch16_224,10,epoch_10,0.03,0.0,0.0,SGD,96,0.8642,0.8634578803537807,0.8633381669243246,0.9986282815699485,0.8624488844992616,0.6433395064989547,100745.68011841539,694.6356649457011,4.764472277479423,116970.5137346722,1.4289482116054849e-08,0.007963567964733747,6.385777591086588e-06
791,vit_tiny_patch16_224,1,epoch_1,0.03,0.0,0.0,SGD,64,0.7365,0.735465290776446,0.7618786119792341,0.9973383818074939,0.7345670465296089,0.4115885149200627,8938.598316492835,72.16315500601195,5.36996946282215,131835.8152223547,1.550297569437956e-06,1.097539833431678,4.6046203257688654e-05
791,vit_tiny_patch16_224,10,epoch_10,0.03,0.0,0.0,SGD,64,0.8644,0.863826751314661,0.8636799421371713,0.9986303019851847,0.8630971719401761,0.6440194464371791,90871.08602403512,721.2496997641865,5.282208246889902,129681.227281504,1.525768470746252e-08,0.010451563584824148,7.087176731516535e-06
792,vit_tiny_patch16_224,1,epoch_1,0.03,0.0,0.0,SGD,64,0.7428,0.7421049019848059,0.7668670044557508,0.9974020179432267,0.739532029072063,0.4216261026560838,8998.183594327356,72.03124461998232,5.334409939163745,130962.80862094271,1.542851869151445e-06,1.0778506766055758,4.685680151290597e-05
792,vit_tiny_patch16_224,10,epoch_10,0.03,0.0,0.0,SGD,64,0.8644,0.8648894744872861,0.8642993888171326,0.9986303018394307,0.8637886870768446,0.6452742220041363,90753.16773820377,717.5390502181835,5.289071576924554,129849.72595110034,1.53565149036032e-08,0.010546616329950695,7.1102115560920455e-06
793,vit_tiny_patch16_224,1,epoch_1,0.03,0.0,0.0,SGD,64,0.7314,0.7292178904698687,0.7573912829697131,0.9972868661979987,0.7281638424713992,0.4028586314124947,9350.252783355922,73.66183634405024,5.1335510506671245,126031.60826814009,1.4518913121132117e-06,0.9393587172585146,4.308531980329026e-05
793,vit_tiny_patch16_224,10,epoch_10,0.03,0.0,0.0,SGD,64,0.863,0.8623036177112069,0.8619073810980227,0.9986161603467081,0.8612042866305546,0.640516310846146,91850.05531360439,723.2875854207668,5.225908665608661,128299.04042806353,1.505253226997452e-08,0.01009240779480283,6.973499456905344e-06
801,vit_tiny_patch16_224,1,epoch_1,0.03,0.0,0.0,SGD,192,0.7581,0.7582041276397992,0.7648483727858771,0.9975565637921547,0.7555807039064909,0.4385564661031972,10394.162894480187,70.71491055516526,4.617976501550728,113373.95882315862,1.3605029409922585e-06,0.71230257663676,4.2192571980576935e-05
801,vit_tiny_patch16_224,10,epoch_10,0.03,0.0,0.0,SGD,192,0.8655,0.8646707325390734,0.8646342192759668,0.998641413104774,0.8638768551059925,0.6461893899349535,103938.85045584802,710.9825946532656,4.618099949103231,113376.98953103025,1.3532035288886013e-08,0.007085187876769664,6.21701497660345e-06
802,vit_tiny_patch16_224,1,epoch_1,0.03,0.0,0.0,SGD,192,0.7652,0.7653110957202419,0.774603130420739,0.9976282807662116,0.7626550321787856,0.4525441665591691,10531.660168713715,71.88997800601646,4.557685989773299,111893.79234821316,1.320793163209257e-06,0.6735738308523551,4.296987932667415e-05
802,vit_tiny_patch16_224,10,epoch_10,0.03,0.0,0.0,SGD,192,0.8667,0.8670557164732471,0.8664920301734372,0.998653534182862,0.8660319609879659,0.6502722456662586,103210.43748947124,702.3616022036877,4.650692426809702,114177.15346088077,1.3794806728406137e-08,0.007325081314353355,6.3004504339262646e-06
803,vit_tiny_patch16_224,1,epoch_1,0.03,0.0,0.0,SGD,192,0.7648,0.7649308761064421,0.7719555079175361,0.9976242402448595,0.7630703536147238,0.4505358288879882,10297.91917874453,70.67527451715432,4.661135824320182,114433.5448303322,1.3739882441692385e-06,0.7328719953134859,4.375018108686645e-05
803,vit_tiny_patch16_224,10,epoch_10,0.03,0.0,0.0,SGD,192,0.8639,0.8633581758409511,0.8625830728777346,0.9986252512641386,0.8621870495485234,0.6424775472182284,103953.2883977589,707.1325847213157,4.617458546990498,113361.24274308243,1.3603821283417983e-08,0.00712079562893968,6.180444670108958e-06
855,vit_tiny_patch16_224,1,epoch_1,0.01,0.0,0.0,SGD,128,0.712,0.7116029493852644,0.7180260818929323,0.9970909068711887,0.7084097187840084,0.3627377115332014,9321.649214009287,70.04943189001642,5.149303400932737,126418.33745781479,1.5314493107457742e-06,0.9969220063304782,3.891346940925984e-05
855,vit_tiny_patch16_224,1,epoch_1,0.01,0.0,0.0,SGD,128,0.712,0.7116029493852644,0.7180260818929323,0.9970909068711887,0.7084097187840084,0.3627377115332014,9321.649214009287,70.04943189001642,5.149303400932737,126418.33745781479,1.5314493107457742e-06,0.9969220063304782,3.891346940925984e-05
855,vit_tiny_patch16_224,10,epoch_10,0.01,0.0,0.0,SGD,128,0.8524,0.8514804921476856,0.851633210628075,0.9985090897714843,0.8508402544574699,0.6171955062223707,91649.63385028938,701.0993444202468,5.237336799229171,128579.6076310543,1.556287053834013e-08,0.010480265960873212,6.734293202202706e-06
855,vit_tiny_patch16_224,10,epoch_10,0.01,0.0,0.0,SGD,128,0.8524,0.8514804921476856,0.851633210628075,0.9985090897714843,0.8508402544574699,0.6171955062223707,91649.63385028938,701.0993444202468,5.237336799229171,128579.6076310543,1.556287053834013e-08,0.010480265960873212,6.734293202202706e-06
856,vit_tiny_patch16_224,1,epoch_1,0.02,0.0,0.0,SGD,128,0.7721,0.7721856156888312,0.777941358979674,0.997697978041472,0.7692818549478027,0.4627444439990848,9008.280411616668,71.14116804511286,5.3284309331780335,130816.02061147583,1.5604042051171843e-06,1.0876705928236163,5.136878769918737e-05
856,vit_tiny_patch16_224,1,epoch_1,0.02,0.0,0.0,SGD,128,0.7721,0.7721856156888312,0.777941358979674,0.997697978041472,0.7692818549478027,0.4627444439990848,9008.280411616668,71.14116804511286,5.3284309331780335,130816.02061147583,1.5604042051171843e-06,1.0876705928236163,5.136878769918737e-05
856,vit_tiny_patch16_224,10,epoch_10,0.02,0.0,0.0,SGD,128,0.8607,0.8598873491302164,0.859913496735157,0.9985929282192938,0.8590680022433661,0.6355308165914101,90386.85559520802,696.027252569329,5.310506675325121,130375.96985091668,1.5895290784597544e-08,0.011005302601352733,7.031230508090643e-06
856,vit_tiny_patch16_224,10,epoch_10,0.02,0.0,0.0,SGD,128,0.8607,0.8598873491302164,0.859913496735157,0.9985929282192938,0.8590680022433661,0.6355308165914101,90386.85559520802,696.027252569329,5.310506675325121,130375.96985091668,1.5895290784597544e-08,0.011005302601352733,7.031230508090643e-06
857,vit_tiny_patch16_224,1,epoch_1,0.03,0.0,0.0,SGD,128,0.7836,0.7839145833399964,0.7937615654902966,0.9978141397462681,0.7809404262751454,0.48652245693865737,9163.690229106265,71.9758939507883,5.2380644478290534,128597.47181948686,1.5161512650015525e-06,1.0212822897351854,5.309241634918381e-05
857,vit_tiny_patch16_224,1,epoch_1,0.03,0.0,0.0,SGD,128,0.7836,0.7839145833399964,0.7937615654902966,0.9978141397462681,0.7809404262751454,0.48652245693865737,9163.690229106265,71.9758939507883,5.2380644478290534,128597.47181948686,1.5161512650015525e-06,1.0212822897351854,5.309241634918381e-05
857,vit_tiny_patch16_224,10,epoch_10,0.03,0.0,0.0,SGD,128,0.8617,0.8608728176084007,0.8606703034107162,0.9986030292371021,0.860031343476742,0.6375654662057884,91604.71636580587,706.5097363856621,5.239904876548191,128642.65539496636,1.5451264052856254e-08,0.010415315101623824,6.959963323938398e-06
857,vit_tiny_patch16_224,10,epoch_10,0.03,0.0,0.0,SGD,128,0.8617,0.8608728176084007,0.8606703034107162,0.9986030292371021,0.860031343476742,0.6375654662057884,91604.71636580587,706.5097363856621,5.239904876548191,128642.65539496636,1.5451264052856254e-08,0.010415315101623824,6.959963323938398e-06
858,vit_tiny_patch16_224,1,epoch_1,0.04,0.0,0.0,SGD,128,0.7857,0.7855343917450406,0.7966393454419466,0.9978353518836659,0.7830715870389569,0.49061700315355866,9140.162946004162,71.2375304850284,5.251547514367272,128928.48879846036,1.5358089919420356e-06,1.039856467770678,5.367705215452898e-05
858,vit_tiny_patch16_224,1,epoch_1,0.04,0.0,0.0,SGD,128,0.7857,0.7855343917450406,0.7966393454419466,0.9978353518836659,0.7830715870389569,0.49061700315355866,9140.162946004162,71.2375304850284,5.251547514367272,128928.48879846036,1.5358089919420356e-06,1.039856467770678,5.367705215452898e-05
858,vit_tiny_patch16_224,10,epoch_10,0.04,0.0,0.0,SGD,128,0.8672,0.8665936417832327,0.8668195024249805,0.9986585848350482,0.8659611129881342,0.6505497002007531,92208.54150163414,706.6641162789892,5.205591501428241,127800.24245141276,1.534672844539993e-08,0.01020980790309112,7.055199980461939e-06
858,vit_tiny_patch16_224,10,epoch_10,0.04,0.0,0.0,SGD,128,0.8672,0.8665936417832327,0.8668195024249805,0.9986585848350482,0.8659611129881342,0.6505497002007531,92208.54150163414,706.6641162789892,5.205591501428241,127800.24245141276,1.534672844539993e-08,0.01020980790309112,7.055199980461939e-06
859,vit_tiny_patch16_224,1,epoch_1,0.25,0.0,0.0,SGD,128,0.5724,0.571390799308142,0.636395436236671,0.99568080478514,0.5641867633439197,0.20724309012843684,9319.413894637873,71.95763737009838,5.150538493372189,126448.65968213235,1.4911952254171205e-06,0.9711836716438075,2.2237781524831582e-05
859,vit_tiny_patch16_224,1,epoch_1,0.25,0.0,0.0,SGD,128,0.5724,0.571390799308142,0.636395436236671,0.99568080478514,0.5641867633439197,0.20724309012843684,9319.413894637873,71.95763737009838,5.150538493372189,126448.65968213235,1.4911952254171205e-06,0.9711836716438075,2.2237781524831582e-05
859,vit_tiny_patch16_224,10,epoch_10,0.25,0.0,0.0,SGD,128,0.7877,0.7870528076525247,0.7869285030974937,0.9978555539192825,0.7859598586443921,0.4868191715020435,91787.12043412148,714.9082750291564,5.229491869118077,128387.0101193331,1.5239402183287085e-08,0.010231716727477228,5.303785206459866e-06
859,vit_tiny_patch16_224,10,epoch_10,0.25,0.0,0.0,SGD,128,0.7877,0.7870528076525247,0.7869285030974937,0.9978555539192825,0.7859598586443921,0.4868191715020435,91787.12043412148,714.9082750291564,5.229491869118077,128387.0101193331,1.5239402183287085e-08,0.010231716727477228,5.303785206459866e-06
860,vit_tiny_patch16_224,1,epoch_1,0.35,0.0,0.0,SGD,128,0.487,0.48768284301534015,0.5951451777286111,0.9948181778643052,0.4788200554453126,0.14061545926955216,9051.322727553508,70.73980506905355,5.303092315323284,130193.9430811256,1.5617952268135447e-06,1.0783110578708335,1.5535349197250342e-05
860,vit_tiny_patch16_224,1,epoch_1,0.35,0.0,0.0,SGD,128,0.487,0.48768284301534015,0.5951451777286111,0.9948181778643052,0.4788200554453126,0.14061545926955216,9051.322727553508,70.73980506905355,5.303092315323284,130193.9430811256,1.5617952268135447e-06,1.0783110578708335,1.5535349197250342e-05
860,vit_tiny_patch16_224,10,epoch_10,0.35,0.0,0.0,SGD,128,0.7425,0.7420455879570014,0.7420472953007442,0.9973989879143442,0.7410844463473982,0.4077815335973838,92099.01874206949,701.4962130438071,5.211781912077452,127952.22056602777,1.547817191540083e-08,0.010321759309552073,4.427642543504268e-06
860,vit_tiny_patch16_224,10,epoch_10,0.35,0.0,0.0,SGD,128,0.7425,0.7420455879570014,0.7420472953007442,0.9973989879143442,0.7410844463473982,0.4077815335973838,92099.01874206949,701.4962130438071,5.211781912077452,127952.22056602777,1.547817191540083e-08,0.010321759309552073,4.427642543504268e-06
8552,vit_tiny_patch16_224,1,epoch_1,0.01,0.0,0.0,SGD,128,0.7149,0.7150918344532528,0.7191637590992862,0.9971201995163838,0.7111060209281436,0.3665915279244904,9272.528157396202,70.94842523918487,5.176581746124217,127088.03640138113,1.5200542179855373e-06,1.0000157152825455,3.953522941120215e-05
8552,vit_tiny_patch16_224,10,epoch_10,0.01,0.0,0.0,SGD,128,0.8551,0.8554839045673597,0.8551987999852295,0.9985363623638165,0.8546831635754742,0.6246830424365131,91664.0120148318,709.7367135018576,5.236515284999014,128559.43898782472,1.5371061741924942e-08,0.010347852060602411,6.814921458330185e-06
8562,vit_tiny_patch16_224,1,epoch_1,0.02,0.0,0.0,SGD,128,0.7726,0.7722570201986286,0.7818930911737287,0.9977030283059477,0.7702312356653672,0.4654416407818586,9021.929882223023,71.02743933792226,5.320369436098155,130618.10625706536,1.5605381659807695e-06,1.084475056542861,5.159003083131619e-05
8562,vit_tiny_patch16_224,10,epoch_10,0.02,0.0,0.0,SGD,128,0.8633,0.8636385422496544,0.8632752333123888,0.998619190718659,0.8627901129003022,0.6427512736010953,91691.65828584375,714.2555173728615,5.23493640505035,128520.67658393928,1.5269210030936677e-08,0.010273087384035135,7.0099209199309415e-06
8572,vit_tiny_patch16_224,1,epoch_1,0.03,0.0,0.0,SGD,128,0.7829,0.7827638095679952,0.7928381060464537,0.9978070688004452,0.7811096374800419,0.4848061528442642,9144.5428006097,71.9371347669512,5.249032242136771,128866.73742960992,1.5201444807625048e-06,1.028264733249726,5.301589848887146e-05
8572,vit_tiny_patch16_224,10,epoch_10,0.03,0.0,0.0,SGD,128,0.8638,0.8643478946798042,0.8628740189621125,0.9986242412281007,0.8629912141082184,0.643355880667836,92107.51805857896,712.7488061152399,5.211300989510187,127940.41364251486,1.523240301257576e-08,0.010155991519175666,6.984835703190608e-06
8582,vit_tiny_patch16_224,1,epoch_1,0.04,0.0,0.0,SGD,128,0.7788,0.7783791549638877,0.7928907498611563,0.9977656546230239,0.7779721712142785,0.47957776736456326,9110.855446969255,72.25796467415057,5.26844051904778,129343.22170504925,1.5189907157657202e-06,1.035096582852993,5.2638061283706984e-05
8582,vit_tiny_patch16_224,10,epoch_10,0.04,0.0,0.0,SGD,128,0.8641,0.864248041898254,0.8635225838522291,0.9986272715337654,0.8631254507318492,0.6439906050673332,92478.59948600379,716.821219166508,5.19039002177629,127427.03744971285,1.5085089916758566e-08,0.009977218487852223,6.963671688873253e-06
8592,vit_tiny_patch16_224,1,epoch_1,0.25,0.0,0.0,SGD,128,0.5198,0.5202534251670349,0.61638243104298,0.9951494907322609,0.5155222079533247,0.16587838552410109,9102.005448189506,70.43270062701777,5.273563092576236,129468.98380888168,1.5598705826120303e-06,1.0650216918654238,1.8224377744917327e-05
8592,vit_tiny_patch16_224,10,epoch_10,0.25,0.0,0.0,SGD,128,0.7895,0.7898034689670064,0.7879386606531653,0.9978737355250747,0.7876959537917142,0.490274350606464,91866.23369272404,706.074739563046,5.224988341260548,128276.44594004222,1.5416770729345962e-08,0.010332981654074378,5.336828679037209e-06
8602,vit_tiny_patch16_224,1,epoch_1,0.35,0.0,0.0,SGD,128,0.5039,0.5054829535735359,0.569014631743466,0.9949888845320168,0.4933957260429292,0.1442090566609592,9311.661015776952,69.70457623293623,5.15482682613473,126553.94069901864,1.5406768299629867e-06,1.005081557905329,1.5486931538489494e-05
8602,vit_tiny_patch16_224,10,epoch_10,0.35,0.0,0.0,SGD,128,0.7434,0.743998345368173,0.7422083220956293,0.9974080785545566,0.7415172082542634,0.4094427896735791,91667.42318742594,703.1938213552348,5.236320421253445,128554.6549716525,1.551350501997714e-08,0.010442968108309468,4.4666117518807115e-06
8861,vit_tiny_patch16_224,1,epoch_1,0.03,0.1,0.0,SGD,128,0.7765,0.7765767631411873,0.7887166307560041,0.9977424225198289,0.7733144901231459,0.4745317636063122,9380.348697389847,70.61711536091752,5.117080563684841,125627.24841219456,1.509631829789633e-06,0.9704588979028116,5.0587859675019785e-05
8861,vit_tiny_patch16_224,10,epoch_10,0.03,0.1,0.0,SGD,128,0.8665,0.8657275546738958,0.8661454668587453,0.9986515141225824,0.8652076963557254,0.6488653891011366,91485.7818866125,703.1497304064687,5.246716922580518,128809.89501303528,1.554528115805066e-08,0.010505952689689221,7.092527119736928e-06
8862,vit_tiny_patch16_224,1,epoch_1,0.03,0.1,0.0,SGD,128,0.7902,0.7903275120759621,0.7973424068440493,0.997880806238293,0.7883874141830916,0.49689846802539933,9235.252722093825,71.34812673204578,5.197475526053324,127600.99062376561,1.5176395665266565e-06,1.0065031526962362,5.380453388532091e-05
8862,vit_tiny_patch16_224,10,epoch_10,0.03,0.1,0.0,SGD,128,0.8636,0.8641301732765989,0.8634114637531709,0.9986222210243241,0.8631501043584221,0.6434441248183406,92555.18026714135,695.6791085039731,5.186095458023845,127321.60345846807,1.553067413621775e-08,0.010254935028934091,6.952005527526093e-06
8871,vit_tiny_patch16_224,1,epoch_1,0.03,0.05,0.0,SGD,128,0.7805,0.7805191384301347,0.7912301631254267,0.9977828265910622,0.7775831225943831,0.48094489986268085,9071.845167244783,71.3113043080084,5.291095594676922,129899.4167421291,1.545773973595049e-06,1.0624262679093872,5.3015113353036755e-05
8871,vit_tiny_patch16_224,10,epoch_10,0.03,0.05,0.0,SGD,128,0.8647,0.8640720630997363,0.8643797117332815,0.9986333322905271,0.8635254867837824,0.644949997590512,93999.43853948364,725.7222125243861,5.106413479250519,125365.36540109353,1.4658999313387796e-08,0.009384213355607995,6.861211169039125e-06
8872,vit_tiny_patch16_224,1,epoch_1,0.03,0.05,0.0,SGD,128,0.7851,0.7849424613429977,0.7943165340064722,0.9978292910419885,0.7834323627153226,0.4884416067750791,9198.88622283343,73.81303599011153,5.2180230124876035,128105.44314320503,1.4727589957784927e-06,0.9844762814647725,5.3097907175182986e-05
8872,vit_tiny_patch16_224,10,epoch_10,0.03,0.05,0.0,SGD,128,0.8631,0.8631195717686413,0.8625263052878418,0.9986171705148823,0.8621558937086224,0.6416577726866014,92472.21025897314,713.1836323223542,5.190748643897832,127435.84182748028,1.516307888274596e-08,0.01003018597716738,6.938925444623916e-06
