unique_id,exp_id,batch_size,lr,epochs,optimizer,model,duration,total_energy_J,accuracy_0,accuracy,precision_0,precision,recall_0,recall,specificity_0,specificity,test_accuracy,Pg_0,Pg,weight_decay,dropout,n_samples,rate,tot_samples
366_vit_b_32,366,128,0.03,10,SGD,vit_b_32,948.317425618996,157364.13673933523,0.724,0.8652,0.7331179836064419,0.8648967304226978,0.7240190454116743,0.8648744650426103,0.9972121189584576,0.9986383827376816,0.8673,0.3832215979888563,0.6463118151389949,0.0,0.025,48000,08,480000
367_vit_b_32,367,128,0.03,10,SGD,vit_b_32,935.451631325006,155625.8359229129,0.7164,0.8586,0.7287471693254356,0.8593438005914058,0.7179524447304331,0.8595415993674829,0.9971353516200644,0.998571716216774,0.8669,0.3737509027709615,0.6332919876207977,0.0,0.025,48000,08,480000
368_vit_b_32,368,128,0.03,10,SGD,vit_b_32,943.2553163770352,156321.39143836152,0.7135,0.8573,0.7222568175495923,0.857595448477972,0.714242498260368,0.8580112988797204,0.997106058484844,0.9985585848020496,0.8686,0.3670055823163731,0.6299148515409635,0.0,0.025,48000,08,480000
369_vit_b_32,369,128,0.03,10,SGD,vit_b_32,947.5515163610108,157032.78287056918,0.7214,0.8697,0.7282104925694513,0.8685040009086957,0.7203888696232261,0.8687402675728663,0.9971858563935004,0.998683837358482,0.8646,0.377377648873672,0.6553288190388862,0.0,0.025,48000,08,480000
370_vit_b_32,370,128,0.03,10,SGD,vit_b_32,930.1411193420064,154993.22450673336,0.7164,0.8635,0.7273940311263636,0.8633905853371641,0.7150702714716961,0.8625820740206138,0.9971353512780388,0.9986212110347402,0.8663,0.3715593090548194,0.6422008343145164,0.0,0.025,48000,08,480000
371_vit_b_32,371,128,0.03,10,SGD,vit_b_32,938.4274026220082,156031.16357602837,0.7086,0.8671,0.719492269721387,0.8664902406509242,0.709005585140813,0.8671862405843817,0.9970565631423788,0.9986575746109202,0.8676,0.36040991753282,0.6506715838241631,0.0,0.025,48000,08,480000
372_vit_b_32,372,128,0.03,10,SGD,vit_b_32,950.5460446020006,157361.85951569566,0.7126,0.8649,0.7218112056514602,0.8659813785801291,0.7162471207899911,0.8656449818458565,0.9970969674582968,0.9986353524830056,0.8694,0.3673412694764567,0.6474723139096685,0.0,0.025,48000,08,480000
373_vit_b_32,373,128,0.03,10,SGD,vit_b_32,939.9941954989918,156195.9263112829,0.7381,0.8695,0.7467397818021371,0.868839685384361,0.7371773411160509,0.869429561232862,0.9973545433485008,0.9986818171324148,0.8674,0.4052341544243417,0.6559500677257816,0.0,0.025,48000,08,480000
374_vit_b_32,374,128,0.03,10,SGD,vit_b_32,944.7135599050088,156790.062598077,0.7206,0.8637,0.731245285990755,0.8647518932107277,0.7221384584468378,0.8642818502383135,0.9971777757884992,0.9986232313528004,0.8708,0.3794463700206166,0.6446314636733524,0.0,0.025,48000,08,480000
375_vit_b_32,375,128,0.03,10,SGD,vit_b_32,946.7877084800276,156882.64074992028,0.6527,0.8656,0.669908904090258,0.8645320434050591,0.6512583917144559,0.8637803495746739,0.9964919165151525,0.9986424232065548,0.8644,0.2837634629158538,0.6455229301295778,0.0,0.075,48000,08,480000
376_vit_b_32,376,128,0.03,10,SGD,vit_b_32,946.6705884590046,156902.7361682725,0.6705,0.8642,0.6832344114044786,0.8653138519557352,0.6701944423678796,0.8647306449499483,0.9966717142779672,0.998628281635654,0.8682,0.3060000299810548,0.6457622142172631,0.0,0.075,48000,08,480000
377_vit_b_32,377,128,0.03,10,SGD,vit_b_32,943.3727683210165,156371.19746051377,0.6649,0.8613,0.6721845762165618,0.8602875681472184,0.6648633433700677,0.8606930615127409,0.9966151484100868,0.9985989886137844,0.8643,0.2961452350457483,0.6368505350637438,0.0,0.075,48000,08,480000
378_vit_b_32,378,128,0.03,10,SGD,vit_b_32,950.7910067219636,157522.76955315,0.6706,0.8599,0.68031585674775,0.8606942679093171,0.6736361419217383,0.8602724216508699,0.9966727247756024,0.9985848474227744,0.8601,0.3063035963564661,0.6357960595813432,0.0,0.075,48000,08,480000
379_vit_b_32,379,128,0.03,10,SGD,vit_b_32,944.3205326399766,156587.47561340424,0.6498,0.8652,0.6683775973861458,0.8667519441062457,0.652678506481265,0.865982286375846,0.9964626226041304,0.998638382430145,0.8643,0.2824632266259793,0.6485278006969091,0.0,0.075,48000,08,480000
380_vit_b_32,380,128,0.03,10,SGD,vit_b_32,934.3686465579668,155585.9651666958,0.6655,0.8581,0.6814880118454666,0.8583514584471302,0.6660339789523049,0.8578104794052428,0.9966212100548366,0.9985666657900788,0.8664,0.3010459520629113,0.6309158865869885,0.0,0.075,48000,08,480000
381_vit_b_32,381,128,0.03,10,SGD,vit_b_32,942.2302115110216,156308.71140004645,0.6615,0.8623,0.674322901051899,0.8618982597425776,0.6628353116948845,0.8620335716865817,0.9965808057218196,0.998609089949467,0.8637,0.294656423373244,0.6397850454570557,0.0,0.075,48000,08,480000
382_vit_b_32,382,128,0.03,10,SGD,vit_b_32,930.5339943889994,155212.61259008627,0.661,0.8617,0.6788663288130504,0.8612349914986811,0.6576589181343655,0.8600420173875343,0.9965757548418192,0.9986030291876804,0.8634,0.2941011745941312,0.637368077291791,0.0,0.075,48000,08,480000
383_vit_b_32,383,128,0.03,10,SGD,vit_b_32,949.2654747539782,157156.39586183472,0.7361,0.8661,0.7430145655875567,0.864291521775247,0.7333690585752086,0.864680080654025,0.9973343413060652,0.9986474736676096,0.8639,0.4000345495367415,0.6463919712877341,0.0,0.01,48000,08,480000
384_vit_b_32,384,128,0.03,10,SGD,vit_b_32,927.9839563600252,154890.01218972707,0.7295,0.859,0.741428917639291,0.8583781478549374,0.7307680312153275,0.8588115284030237,0.9972676748825766,0.9985757565931362,0.8695,0.3941722978727043,0.6323400665004932,0.0,0.01,48000,08,480000
385_vit_b_32,385,128,0.03,10,SGD,vit_b_32,947.710541923996,157043.1460577922,0.7173,0.8643,0.7344458857804571,0.8650157051404297,0.7193246093323215,0.8642230193215188,0.9971444423761638,0.9986292919364887,0.8666,0.3778710537710364,0.6452360682748249,0.0,0.01,48000,08,480000
386_vit_b_32,386,128,0.03,10,SGD,vit_b_32,936.5002868890296,155882.14851778667,0.7358,0.8586,0.7449788438668243,0.8591550415021362,0.7360913455675672,0.8581766688977099,0.9973313114992164,0.9985717162982178,0.8651,0.4024156747744863,0.6321474511018778,0.0,0.01,48000,08,480000
387_vit_b_32,387,128,0.03,10,SGD,vit_b_32,923.56560545502,154405.23929226142,0.7215,0.8587,0.7368380458664013,0.8585293567368578,0.7230576204483241,0.8589978047386458,0.997186866575608,0.9985727262015563,0.8644,0.3833167834233655,0.6323657897114745,0.0,0.01,48000,08,480000
388_vit_b_32,388,128,0.03,10,SGD,vit_b_32,931.9016153729754,155410.07521167432,0.731,0.8643,0.7448502756136272,0.864660353161423,0.7334959246909323,0.8653622388114706,0.9972828254726188,0.998629291511652,0.8648,0.3982927535124462,0.6458212036946246,0.0,0.01,48000,08,480000
389_vit_b_32,389,128,0.03,10,SGD,vit_b_32,943.7875898359924,156660.33296960063,0.7183,0.8646,0.7300999903067482,0.8639718311214644,0.7185415753032732,0.8646990434277315,0.997154542980587,0.9986323220432072,0.8668,0.3757531093863788,0.6450381648203752,0.0,0.01,48000,08,480000
3901_vit_b_32,3901,128,0.03,10,SGD,vit_b_32,957.4391608089792,160426.11553543978,0.7382,0.8628,0.7548655975616313,0.8629159590818876,0.7374044689614705,0.8633802335552878,0.9973555512603854,0.9986141391631964,0.8654,0.4098259446428453,0.6419163682630202,0.0,0.0,54000,09,540000
39010_vit_b_32,39010,128,0.03,10,SGD,vit_b_32,961.8672695939896,161290.54396416203,0.7344,0.8532,0.7457759703271107,0.8522969885660677,0.7327307552179161,0.851467746131701,0.9973171661303756,0.998517168629289,0.8639,0.4002384141496536,0.6182520124691496,0.0,0.0,54000,09,540000
39011_vit_b_32,39011,128,0.03,10,SGD,vit_b_32,963.1949947589892,161163.29490391945,0.7534,0.8648,0.7627490242022074,0.865178685226649,0.7548033229565325,0.8662458153327905,0.9975090856289202,0.9986343405394568,0.8663,0.4326711521610438,0.647245647082753,0.0,0.0,54000,09,540000
39012_vit_b_32,39012,128,0.03,10,SGD,vit_b_32,954.4131359900348,160036.88989824324,0.7516,0.8594,0.7753776642659149,0.8589142911644224,0.7524315093813159,0.8601424539822404,0.9974909040951412,0.9985797951520806,0.863,0.4373971773818363,0.6340132532043475,0.0,0.0,54000,09,540000
39013_vit_b_32,39013,128,0.03,10,SGD,vit_b_32,956.0960373679992,160484.66417050778,0.7364,0.862,0.750764289513672,0.8626941185098306,0.7406835373802849,0.8640108679380751,0.9973373694454064,0.998606058359128,0.8681,0.4084060536725674,0.6416194266229143,0.0,0.0,54000,09,540000
39014_vit_b_32,39014,128,0.03,10,SGD,vit_b_32,955.0637403219588,160005.4082249112,0.7486,0.8676,0.7592549276610664,0.868327600400081,0.7501060864012464,0.8680334981228413,0.9974606017212038,0.9986626239772768,0.8653,0.4252613191775259,0.6530680396785417,0.0,0.0,54000,09,540000
39015_vit_b_32,39015,128,0.03,10,SGD,vit_b_32,948.3794708479544,159494.48444757098,0.7282,0.856,0.7417310563116232,0.8580037145151138,0.7309689306477035,0.8572423032008228,0.9972545410892312,0.9985454522327054,0.8632,0.3937332380322792,0.6286868337238602,0.0,0.0,54000,09,540000
3902_vit_b_32,3902,128,0.03,10,SGD,vit_b_32,953.5753203820204,160199.71263301934,0.751,0.8554,0.7676320970421442,0.8542466138364929,0.7511437327883179,0.8547878686070056,0.9974848440508962,0.9985393913644962,0.8659,0.4319389978439248,0.623700459217001,0.0,0.0,54000,09,540000
3903_vit_b_32,3903,128,0.03,10,SGD,vit_b_32,958.3263049660018,160673.2069939603,0.7514,0.8618,0.7598201234930043,0.860511615705291,0.7510155916789796,0.8616759755988848,0.9974888837628904,0.9986040375544306,0.8632,0.4276997536407353,0.6381173148230025,0.0,0.0,54000,09,540000
3904_vit_b_32,3904,128,0.03,10,SGD,vit_b_32,967.2291827669832,161491.37841446075,0.7538,0.8582,0.7655921146748258,0.8577116574502404,0.7537997567606665,0.858214945938399,0.9975131274541444,0.998567674545076,0.8624,0.4339385141580592,0.6308170157905711,0.0,0.0,54000,09,540000
3905_vit_b_32,3905,128,0.03,10,SGD,vit_b_32,940.5924242750044,158565.64328777988,0.7512,0.8608,0.7605695513862032,0.8647239591684168,0.7541593728090835,0.8622358959373214,0.997486863613463,0.9985939365554424,0.8663,0.4297984372003444,0.6409066449574715,0.0,0.0,54000,09,540000
3906_vit_b_32,3906,128,0.03,10,SGD,vit_b_32,941.6590153160504,158617.95679415087,0.7514,0.8644,0.7646532157368513,0.8635824060330265,0.751091443908879,0.8630732150765106,0.9974888848059998,0.9986303008032726,0.8644,0.4304637549222647,0.6433849862648674,0.0,0.0,54000,09,540000
3907_vit_b_32,3907,128,0.03,10,SGD,vit_b_32,958.9784318869932,160617.27644892936,0.7208,0.8624,0.7481749748265891,0.8630957231882117,0.722060673968427,0.8634002179225222,0.9971797942761412,0.998610099184803,0.868,0.3882979680735104,0.6417646926338199,0.0,0.0,54000,09,540000
3908_vit_b_32,3908,128,0.03,10,SGD,vit_b_32,952.0619982579956,160043.24997452338,0.7534,0.8714,0.7663114135478487,0.8702911413496862,0.7504785768002397,0.8687274981715071,0.997509087339679,0.9987010082395892,0.8683,0.4322013012400217,0.65796255051367,0.0,0.0,54000,09,540000
3909_vit_b_32,3909,128,0.03,10,SGD,vit_b_32,954.1270746279624,160106.8128164694,0.7414,0.8594,0.7439323996583899,0.8583799815686401,0.7419718568860755,0.859019382736707,0.9973878739845664,0.9985797953682524,0.8651,0.4081667014477222,0.6327915453990169,0.0,0.0,54000,09,540000
3911_vit_b_32,3911,128,0.03,10,SGD,vit_b_32,883.1845078790211,142182.4957467221,0.7211333333333333,0.8536,0.728587684641464,0.852906033050271,0.7203354790973887,0.8532298887781602,0.997183163754844,0.9985212114763656,0.8602,0.3774045571247241,0.6202673887558028,0.0,0.0,42000,07,420000
39110_vit_b_32,39110,128,0.03,10,SGD,vit_b_32,891.6578327330062,143315.2515051972,0.7203333333333334,0.8536666666666667,0.7348117698636021,0.8527329615900581,0.7210202217654998,0.8531880437879564,0.9971750828222282,0.9985218848140144,0.8575,0.3805646800331356,0.6201599598795143,0.0,0.0,42000,07,420000
39111_vit_b_32,39111,128,0.03,10,SGD,vit_b_32,886.5257633529836,142884.18230320007,0.7138666666666666,0.8581333333333333,0.7292863744387461,0.8584491204792151,0.7149699187623466,0.8585386575828897,0.9971097626680384,0.9985670025530256,0.8571,0.3711469887879771,0.6315480489773257,0.0,0.0,42000,07,420000
39112_vit_b_32,39112,128,0.03,10,SGD,vit_b_32,889.3327831670176,143296.37425169893,0.7246,0.8543333333333333,0.741881219993412,0.8546205553515791,0.7250266544246275,0.8545848120873726,0.997218180565402,0.9985286188659896,0.854,0.3886662837343895,0.6230406351814896,0.0,0.0,42000,07,420000
39113_vit_b_32,39113,128,0.03,10,SGD,vit_b_32,882.6566430649837,142470.60594808322,0.7242,0.8544,0.7406047698731585,0.8543399370896259,0.7237826493414012,0.8545236770906496,0.997214140327219,0.998529292355486,0.8593,0.387116445369663,0.6228405196580449,0.0,0.0,42000,07,420000
39114_vit_b_32,39114,128,0.03,10,SGD,vit_b_32,888.1975920010009,142956.62820428255,0.7340666666666666,0.8511333333333333,0.7413729863053146,0.8506407086748048,0.7339122168877091,0.8509984773462768,0.997313803417867,0.998496295570844,0.8577,0.3983347619194228,0.6152037910001089,0.0,0.0,42000,07,420000
39115_vit_b_32,39115,128,0.03,10,SGD,vit_b_32,888.6348598640179,142857.80331628644,0.7253333333333334,0.8498666666666667,0.7350034263582798,0.8512816641930929,0.7265680322806106,0.8503165731979743,0.997225588125806,0.998483501082358,0.857,0.3862750873140582,0.6142506316753457,0.0,0.0,42000,07,420000
3912_vit_b_32,3912,128,0.03,10,SGD,vit_b_32,891.8017141260207,143221.9145369159,0.7301333333333333,0.8562666666666666,0.7443949183811863,0.8559844277992006,0.7310660976192978,0.856371327757734,0.997274073028898,0.998548147591478,0.8625,0.3962568188866311,0.6267668673729524,0.0,0.0,42000,07,420000
3913_vit_b_32,3913,128,0.03,10,SGD,vit_b_32,877.3902099470142,141744.30817804812,0.7186,0.8566,0.7399144917324165,0.8554845381809523,0.7187810887579402,0.8555145848530548,0.9971575743889668,0.998551514454079,0.8589,0.381091428688685,0.6260198831811247,0.0,0.0,42000,07,420000
3914_vit_b_32,3914,128,0.03,10,SGD,vit_b_32,891.6579224219895,143242.01352178812,0.7217333333333333,0.852,0.7375839609077132,0.8525272141372591,0.723380441796418,0.8524824480912748,0.9971892242917222,0.9985050498149556,0.8523,0.384001187342323,0.6182776644079452,0.0,0.0,42000,07,420000
3915_vit_b_32,3915,128,0.03,10,SGD,vit_b_32,880.3653142590192,141951.95624104884,0.7232,0.8550666666666666,0.7358390688703018,0.8556599869777949,0.7240962595687622,0.85548008863415,0.9972040389761734,0.9985360261883914,0.8562,0.3842568277291284,0.6249925554946492,0.0,0.0,42000,07,420000
3916_vit_b_32,3916,128,0.03,10,SGD,vit_b_32,871.8145185190369,141137.79883139915,0.728,0.8524,0.7367747254264593,0.8529326407171847,0.727438652398318,0.8523596252275815,0.9972525243769358,0.9985090904339547,0.8587,0.3891057211565974,0.618775441219225,0.0,0.0,42000,07,420000
3917_vit_b_32,3917,128,0.03,10,SGD,vit_b_32,879.7966387789929,142021.52449883785,0.7142666666666667,0.856,0.7317267137445633,0.8559250107499616,0.7160897867473941,0.8564210731718812,0.9971138033554507,0.9985454538608898,0.8602,0.3731826990790537,0.6265628849414473,0.0,0.0,42000,07,420000
3918_vit_b_32,3918,128,0.03,10,SGD,vit_b_32,877.3322072839946,141930.85096306438,0.7114,0.8570666666666666,0.7261769347588337,0.8564100591910961,0.7104160655414594,0.8562109081286343,0.9970848471546598,0.9985562282974336,0.861,0.3659326845519582,0.6275518956070254,0.0,0.0,42000,07,420000
3919_vit_b_32,3919,128,0.03,10,SGD,vit_b_32,890.5677022699965,143257.4979781903,0.7216666666666667,0.8539333333333333,0.7304480031886308,0.8541586594105071,0.7230361666666616,0.8541464156813112,0.9971885511029344,0.9985245785548572,0.8601,0.3800697080839795,0.6220905396139086,0.0,0.0,42000,07,420000
2001_vit_b_32,2001,128,0.03,10,SGD,vit_b_32,2528.1926074950024,320887.38775906584,0.6402,0.866,0.667974993818804,0.8644497833585908,0.6387066401267618,0.8644426863220543,0.9963656537925476,0.998646463613678,0.8599,0.2721423019282606,0.6462575569600165,0.0,0.0,48000,08,480000
2002_vit_b_32,2002,128,0.03,10,SGD,vit_b_32,2541.8128033060348,323416.05180422403,0.6618,0.8655,0.6789276094850042,0.8656228746173649,0.6637420865077768,0.865722912105451,0.9965838354136828,0.998641412960202,0.856,0.2972100069569683,0.6477154855268221,0.0,0.0,48000,08,480000
2003_vit_b_32,2003,128,0.03,10,SGD,vit_b_32,2539.2511471599573,321319.80768309045,0.6527,0.8639,0.6652297234444375,0.8629309323802231,0.6530072406675016,0.8636776067536104,0.9964919159738084,0.9986252512641386,0.8574,0.2825381097371293,0.6429744472426702,0.0,0.0,48000,08,480000
2004_vit_b_32,2004,128,0.03,10,SGD,vit_b_32,2530.1219474009704,322665.6806049614,0.6518,0.8578,0.6795607822471103,0.8588308894677632,0.6549262160759974,0.8580234905829459,0.996482825643184,0.9985636352856428,0.8564,0.2890712210534055,0.631202372217227,0.0,0.0,48000,08,480000
2005_vit_b_32,2005,128,0.03,10,SGD,vit_b_32,2539.431720810011,325295.4371560085,0.6326,0.8632,0.663222370818268,0.8632964073982617,0.6359185293981333,0.8635827556082124,0.996288885050707,0.9986181803890491,0.8621,0.2658123280886957,0.6426504192565531,0.0,0.0,48000,08,480000
2006_vit_b_32,2006,128,0.03,10,SGD,vit_b_32,2551.300434932928,323600.48912271817,0.6731,0.859,0.6864444515783664,0.8597256084637772,0.6740008019620377,0.8588784339929973,0.9966979777785532,0.9985757567047294,0.8601,0.3103908998624552,0.633382037931092,0.0,0.0,48000,08,480000
2007_vit_b_32,2007,128,0.03,10,SGD,vit_b_32,2546.5769042260945,325599.7234180979,0.6407,0.8611,0.6686827827124282,0.8604512077135728,0.642435476711666,0.8611626928218813,0.9963707045667644,0.998596968728983,0.8595,0.2742365461523373,0.637169953933189,0.0,0.0,48000,08,480000
2008_vit_b_32,2008,128,0.03,10,SGD,vit_b_32,2542.6076699959813,318623.29285627906,0.6491,0.8594,0.6653778757459411,0.8580044613651566,0.6452943812299777,0.8576654208625704,0.9964555527256472,0.9985797968458991,0.8592,0.2777127253972241,0.631517763871524,0.0,0.0,48000,08,480000
2009_vit_b_32,2009,128,0.03,10,SGD,vit_b_32,2537.370563410106,323155.5060226259,0.6467,0.8643,0.6744264268591053,0.8646933053331114,0.6481698530055264,0.8646541686749568,0.9964313105465112,0.9986292919364892,0.8607,0.2816914296007607,0.6453173621912985,0.0,0.0,48000,08,480000
2011_vit_b_32,2011,128,0.035,10,SGD,vit_b_32,2526.29286248202,319000.8797567165,0.6435,0.8654,0.6685053759872294,0.8639662656602151,0.6419012222820808,0.8638706400403803,0.9963989871513153,0.9986404030029932,0.8619,0.2751407618060393,0.6450175378073097,0.0,0.0,48000,08,480000
2012_vit_b_32,2012,128,0.035,10,SGD,vit_b_32,2562.1847165599465,324885.48707398574,0.6709,0.866,0.6942815684684159,0.8664733523824854,0.6724872154326664,0.866190727878664,0.9966757546855208,0.9986464634696438,0.8575,0.3121988894739725,0.6490802605498511,0.0,0.0,48000,08,480000
2013_vit_b_32,2013,128,0.035,10,SGD,vit_b_32,2547.006213780958,319746.2607330739,0.6629,0.8652,0.6766247107735184,0.8639049681303024,0.6629784642684717,0.8648549331468012,0.9965949463713528,0.9986383825893156,0.8603,0.2963561712871795,0.645556121087189,0.0,0.0,48000,08,480000
2014_vit_b_32,2014,128,0.035,10,SGD,vit_b_32,2555.9407432179432,323805.0791710493,0.6519,0.8588,0.6798609596160506,0.8595884255018953,0.6547884774391872,0.8589809914848553,0.996483835744952,0.9985737363033244,0.8568,0.289182741514597,0.6332078460517357,0.0,0.0,48000,08,480000
2015_vit_b_32,2015,128,0.035,10,SGD,vit_b_32,2533.438789554988,321997.49872141285,0.6464,0.8655,0.677876443064196,0.8653274813533876,0.6496787016599491,0.8661141232974368,0.996428279134268,0.9986414127363094,0.8611,0.2836589976020945,0.6477870488957007,0.0,0.0,48000,08,480000
2016_vit_b_32,2016,128,0.035,10,SGD,vit_b_32,2532.4401104659773,322486.4253053477,0.6825,0.8603,0.6983289347745996,0.8607092761500277,0.6835968608281858,0.8601983377416738,0.9967929273315712,0.9985888880258914,0.8604,0.3247638643039032,0.6360506993470316,0.0,0.0,48000,08,480000
2017_vit_b_32,2017,128,0.035,10,SGD,vit_b_32,2538.662573425914,322067.8878699424,0.6561,0.8648,0.6845246711248797,0.8645054093302784,0.6572647563415985,0.8649289462320701,0.996526260229642,0.998634342492142,0.8602,0.2941631286459805,0.6457587876015188,0.0,0.0,48000,08,480000
2018_vit_b_32,2018,128,0.035,10,SGD,vit_b_32,2551.5164309439715,322303.6652373115,0.6378,0.8604,0.6607455342862016,0.8588261054005616,0.6342141599175914,0.8586209977033207,0.9963414112203745,0.9985898978640648,0.8596,0.2662949110510659,0.6335695727086733,0.0,0.0,48000,08,480000
2019_vit_b_32,2019,128,0.035,10,SGD,vit_b_32,2529.1504477909766,322358.69951971306,0.6477,0.8646,0.6750893361594404,0.865054937660557,0.6497970471084616,0.8645567422374911,0.9964414115639282,0.998632322241714,0.863,0.2831161518056286,0.6457405230058676,0.0,0.0,48000,08,480000
2021_vit_b_32,2021,128,0.04,10,SGD,vit_b_32,2535.228120952961,322544.27899676806,0.6626,0.8678,0.687354900950901,0.8664580790214955,0.6613454958229933,0.8661748255457167,0.9965919165914552,0.9986646454457332,0.8607,0.3001775616454388,0.6504178236854982,0.0,0.0,48000,08,480000
2022_vit_b_32,2022,128,0.04,10,SGD,vit_b_32,2552.167818643968,319983.0763881485,0.6658,0.8649,0.687376263186332,0.864877590800852,0.6680921693735787,0.8650312609117243,0.996624239489216,0.9986353523488722,0.8584,0.304723640939842,0.6461885828978355,0.0,0.0,48000,08,480000
2023_vit_b_32,2023,128,0.04,10,SGD,vit_b_32,2528.920557445963,320427.18310687307,0.6495,0.8662,0.6638392574012437,0.8650898291118421,0.6498042821149242,0.8657612239077372,0.9964595927118336,0.9986484836086827,0.8599,0.2791800292448761,0.6478734202175891,0.0,0.0,48000,08,480000
2024_vit_b_32,2024,128,0.04,10,SGD,vit_b_32,2544.9558514020173,322040.2017179038,0.668,0.8585,0.6943493996427875,0.8591609803840692,0.6697982165785777,0.8589181367407785,0.9966464621296298,0.99857070599802,0.8586,0.3096275833461829,0.6326236727828105,0.0,0.0,48000,08,480000
2025_vit_b_32,2025,128,0.04,10,SGD,vit_b_32,2549.7490009280154,325408.92753524147,0.6645,0.8666,0.6862644901824894,0.867249641320744,0.6676125967089195,0.8672352216177209,0.9966111076061848,0.998652523858912,0.8633,0.3034147982275259,0.6508997809213688,0.0,0.0,48000,08,480000
2026_vit_b_32,2026,128,0.04,10,SGD,vit_b_32,2543.730599707924,321021.4672476835,0.6776,0.8621,0.6932016683397041,0.8625050011755084,0.6787794771722399,0.8618227951877969,0.9967434323518068,0.9986070698551928,0.859,0.3177935528397537,0.639929130694968,0.0,0.0,48000,08,480000
2027_vit_b_32,2027,128,0.04,10,SGD,vit_b_32,2532.579820955056,322033.8011239728,0.6514,0.8636,0.6777582945014439,0.8630598967860372,0.6526204979330877,0.8635059023300518,0.996478785449413,0.998622221271658,0.8601,0.2871120122385683,0.6427174729815103,0.0,0.0,48000,08,480000
2028_vit_b_32,2028,128,0.04,10,SGD,vit_b_32,2542.229243156966,322226.9248963327,0.6449,0.8632,0.6747232154431443,0.8623929606397236,0.6409608308961284,0.8612572944090373,0.9964131284493511,0.9986181807149288,0.8599,0.2779002656435531,0.6402491583744788,0.0,0.0,48000,08,480000
2029_vit_b_32,2029,128,0.04,10,SGD,vit_b_32,2536.537906149053,322410.27760109206,0.6468,0.8662,0.6737867489325463,0.866109235842019,0.648244226477088,0.8662599253452179,0.9964323206482528,0.9986484838695816,0.8628,0.2815003507844821,0.6490104951429742,0.0,0.0,48000,08,480000
2031_vit_b_32,2031,128,0.025,10,SGD,vit_b_32,2541.9703083529603,322144.5854101151,0.6318,0.8657,0.6594722613531303,0.8640089851867029,0.630278047962132,0.8639544742481219,0.9962808052429571,0.9986434333083356,0.8574,0.2616315408711211,0.6453376230542733,0.0,0.0,48000,08,480000
2032_vit_b_32,2032,128,0.025,10,SGD,vit_b_32,2543.196064963005,323045.66808451473,0.6495,0.862,0.6682778512871036,0.8614451192432103,0.6511611934190542,0.8622784717138053,0.9964595928814188,0.9986060593941108,0.8542,0.2816335735828019,0.639405872769441,0.0,0.0,48000,08,480000
2033_vit_b_32,2033,128,0.025,10,SGD,vit_b_32,2551.347170769004,320518.1745225198,0.634,0.8597,0.6554948541967462,0.8587386056757551,0.6346563860953043,0.8594758683631945,0.9963030269116436,0.9985828269827968,0.8582,0.2627777857268181,0.6336153571107443,0.0,0.0,48000,08,480000
2034_vit_b_32,2034,128,0.025,10,SGD,vit_b_32,2546.575373007916,323485.1596889471,0.6438,0.8528,0.6641859157270615,0.8532878047022645,0.6467857060540336,0.8530703211428338,0.9964020175017292,0.9985131301972334,0.8525,0.2755723539612482,0.61984248949422,0.0,0.0,48000,08,480000
2035_vit_b_32,2035,128,0.025,10,SGD,vit_b_32,2531.680784825003,321316.68690440425,0.6095,0.8611,0.6373014398432859,0.8611002152359905,0.6128558496503124,0.8615041666767409,0.9960555514760508,0.9985969682458988,0.857,0.2371158065252597,0.6379033934554798,0.0,0.0,48000,08,480000
2036_vit_b_32,2036,128,0.025,10,SGD,vit_b_32,2526.618629344972,321626.94272038044,0.6566,0.8555,0.6699614125288678,0.8554719302145254,0.6577183633702652,0.8553737821309642,0.9965313110099578,0.9985404031477544,0.8586,0.288324524305226,0.6250969136638302,0.0,0.0,48000,08,480000
2037_vit_b_32,2037,128,0.025,10,SGD,vit_b_32,2540.616124146967,322570.0886421899,0.6388,0.8606,0.6659455586788501,0.860333722701165,0.6407089910715549,0.860789130879607,0.9963515126343316,0.998591918220448,0.858,0.2715670266610596,0.6364336143317304,0.0,0.0,48000,08,480000
2038_vit_b_32,2038,128,0.025,10,SGD,vit_b_32,2533.404760773061,321455.81799719925,0.6356,0.8579,0.6532532117079372,0.8568377976368633,0.6314704204021814,0.8561808036530932,0.9963191889804096,0.9985646453186506,0.8584,0.2612263299717302,0.6284590086204364,0.0,0.0,48000,08,480000
2039_vit_b_32,2039,128,0.025,10,SGD,vit_b_32,2542.632167528034,319236.8714743241,0.6206,0.8601,0.6517443648292552,0.8600049955050244,0.6226637102436221,0.8604024842376472,0.9961676739919226,0.9985868676633368,0.8592,0.2508852076632225,0.6355320070429609,0.0,0.0,48000,08,480000
2041_vit_b_32,2041,128,0.02,10,SGD,vit_b_32,2525.9912058849586,319028.2072566069,0.6149,0.8627,0.641689437883092,0.8614494209452945,0.6132236374740248,0.861253964154419,0.996110098041996,0.9986131302549104,0.8548,0.2410214049387545,0.6391725087451406,0.0,0.0,48000,08,480000
2042_vit_b_32,2042,128,0.02,10,SGD,vit_b_32,2540.152300472022,323949.82695924386,0.6252,0.8587,0.6636435635173856,0.8584766663229233,0.6269266403428493,0.8590171180202766,0.996214138122556,0.998572726031796,0.8511,0.2591333334878941,0.6323411964250655,0.0,0.0,48000,08,480000
2043_vit_b_32,2043,128,0.02,10,SGD,vit_b_32,2533.627163646044,320919.42378440377,0.6189,0.8589,0.6385984815656658,0.8578139136164518,0.6198237863478685,0.8583123897100394,0.9961505015192006,0.998574746167303,0.8543,0.2440290677957681,0.6314829790353327,0.0,0.0,48000,08,480000
2044_vit_b_32,2044,128,0.02,10,SGD,vit_b_32,2553.818865014008,322382.4877601892,0.6194,0.8508,0.6480851136438006,0.8503096127142514,0.6222268921201703,0.8508743794830704,0.9961555526702924,0.9984929281618696,0.8491,0.2488165041958502,0.6146317774633511,0.0,0.0,48000,08,480000
2045_vit_b_32,2045,128,0.02,10,SGD,vit_b_32,2545.2727657050127,319311.3524176062,0.5876,0.8574,0.6136417994617797,0.8572057121199159,0.5906967693823788,0.857772050889091,0.995834339126052,0.9985595944698716,0.8571,0.2121037834586882,0.6295270787215109,0.0,0.0,48000,08,480000
2046_vit_b_32,2046,128,0.02,10,SGD,vit_b_32,2544.406471724971,319033.32069073577,0.6363,0.8525,0.6530547542134668,0.8525092532679799,0.6377111476600689,0.8524599482104963,0.996326260379504,0.998510100098919,0.8549,0.2640201690436717,0.6186142711995742,0.0,0.0,48000,08,480000
2047_vit_b_32,2047,128,0.02,10,SGD,vit_b_32,2529.4931800869526,320839.91446288605,0.6133,0.857,0.6385660625407472,0.8563970350060768,0.6153727429706822,0.8569552838727678,0.996093936699048,0.998555554558996,0.8561,0.2400586451914024,0.6280386475441644,0.0,0.0,48000,08,480000
2048_vit_b_32,2048,128,0.02,10,SGD,vit_b_32,2540.7083639600314,321901.82387374464,0.6127,0.8554,0.6337531027676396,0.8541788403469792,0.6080787858465768,0.8536445515763431,0.9960878756644148,0.9985393927732362,0.855,0.2351935921496132,0.6228168163874342,0.0,0.0,48000,08,480000
2049_vit_b_32,2049,128,0.02,10,SGD,vit_b_32,2536.7267626280664,323806.4498082881,0.6084,0.8562,0.6374111447317828,0.8560374644100566,0.6098663505219971,0.8565918445415673,0.9960444415794332,0.99854747369541,0.8586,0.2355712280403032,0.6269178679364525,0.0,0.0,48000,08,480000
3001_vit_b_32,3001,256,0.03,10,SGD,vit_b_32,895.1575696889777,148899.07334088863,0.6779,0.862,0.6843886482401781,0.8601695799800805,0.6765564442915951,0.8604744954497313,0.9967464621639234,0.9986060595424444,0.8641,0.3128651351918997,0.637123383594145,0.0,0.0,48000,08,480000
3002_vit_b_32,3002,256,0.03,10,SGD,vit_b_32,905.8200193920638,150124.34698453403,0.6693,0.858,0.6831404874827055,0.8585865156423784,0.6713543376881955,0.8580676256189378,0.9966595930553074,0.9985656553185778,0.8659,0.3059352368948133,0.6312036372300528,0.0,0.0,48000,08,480000
3003_vit_b_32,3003,256,0.03,10,SGD,vit_b_32,912.9870110299672,151140.7620918072,0.6681,0.8621,0.6819368232356406,0.862006562887742,0.6698189381841992,0.8618386503201246,0.9966474716720616,0.998607069429278,0.8612,0.3041477483571119,0.6395710839699946,0.0,0.0,48000,08,480000
3004_vit_b_32,3004,256,0.03,10,SGD,vit_b_32,910.9524636659772,150502.69113707665,0.6682,0.8507,0.6810953400217551,0.8511554940276582,0.6719393531426536,0.8507557393665078,0.9966484823331664,0.9984919180601016,0.8597,0.3047800015383195,0.6150844973585738,0.0,0.0,48000,08,480000
3005_vit_b_32,3005,256,0.03,10,SGD,vit_b_32,906.4960250149016,150175.31595988284,0.6586,0.8578,0.6701707100515242,0.8582169484561579,0.6632947115070301,0.8584322412272111,0.996551511584952,0.9985636348780906,0.8621,0.2917517409370508,0.6310516339317683,0.0,0.0,48000,08,480000
3006_vit_b_32,3006,256,0.03,10,SGD,vit_b_32,912.1561420500512,150607.83873449342,0.6725,0.8566,0.6896267191142642,0.8582994061125007,0.6747355967774663,0.8562282847247422,0.996691917168786,0.9985515142656608,0.8626,0.3118896242996486,0.6286036912684208,0.0,0.0,48000,08,480000
3007_vit_b_32,3007,256,0.03,10,SGD,vit_b_32,905.0654454160248,150087.137580513,0.6557,0.8566,0.6688092501635929,0.8564393656349555,0.6586235026564597,0.8565631693502843,0.996522219822814,0.9985515141521684,0.8648,0.2878270892666018,0.6274867538023151,0.0,0.0,48000,08,480000
3008_vit_b_32,3008,256,0.03,10,SGD,vit_b_32,899.2873325290857,149249.09099227248,0.6472,0.8619,0.6562854322452377,0.8605960530928759,0.644368837434531,0.8603167009274452,0.9964363607911324,0.9986050493913132,0.8648,0.2727189831347615,0.6372477960693372,0.0,0.0,48000,08,480000
3009_vit_b_32,3009,256,0.03,10,SGD,vit_b_32,912.6596577239688,150957.527224986,0.6449,0.856,0.6635536192180287,0.8563543448282069,0.6482526088853447,0.8558881545756054,0.9964131287151602,0.9985454534919264,0.8632,0.2764089579200544,0.626487088118953,0.0,0.0,48000,08,480000
3011_vit_b_32,3011,64,0.03,10,SGD,vit_b_32,933.9863874820294,154249.11682956578,0.743,0.8615,0.7619690561380875,0.8601405874441245,0.7423653043662394,0.860307283766782,0.9974040384232484,0.9986010090335404,0.8638,0.419193883454544,0.6366054076098467,0.0,0.0,48000,08,480000
3012_vit_b_32,3012,64,0.03,10,SGD,vit_b_32,921.6327159790088,152915.76384596317,0.7441,0.8609,0.7658811399625652,0.8606942118980376,0.7444056660035193,0.8609020170886313,0.9974151492677747,0.9985949482733392,0.8655,0.4231343764385412,0.6370076974312944,0.0,0.0,48000,08,480000
3013_vit_b_32,3013,64,0.03,10,SGD,vit_b_32,938.1143598810304,154563.28746247152,0.7321,0.8601,0.752679841823746,0.8596982672007001,0.7312255916743446,0.8597299825347694,0.9972939369115555,0.9985868673905436,0.8597,0.4018419319542888,0.6348087759554313,0.0,0.0,48000,08,480000
3014_vit_b_32,3014,64,0.03,10,SGD,vit_b_32,928.52177649003,153660.3309164999,0.7338,0.8574,0.7522242199680733,0.8571875604405748,0.7340406466362599,0.8578116499268554,0.9973111090930946,0.9985595948785698,0.8601,0.4040878439389819,0.6295428099830375,0.0,0.0,48000,08,480000
3015_vit_b_32,3015,64,0.03,10,SGD,vit_b_32,928.8110323239816,153690.2103530808,0.7444,0.8613,0.7633780259579208,0.8625413112729425,0.7479957501754103,0.8625908119568149,0.9974181791479604,0.9985989884500084,0.8613,0.4239576037747845,0.6399268042292675,0.0,0.0,48000,08,480000
3016_vit_b_32,3016,64,0.03,10,SGD,vit_b_32,935.904875094071,154517.71322947464,0.7444,0.8561,0.7681180548141648,0.856873686810848,0.7457040829159785,0.8558658515676908,0.9974181802392116,0.9985464637575217,0.8594,0.4252831135834235,0.626924554923869,0.0,0.0,48000,08,480000
3017_vit_b_32,3017,64,0.03,10,SGD,vit_b_32,930.520221682964,153725.08472600687,0.7314,0.8589,0.7490978808594777,0.8582339065654128,0.7324023821667436,0.8585593721317459,0.9972868668150096,0.9985747464914292,0.8602,0.400187364916205,0.6319739590742492,0.0,0.0,48000,08,480000
3018_vit_b_32,3018,64,0.03,10,SGD,vit_b_32,918.1077336020536,152213.47163777196,0.7325,0.8648,0.754372211627896,0.8635390225072542,0.7286842525169723,0.8633865951576797,0.9972979776406686,0.998634342343994,0.8641,0.4015666464085867,0.6438866893160552,0.0,0.0,48000,08,480000
3019_vit_b_32,3019,64,0.03,10,SGD,vit_b_32,926.7545449750032,153170.2543046922,0.7447,0.8561,0.7621516691513396,0.8560460239986224,0.746784371613941,0.8560748135469721,0.9974212102533946,0.9985464635936682,0.8611,0.4227626182165157,0.6264719196519191,0.0,0.0,48000,08,480000
3020_vit_b_32,3020,256,0.01,10,SGD,vit_b_32,889.970024806913,148092.23950417296,0.4679,0.8468,0.4912721952193478,0.845167952202328,0.4661653281292311,0.8450709492521166,0.9946252484241652,0.9984525240717572,0.8504,0.1065797454223763,0.6038714002938894,0.0,0.0,48000,08,480000
3021_vit_b_32,3021,256,0.01,10,SGD,vit_b_32,911.9995182841084,150773.23548248652,0.448,0.8474,0.4945401116557455,0.8473836899730303,0.4488125088573521,0.8475647580975418,0.994424237576443,0.9984585845184152,0.8516,0.0988817605435676,0.6076751907521614,0.0,0.0,48000,08,480000
3022_vit_b_32,3022,256,0.01,10,SGD,vit_b_32,890.3092207849259,148304.58965279063,0.4684,0.8471,0.4975526081201499,0.8468737142530053,0.4710409605771476,0.846663304375386,0.9946302981044528,0.9984555541387714,0.846,0.1091883371047183,0.6064469404306423,0.0,0.0,48000,08,480000
3023_vit_b_32,3023,256,0.01,10,SGD,vit_b_32,907.4103895199952,150345.56402182294,0.4597,0.8406,0.4872621569095962,0.8408266758308001,0.4656172339576717,0.8411333111677394,0.994542420146503,0.998389897781515,0.8487,0.1037264573617016,0.593554876947073,0.0,0.0,48000,08,480000
3024_vit_b_32,3024,256,0.01,10,SGD,vit_b_32,910.4209957859712,150939.39918878063,0.4425,0.8473,0.4635049416023035,0.8481818846015621,0.4446582153756636,0.8479645261544416,0.994368681044554,0.998457574162338,0.8479,0.0906862412114745,0.6084620539760752,0.0,0.0,48000,08,480000
3025_vit_b_32,3025,256,0.01,10,SGD,vit_b_32,899.5951608539326,149280.84620395993,0.4424,0.8439,0.4873148384702137,0.8454761429529829,0.4445775933179447,0.8436478624574708,0.9943676733230996,0.9984232313589236,0.8489,0.0953057978637767,0.6009913655055366,0.0,0.0,48000,08,480000
3026_vit_b_32,3026,256,0.01,10,SGD,vit_b_32,884.6737644500099,147771.74882948148,0.429,0.8481,0.4680537428276476,0.8483765386000925,0.4342598860172259,0.847939766375553,0.9942323192530548,0.9984656555070734,0.848,0.0866943121586676,0.6091634632512436,0.0,0.0,48000,08,480000
3027_vit_b_32,3027,256,0.01,10,SGD,vit_b_32,889.8343969839625,148111.69806920845,0.4211,0.8469,0.446251583778434,0.8459410449450507,0.4208594320957274,0.8453686840120525,0.9941525205838616,0.9984535341188276,0.8498,0.0786239927343622,0.6047087384516228,0.0,0.0,48000,08,480000
3028_vit_b_32,3028,256,0.01,10,SGD,vit_b_32,912.2276058400748,151108.80388031807,0.4004,0.8448,0.4560068697476309,0.8452719187622487,0.4043881377489933,0.8453752604906626,0.9939434299566604,0.998432322096854,0.848,0.0733880805720654,0.6027240382511792,0.0,0.0,48000,08,480000
3029_vit_b_32,3029,64,0.01,10,SGD,vit_b_32,925.8444888120284,153103.6147042098,0.7474,0.8528,0.7567477260913585,0.8511280488861493,0.746304955184891,0.8513743022496227,0.9974484829016051,0.9985131301786078,0.8613,0.42102803721207,0.6170443954981664,0.0,0.0,48000,08,480000
3030_vit_b_32,3030,64,0.01,10,SGD,vit_b_32,936.2441538360436,154262.40973031556,0.7452,0.8544,0.7552262029928223,0.8542779384222962,0.746172091466122,0.8546556458267301,0.9974262603885464,0.998529291650598,0.8613,0.4188607784017311,0.6228915019183301,0.0,0.0,48000,08,480000
3031_vit_b_32,3031,64,0.01,10,SGD,vit_b_32,926.8063938539708,153312.24961454363,0.7352,0.8533,0.7502457178631039,0.8537902319345941,0.7340712504642135,0.8528926661346925,0.9973252500715936,0.9985181804588474,0.8533,0.4038164938734677,0.620444992956224,0.0,0.0,48000,08,480000
3032_vit_b_32,3032,64,0.01,10,SGD,vit_b_32,929.9730910039508,153618.58450433772,0.7356,0.8448,0.7529092975588731,0.8445858130084478,0.7367511739014704,0.8449546503073053,0.997329290924922,0.9984323220557788,0.8533,0.4069525662164784,0.6019351707107176,0.0,0.0,48000,08,480000
3033_vit_b_32,3033,64,0.01,10,SGD,vit_b_32,928.9316378249788,153624.3816863333,0.743,0.858,0.762069964364781,0.8585062616151942,0.7453780834944626,0.8587706065076708,0.9974040377191934,0.9985656550822004,0.8569,0.4209508586676151,0.6316617089001698,0.0,0.0,48000,08,480000
3034_vit_b_32,3034,64,0.01,10,SGD,vit_b_32,930.8859427541028,154058.3280832075,0.7412,0.8512,0.7557388002913709,0.852291214969762,0.741969344715174,0.8509998124118744,0.99738585698712,0.998496968777757,0.8582,0.4145303168734909,0.616447140035366,0.0,0.0,48000,08,480000
3035_vit_b_32,3035,64,0.01,10,SGD,vit_b_32,926.4891308309744,153424.37413276057,0.7308,0.8536,0.7432231523198002,0.8536159092067672,0.7319667503953562,0.8534878148541852,0.9972808062047678,0.9985212111009584,0.8601,0.3964848369958253,0.6209712978866883,0.0,0.0,48000,08,480000
3036_vit_b_32,3036,64,0.01,10,SGD,vit_b_32,936.6436557470588,154813.84125728902,0.7451,0.8547,0.7539051155999483,0.8536982387491845,0.7425364129719476,0.8532193028150915,0.9974252504695568,0.99853232206052,0.8596,0.4160345205545345,0.6216427727842058,0.0,0.0,48000,08,480000
3037_vit_b_32,3037,64,0.01,10,SGD,vit_b_32,932.827362544951,153938.7076110066,0.7425,0.8526,0.7573575862491314,0.8535841021887554,0.7449109129159965,0.8526804351038035,0.9973989880150766,0.998511110032708,0.8579,0.4178021763693424,0.6196277305634093,0.0,0.0,48000,08,480000
3038_vit_b_32,3038,128,0.01,10,SGD,vit_b_32,917.4855928150936,149342.24623411294,0.6761,0.8523,0.6845811551599448,0.8509884343450363,0.6748501088601845,0.8506557504007367,0.996728280331868,0.9985080796697032,0.8575,0.3113292883051017,0.61605795761364,0.0,0.0,48000,08,480000
3039_vit_b_32,3039,128,0.01,10,SGD,vit_b_32,913.181322032935,148979.45034976825,0.6727,0.8518,0.6894538851308256,0.8514383147294042,0.6749589667885094,0.852008897512471,0.9966939365195104,0.9985030290015016,0.8592,0.3120080781415541,0.6169988322161213,0.0,0.0,48000,08,480000
3040_vit_b_32,3040,128,0.01,10,SGD,vit_b_32,917.3394260390196,149292.33853897153,0.6694,0.8513,0.6808633062287403,0.8514589569584544,0.6705287781064848,0.8509392358572363,0.9966606029972388,0.9984979784201132,0.8536,0.3045862897205331,0.6158743127994886,0.0,0.0,48000,08,480000
3041_vit_b_32,3041,128,0.01,10,SGD,vit_b_32,904.032273577992,147721.27686264756,0.67,0.8446,0.6887595092979417,0.8448234861699423,0.6738325454652597,0.8448953518838493,0.9966666641649936,0.9984303018522424,0.8533,0.3099162342285548,0.6019185531072334,0.0,0.0,48000,08,480000
3042_vit_b_32,3042,128,0.01,10,SGD,vit_b_32,923.5421966639116,149757.18052128266,0.6606,0.852,0.6815858309455236,0.8532598639941924,0.665190048993253,0.8527446139180437,0.996571713626048,0.9985050489589132,0.8539,0.29847875379463,0.6189993066885799,0.0,0.0,48000,08,480000
3043_vit_b_32,3043,128,0.01,10,SGD,vit_b_32,901.1455529240192,147365.8263795654,0.6753,0.8479,0.6923938902068089,0.8498427447719483,0.6768681237447695,0.8478053272437773,0.996720200014366,0.9984636354240378,0.8533,0.3154476516542722,0.6099743878027664,0.0,0.0,48000,08,480000
3044_vit_b_32,3044,128,0.01,10,SGD,vit_b_32,901.9384694480104,147723.91486447968,0.65,0.8523,0.6693096519562206,0.8526349970597831,0.653129106393092,0.8523703941551051,0.9964646440255152,0.9985080797787674,0.8544,0.2831400971887431,0.6184941315239684,0.0,0.0,48000,08,480000
3045_vit_b_32,3045,128,0.01,10,SGD,vit_b_32,911.0072061640676,148393.91557443526,0.6532,0.8515,0.662858153464579,0.8506119158778118,0.6505672387302707,0.8500278734638212,0.9964969669001266,0.99849999880239,0.8551,0.2806951761457883,0.6147483195746918,0.0,0.0,48000,08,480000
3046_vit_b_32,3046,128,0.01,10,SGD,vit_b_32,926.0231835449812,150497.91666804816,0.6395,0.8508,0.6665228713543718,0.8514907485020735,0.6426193227109321,0.8510501773805454,0.9963585832211076,0.998492928201357,0.8506,0.2729135205957755,0.6156127058718895,0.0,0.0,48000,08,480000
3161_vit_b_32,3161,128,0.03,10,SGD,vit_b_32,948.314988459926,157126.73389219728,0.6171,0.8623,0.640196478048248,0.8609008767561764,0.6146329725018063,0.8601239783474268,0.9961323202811742,0.9986090898477872,0.8619,0.241880976372165,0.6376290662708293,0.0,0.0,48000,08,480000
31611_vit_b_32,31611,128,0.03,10,SGD,vit_b_32,946.4578763160388,156965.47361908632,0.5886,0.8606,0.6257143901787202,0.8617099349208387,0.5908327609466862,0.8609779989743452,0.9958444405261688,0.9985919178642392,0.8593,0.2166967871674635,0.6375915348942378,0.0,0.1,48000,08,480000
31612_vit_b_32,31612,128,0.03,10,SGD,vit_b_32,937.5059079951608,156009.27026386475,0.6247,0.8567,0.6429778645281254,0.8574942520549795,0.6241900227778199,0.8569035597946179,0.9962090876064974,0.9985525239915032,0.8626,0.2497668804051926,0.6285833095340033,0.0,0.1,48000,08,480000
31613_vit_b_32,31613,128,0.03,10,SGD,vit_b_32,927.2495400458574,154781.3011031939,0.6277,0.8564,0.6453444141935382,0.8568527940697774,0.6311208865173953,0.8574163270969065,0.996239391135076,0.99854949386784,0.8622,0.2546947228937959,0.6282669596531161,0.0,0.1,48000,08,480000
31614_vit_b_32,31614,128,0.03,10,SGD,vit_b_32,938.7966831449884,155940.571509912,0.6277,0.8583,0.6574547823331293,0.8588363481815192,0.6280144498404455,0.8580209134474488,0.9962393908512128,0.9985686856933036,0.8574,0.258197101980255,0.6315756030862815,0.0,0.1,48000,08,480000
31615_vit_b_32,31615,128,0.03,10,SGD,vit_b_32,947.2411719080992,156705.54983170776,0.6005,0.8569,0.6184356326498812,0.8570260525700722,0.6024603344204995,0.8567861367294617,0.9959646434833692,0.9985545443866586,0.858,0.222833199562558,0.628301924857885,0.0,0.1,48000,08,480000
3162_vit_b_32,3162,128,0.03,10,SGD,vit_b_32,931.946363032097,155092.02119778455,0.6197,0.8604,0.6464026863787916,0.8615842884355607,0.6196989792194286,0.8609248610133795,0.996158582518698,0.9985898977638976,0.8611,0.2472828005508869,0.6373097898095559,0.0,0.0,48000,08,480000
3163_vit_b_32,3163,128,0.03,10,SGD,vit_b_32,935.5031514100264,156114.3330551844,0.6208,0.8588,0.6413509484298953,0.8583558498493317,0.6211688460242233,0.8581704542393728,0.996169693455998,0.9985737360653664,0.8609,0.2463714846876903,0.6317032402564469,0.0,0.0,48000,08,480000
3164_vit_b_32,3164,128,0.03,10,SGD,vit_b_32,961.7084050879348,159170.94932254776,0.6299,0.8555,0.6421976356858817,0.8561015418096121,0.6328304813175704,0.8558558772249591,0.996261613355952,0.9985404029449744,0.8575,0.2550357703247546,0.6259095419728041,0.0,0.1,48000,08,480000
3165_vit_b_32,3165,128,0.03,10,SGD,vit_b_32,918.09675754793,153862.94461275,0.5967,0.8588,0.6270374686158678,0.8602416474373058,0.5993042495024489,0.8596319023091461,0.995926258413038,0.9985737358986384,0.8582,0.2233181754532017,0.6341692268084218,0.0,0.1,48000,08,480000
3166_vit_b_32,3166,128,0.03,10,SGD,vit_b_32,934.6119676551316,155600.52143226913,0.6206,0.856,0.6482919970813554,0.8564173899962465,0.6217037267198724,0.8557819741181683,0.9961676744239314,0.998545453655894,0.863,0.2491714888354006,0.626455483507202,0.0,0.1,48000,08,480000
3167_vit_b_32,3167,128,0.03,10,SGD,vit_b_32,945.1348686020356,157107.9160795518,0.6137,0.8591,0.6364453816269114,0.8588654703680253,0.6156258439242009,0.8587424988202226,0.996097977105876,0.9985767666948432,0.8604,0.2395169010409061,0.6327224959036462,0.0,0.1,48000,08,480000
3168_vit_b_32,3168,128,0.03,10,SGD,vit_b_32,935.4456138159148,155592.97329471805,0.6159,0.8595,0.6382931220467207,0.8591068518092639,0.6119060660742596,0.857671448766023,0.996120198922545,0.9985808069477156,0.8611,0.2396221022415177,0.6324078196415752,0.0,0.1,48000,08,480000
3169_vit_b_32,3169,128,0.03,10,SGD,vit_b_32,919.9829067119864,154036.16913527425,0.5647,0.8611,0.5944064304462564,0.8620874778213765,0.5660520900663009,0.8614305816623031,0.9956030271183026,0.998596968680754,0.861,0.1891663540964416,0.6385802095446396,0.0,0.1,48000,08,480000
31910_vit_b_32,31910,128,0.03,10,SGD,vit_b_32,943.2954808720388,156393.69545765556,0.6893,0.8611,0.7010175232632073,0.8597969331597735,0.6883365963432024,0.8606343016393143,0.9968616136702608,0.9985969685831968,0.8653,0.3315682105956418,0.6362948023885602,0.0,0.05,48000,08,480000
31911_vit_b_32,31911,128,0.03,10,SGD,vit_b_32,931.3377652899362,155128.0743357552,0.689,0.8686,0.7125726205125362,0.8685482730496187,0.6911429742926087,0.868737760532959,0.9968585828965448,0.998672726021241,0.8676,0.3382593447513338,0.6545241486259696,0.0,0.05,48000,08,480000
31912_vit_b_32,31912,128,0.03,10,SGD,vit_b_32,942.9206616529264,156087.04266194868,0.7158,0.8656,0.724519782140112,0.8659909965722333,0.71676637015991,0.8660071532172937,0.9971292904283682,0.9986424230597208,0.8681,0.3706560013033132,0.6482792412472563,0.0,0.05,48000,08,480000
31913_vit_b_32,31913,128,0.03,10,SGD,vit_b_32,937.3964242700022,155444.94283616028,0.6951,0.8664,0.7022006202366312,0.8665733716401997,0.6979031688447103,0.8674533872198475,0.9969201997235688,0.9986505040441744,0.8645,0.3395971706851048,0.6504043782791626,0.0,0.05,48000,08,480000
31914_vit_b_32,31914,128,0.03,10,SGD,vit_b_32,937.0329279229044,155452.91015079792,0.7129,0.8627,0.7280997756345797,0.8625908282172524,0.712666564873475,0.8624928963905256,0.997099997618542,0.9986131301742452,0.8674,0.3688456035645688,0.6409400840558623,0.0,0.05,48000,08,480000
31915_vit_b_32,31915,128,0.03,10,SGD,vit_b_32,947.5913527100348,156762.73896225696,0.6922,0.8614,0.6973095942137256,0.8613209511740194,0.693147822258693,0.8612002349995805,0.996890906793945,0.9985999989656944,0.8686,0.333526797401989,0.6380659651347605,0.0,0.05,48000,08,480000
3194_vit_b_32,3194,128,0.03,10,SGD,vit_b_32,945.1365203449968,156800.19327277248,0.7071,0.8646,0.7165520558240028,0.8650341498646611,0.7095533814038375,0.8646950644370642,0.9970414119209896,0.998632322205879,0.8654,0.3584485720755422,0.6458283163083816,0.0,0.05,48000,08,480000
3195_vit_b_32,3195,128,0.03,10,SGD,vit_b_32,928.4045502759982,154912.0155427638,0.6947,0.8684,0.7112734764814183,0.8691411689724999,0.6972825743333013,0.8690861798199727,0.9969161584267308,0.9986707056958984,0.8685,0.3434799256312558,0.6550814342624528,0.0,0.05,48000,08,480000
3196_vit_b_32,3196,128,0.03,10,SGD,vit_b_32,948.0346365279984,156810.60493474716,0.6981,0.8606,0.7078475514691824,0.8613341093175191,0.6990003113847155,0.8603202385128861,0.9969505031855164,0.998591918330775,0.868,0.3443565421774226,0.6368265687451956,0.0,0.05,48000,08,480000
3197_vit_b_32,3197,128,0.03,10,SGD,vit_b_32,940.5637122350744,156107.98813882068,0.6965,0.8658,0.7067770606186796,0.8650636588264113,0.6972053019125549,0.8653795121478823,0.9969343413192684,0.998644443509212,0.8684,0.3421612340872678,0.6472665268636019,0.0,0.05,48000,08,480000
3198_vit_b_32,3198,128,0.03,10,SGD,vit_b_32,941.3889701368752,155977.0118266392,0.6971,0.8653,0.7072295120568433,0.8648697194520814,0.6939408374236301,0.8634236243095806,0.996940401597602,0.9986393928530768,0.87,0.3410728106611388,0.6452826920155165,0.0,0.05,48000,08,480000
3199_vit_b_32,3199,128,0.03,10,SGD,vit_b_32,952.4922031590248,157406.55398972353,0.6779,0.8673,0.6889730155089073,0.8674225198876552,0.679468782864405,0.8672709709385011,0.9967464622899268,0.9986595949887406,0.8691,0.3163166539244812,0.6515868762180715,0.0,0.05,48000,08,480000
3201_vit_small_patch32_224,3201,128,0.03,10,SGD,vit_small_patch32_224,655.9735878380015,79020.20687459149,0.8348,0.8827,0.83946481526063,0.882160338322424,0.8349787545421121,0.8818028320123148,0.9983313118580568,0.9988151506110778,0.8812,0.5841643592174641,0.6858312427878821,0.0,0.05,48000,08,480000
32010_vit_small_patch32_224,32010,128,0.03,10,SGD,vit_small_patch32_224,645.8609281259123,78727.90811439707,0.845,0.8841,0.851123191294941,0.8836117296981049,0.8444370437350172,0.8840013417818452,0.9984343421914722,0.998829291999946,0.8803,0.6063675062960713,0.6897743764573023,0.0,0.05,48000,08,480000
32011_vit_small_patch32_224,32011,128,0.03,10,SGD,vit_small_patch32_224,668.5821229359135,81136.00472584787,0.8329,0.8862,0.8468923980488882,0.8866298939360044,0.8344111273695554,0.8868414356246713,0.9983121196206196,0.9988505039666457,0.8843,0.5875807066310667,0.696018182563045,0.0,0.05,48000,08,480000
32012_vit_small_patch32_224,32012,128,0.03,10,SGD,vit_small_patch32_224,628.2866035480984,77695.82130448296,0.8377,0.8797,0.8450201799185677,0.8802426866364224,0.8387280862872369,0.880479374103427,0.998360604632386,0.9987848474262232,0.8833,0.5927399752289116,0.6809702660425581,0.0,0.05,48000,08,480000
32013_vit_small_patch32_224,32013,128,0.03,10,SGD,vit_small_patch32_224,649.6228504888713,79195.83833407356,0.8309,0.8824,0.8381041130191319,0.8825641697089308,0.8316330145226651,0.8835961644173328,0.9982919179181876,0.9988121203263092,0.8794,0.5781439800202031,0.6873048636809268,0.0,0.05,48000,08,480000
32014_vit_small_patch32_224,32014,128,0.03,10,SGD,vit_small_patch32_224,649.5374508590903,79243.2618895332,0.8392,0.8807,0.8457740204356203,0.8801034931147123,0.8383479968707893,0.8805734129507463,0.998375756241942,0.9987949485053712,0.878,0.5940707550151199,0.681716250960585,0.0,0.05,48000,08,480000
32015_vit_small_patch32_224,32015,128,0.03,10,SGD,vit_small_patch32_224,642.0883648879826,78588.4122025668,0.843,0.8793,0.8478487452593104,0.879159637108784,0.8414594611772697,0.878793772052738,0.9984141402425256,0.9987808071800816,0.883,0.6004680130514773,0.678518936855163,0.0,0.05,48000,08,480000
3202_vit_small_patch32_224,3202,128,0.03,10,SGD,vit_small_patch32_224,642.9520960629452,78768.55769597676,0.8385,0.8783,0.844327526426985,0.8780047644242823,0.8384416215339812,0.8787503103185287,0.9983686854503544,0.998770706001908,0.8811,0.5926220342925126,0.6768166635625001,0.0,0.05,48000,08,480000
3203_vit_small_patch32_224,3203,128,0.03,10,SGD,vit_small_patch32_224,652.768721598899,79171.82630991323,0.8458,0.8805,0.8493189073943984,0.8798379262362538,0.8451103451102526,0.8801329726931981,0.9984424228135942,0.9987929281856324,0.881,0.6061427523301053,0.6810136065695884,0.0,0.05,48000,08,480000
3204_vit_small_patch32_224,3204,128,0.03,10,SGD,vit_small_patch32_224,648.2250852759462,78740.29731682727,0.8352,0.8747,0.8438944860978785,0.8748622112918024,0.8358557578731474,0.8751512672892525,0.9983353522860332,0.9987343424844656,0.8829,0.5881477280139747,0.6688548712855337,0.0,0.05,48000,08,480000
3205_vit_small_patch32_224,3205,128,0.03,10,SGD,vit_small_patch32_224,640.0107298740186,78267.58084439172,0.8375,0.8815,0.849376030018614,0.8822556924130948,0.8389190429694158,0.8821845248956166,0.9983585841609688,0.9988030290650756,0.8801,0.5957875527498002,0.6852610884815071,0.0,0.05,48000,08,480000
3206_vit_small_patch32_224,3206,128,0.03,10,SGD,vit_small_patch32_224,653.8149532719981,79571.07826529688,0.8393,0.8759,0.8440776079918684,0.8767048932415215,0.839117728448961,0.8758944676375283,0.9983767666840424,0.9987464638798365,0.8829,0.593494864134406,0.6717613219124964,0.0,0.05,48000,08,480000
3207_vit_small_patch32_224,3207,128,0.03,10,SGD,vit_small_patch32_224,648.989007094875,79058.28501554219,0.8371,0.8807,0.8453767488706564,0.8811434465436736,0.8379153125888128,0.8811605407980311,0.998354544319304,0.998794948663554,0.8836,0.5919875414581276,0.6829768605977369,0.0,0.05,48000,08,480000
3208_vit_small_patch32_224,3208,128,0.03,10,SGD,vit_small_patch32_224,659.3895667837933,80171.96707545804,0.8387,0.8841,0.8480583518790573,0.8829405316174785,0.8376524528702615,0.882460311391935,0.9983707057698686,0.9988292919945924,0.8801,0.5948234376519009,0.6880488867431636,0.0,0.05,48000,08,480000
3209_vit_small_patch32_224,3209,128,0.03,10,SGD,vit_small_patch32_224,640.6617103300523,78338.74117286736,0.8359,0.8839,0.8456061689008572,0.8848453143956055,0.8362159144216483,0.8838876144500806,0.9983424230418412,0.9988272718778656,0.884,0.5900929452906979,0.6904908524998412,0.0,0.05,48000,08,480000
3020_vit_small_patch32_224,3020,128,0.03,10,SGD,vit_small_patch32_224,643.5819120369852,77353.95873878819,0.8365,0.8824,0.8411836615936004,0.8817933621088265,0.8366087049228532,0.8814953445339975,0.9983484835883312,0.9988121203057356,0.8806,0.5877076120289867,0.6850718956796744,0.0,0.0,48000,08,480000
3021_vit_small_patch32_224,3021,128,0.03,10,SGD,vit_small_patch32_224,646.1898621170549,77545.57651920505,0.8385,0.8774,0.8445423015999113,0.8772164099401232,0.8390095712991633,0.8777112982663869,0.9983686854503544,0.9987616150849128,0.8819,0.5931743188681976,0.6747111842144113,0.0,0.0,48000,08,480000
3022_vit_small_patch32_224,3022,128,0.03,10,SGD,vit_small_patch32_224,667.0149344099918,79778.36723017464,0.8478,0.8809,0.8510070384021249,0.880810874797594,0.8474420546818822,0.8802581110333958,0.9984626248523284,0.9987969685933792,0.8819,0.6104757107787807,0.6821761458124531,0.0,0.0,48000,08,480000
3023_vit_small_patch32_224,3023,128,0.03,10,SGD,vit_small_patch32_224,631.6721510519274,76169.96118000432,0.837,0.8773,0.8452532961508941,0.8774152588759815,0.8379963653234305,0.8777618067684319,0.9983535341178604,0.9987606051304384,0.8825,0.5918870330209126,0.6748253612632898,0.0,0.0,48000,08,480000
3024_vit_small_patch32_224,3024,128,0.03,10,SGD,vit_small_patch32_224,645.6428408820648,77195.17808143992,0.8319,0.8804,0.8460392762816461,0.8805092765795984,0.83358982660797,0.8811568237871823,0.9983020184459004,0.9987919179424732,0.8811,0.5857010522836603,0.682247884925129,0.0,0.0,48000,08,480000
3025_vit_small_patch32_224,3025,128,0.03,10,SGD,vit_small_patch32_224,631.1161168109393,76075.541455527,0.8337,0.8769,0.8394457483671607,0.8781404840516587,0.8334155743922532,0.877174326959613,0.9983202009928828,0.9987565648961148,0.8811,0.5822827259964937,0.6746206470673419,0.0,0.0,48000,08,480000
3026_vit_small_patch32_224,3026,128,0.03,10,SGD,vit_small_patch32_224,645.514198421035,77207.04765866521,0.8352,0.8797,0.8424722917115113,0.8805969867050062,0.8356906984639971,0.8797394354735191,0.9983353523868712,0.9987848476464842,0.8873,0.5870405894472658,0.6806718533749018,0.0,0.0,48000,08,480000
3027_vit_small_patch32_224,3027,128,0.03,10,SGD,vit_small_patch32_224,647.8500384989893,77403.7479435732,0.8387,0.8843,0.8454571656268208,0.8830141623706607,0.8377111103175217,0.8828142217408359,0.9983707057698686,0.9988313121982256,0.8816,0.5930405053451258,0.6885393472899028,0.0,0.0,48000,08,480000
3028_vit_small_patch32_224,3028,128,0.03,10,SGD,vit_small_patch32_224,646.2289435319835,77125.68223424352,0.8372,0.8797,0.8465956949361158,0.8801906934993663,0.8373014736976504,0.8792539946378253,0.9983555543644834,0.9987848476047134,0.8835,0.5924781920159093,0.679982380452337,0.0,0.0,48000,08,480000
3029_vit_small_patch32_224,3029,256,0.03,10,SGD,vit_small_patch32_224,635.7946180879371,86630.85053784936,0.812,0.8826,0.8146324465180054,0.8821969782914368,0.8115257895922886,0.8815501071627616,0.998101008652026,0.9988141405092972,0.8832,0.5357899381015688,0.6855847895608764,0.0,0.0,48000,08,480000
3030_vit_small_patch32_224,3030,256,0.03,10,SGD,vit_small_patch32_224,616.2613230950665,84445.90617839832,0.8156,0.8802,0.8180329524965521,0.8798450148820176,0.8170276111927748,0.8806995820508021,0.9981373721179276,0.998789897937786,0.8814,0.5440954146977455,0.6812232678412323,0.0,0.0,48000,08,480000
3031_vit_small_patch32_224,3031,256,0.03,10,SGD,vit_small_patch32_224,636.1612017239677,86806.32059346192,0.8154,0.8839,0.8198933823457967,0.8836130891856603,0.8151873033089315,0.8836430647308862,0.9981353518248344,0.9988272716514804,0.8842,0.5439699795854808,0.6893385072755714,0.0,0.0,48000,08,480000
3032_vit_small_patch32_224,3032,256,0.03,10,SGD,vit_small_patch32_224,639.23557643604,86818.32118710468,0.8035,0.8797,0.8101894085006545,0.8795789963456927,0.8045448033757939,0.8801394371089001,0.9980151500255188,0.9987848475728748,0.8808,0.5227087986416099,0.6801941124391991,0.0,0.0,48000,08,480000
3033_vit_small_patch32_224,3033,256,0.03,10,SGD,vit_small_patch32_224,623.4352728410158,85105.84431016224,0.8147,0.8817,0.8228684253190504,0.8825514502532047,0.8158758044171536,0.8826156901187265,0.9981282808924768,0.9988050492691852,0.8835,0.545931972322636,0.6859828314607987,0.0,0.0,48000,08,480000
3034_vit_small_patch32_224,3034,256,0.03,10,SGD,vit_small_patch32_224,626.1398281500442,85527.15795399995,0.8125,0.8802,0.816818211782076,0.8803981711352499,0.8128882871680152,0.8802676240387072,0.9981060594477784,0.9987898982498338,0.8842,0.5384635869832958,0.6813172207026549,0.0,0.0,48000,08,480000
3035_vit_small_patch32_224,3035,256,0.03,10,SGD,vit_small_patch32_224,636.7853770379443,86757.31719542123,0.817,0.8811,0.8196452841079086,0.8816745522724692,0.8173999942163426,0.8811962248896029,0.998151513876198,0.9987989890703822,0.8847,0.546360257578855,0.6837293598643739,0.0,0.0,48000,08,480000
3036_vit_small_patch32_224,3036,256,0.03,10,SGD,vit_small_patch32_224,628.8850930919871,85959.83581135992,0.81,0.8812,0.8116345055488812,0.880259039805199,0.807910549919417,0.8799019574225458,0.9980808065485122,0.9987999990419116,0.8816,0.5301203846467757,0.6817070719078792,0.0,0.0,48000,08,480000
3037_vit_small_patch32_224,3037,256,0.03,10,SGD,vit_small_patch32_224,620.8445422580699,84947.04997382016,0.821,0.8837,0.8239881271119818,0.8839116658849807,0.8219953769225651,0.8837004042029046,0.9981919178823252,0.9988252516743822,0.8808,0.5550697184226348,0.6894587502006149,0.0,0.0,48000,08,480000
31020_vit_tiny_patch16_224,31020,128,0.03,10,SGD,vit_tiny_patch16_224,703.0668677589856,89745.47300541132,0.7836,0.8617,0.7937615654902966,0.8606703034107162,0.7839145833399964,0.8608728176084007,0.997814139746268,0.998603029237102,0.8682,0.4865224569386573,0.6375654662057881,0.0,0.0,48000,08,480000
31021_vit_tiny_patch16_224,31021,128,0.03,10,SGD,vit_tiny_patch16_224,702.2607844419545,89419.81886636616,0.7829,0.8638,0.7928381060464537,0.8628740189621125,0.7827638095679952,0.8643478946798042,0.9978070688004452,0.9986242412281008,0.8611,0.4848061528442642,0.6433558806678362,0.0,0.0,48000,08,480000
31022_vit_tiny_patch16_224,31022,128,0.03,10,SGD,vit_tiny_patch16_224,719.1367808689829,91718.02593863172,0.7767,0.8641,0.7900120371673341,0.8634022078248571,0.776497610113293,0.8634588592178516,0.997744442375328,0.998627271468012,0.8657,0.4753860730713649,0.6433128579970216,0.0,0.0,48000,08,480000
31023_vit_tiny_patch16_224,31023,128,0.03,10,SGD,vit_tiny_patch16_224,724.1614050490316,92827.93766708448,0.7706,0.8603,0.783050749991606,0.8603327087988896,0.7713327646477209,0.8608241658591947,0.9976828265437864,0.9985888878298472,0.8635,0.4643582767653645,0.6362349712749937,0.0,0.0,48000,08,480000
31024_vit_tiny_patch16_224,31024,128,0.03,10,SGD,vit_tiny_patch16_224,705.8970651869895,89936.7720123726,0.7814,0.8673,0.8007476064174344,0.8666241109604607,0.7838326052016648,0.8679027643417921,0.9977919169082324,0.9986595945732956,0.865,0.4893643887514952,0.651461364409305,0.0,0.0,48000,08,480000
31025_vit_tiny_patch16_224,31025,128,0.03,10,SGD,vit_tiny_patch16_224,699.1476639709435,89279.47548433981,0.7801,0.8598,0.7939938150971807,0.8604692564680899,0.7799230941780354,0.8597495546060254,0.9977787865203545,0.998583837517752,0.8668,0.4820071094693364,0.635168995838517,0.0,0.0,48000,08,480000
31026_vit_tiny_patch16_224,31026,128,0.03,10,SGD,vit_tiny_patch16_224,715.899461833993,90507.88635866532,0.7783,0.8631,0.7921281463105937,0.8628169493042533,0.7789799766204614,0.8633987435707802,0.9977606045155906,0.9986171707631228,0.8596,0.4791760711369274,0.64208160217193,0.0,0.0,48000,08,480000
31027_vit_tiny_patch16_224,31027,128,0.03,10,SGD,vit_tiny_patch16_224,707.7682532150066,90721.37613661667,0.7775,0.8677,0.7898632306717821,0.8663682849676886,0.7760758575544712,0.8667459848901558,0.997752523458126,0.9986636352966748,0.863,0.4755315138191791,0.6507036124137215,0.0,0.0,48000,08,480000
31028_vit_tiny_patch16_224,31028,128,0.03,10,SGD,vit_tiny_patch16_224,696.3151316349395,89468.76058562592,0.7825,0.8652,0.7953594404024348,0.8646581707583607,0.7835190776523804,0.8656872100559201,0.997803028711764,0.9986383828521644,0.8634,0.4865664722096667,0.6467407350996829,0.0,0.0,48000,08,480000
31029_vit_tiny_patch16_224,31029,256,0.03,10,SGD,vit_tiny_patch16_224,698.4697703600395,101002.82617365984,0.7122,0.8623,0.7178866849617791,0.8611450444339903,0.7113015339585327,0.8614014862993887,0.9970929270747504,0.9986090898477872,0.8603,0.3626162384578443,0.6387572235684251,0.0,0.0,48000,08,480000
31030_vit_tiny_patch16_224,31030,256,0.03,10,SGD,vit_tiny_patch16_224,705.9973250379553,101812.15780922196,0.7136,0.8659,0.7174619738060362,0.8658868973975108,0.7142576233896792,0.8662070780697587,0.9971070681918358,0.9986454533677552,0.8618,0.3646283301619697,0.6485776291814728,0.0,0.0,48000,08,480000
31031_vit_tiny_patch16_224,31031,256,0.03,10,SGD,vit_tiny_patch16_224,704.5028984639794,102190.1474832606,0.7253,0.8673,0.7327136354190654,0.8661701105903669,0.7253467201025178,0.8668659407248388,0.9972252499798592,0.9986595947299868,0.8622,0.3844066296168531,0.6503422336583452,0.0,0.0,48000,08,480000
31032_vit_tiny_patch16_224,31032,256,0.03,10,SGD,vit_tiny_patch16_224,697.557901186985,100968.46896472668,0.6806,0.8602,0.6910982941825107,0.8602274640316874,0.6833731895468483,0.860831575920077,0.9967737349524208,0.998587877728079,0.8599,0.3203954115864402,0.636088026533936,0.0,0.0,48000,08,480000
31033_vit_tiny_patch16_224,31033,256,0.03,10,SGD,vit_tiny_patch16_224,705.4401456048945,101688.17934758111,0.7323,0.8679,0.7393661462169066,0.8667528702686321,0.733670912738312,0.8684927090920026,0.9972959567993313,0.9986656551856244,0.8621,0.396163039589377,0.6524560585746021,0.0,0.0,48000,08,480000
31034_vit_tiny_patch16_224,31034,256,0.03,10,SGD,vit_tiny_patch16_224,707.9232310040388,101705.72495007564,0.7241,0.8594,0.7325380489148091,0.8592826843309885,0.7250140392777235,0.8592866106848881,0.9972131296087576,0.9985797971112408,0.8637,0.3834980316222849,0.6336540713887028,0.0,0.0,48000,08,480000
31035_vit_tiny_patch16_224,31035,256,0.03,10,SGD,vit_tiny_patch16_224,702.9005041490309,101406.81310014131,0.7041,0.8625,0.7115819245857956,0.862377756466072,0.7052298958070088,0.8630741604363921,0.9970111090489998,0.998611110152881,0.861,0.3522816030176302,0.6410636587482599,0.0,0.0,48000,08,480000
31036_vit_tiny_patch16_224,31036,256,0.03,10,SGD,vit_tiny_patch16_224,704.7735732779838,101619.3496141476,0.7002,0.8676,0.7046412206571911,0.8664331789486306,0.6983197969100512,0.8664622672553154,0.9969717147539155,0.998662625194858,0.8638,0.3435004757892357,0.6504637065840723,0.0,0.0,48000,08,480000
31037_vit_tiny_patch16_224,31037,256,0.03,10,SGD,vit_tiny_patch16_224,701.6993792740395,101031.06913708356,0.7201,0.8599,0.7277450657072108,0.8595821510082463,0.7211653416943714,0.8600101556053832,0.9971727252249318,0.9985848474598532,0.8653,0.3768576350839556,0.6347809564512162,0.0,0.0,48000,08,480000
31038_vit_tiny_patch16_224,31038,64,0.03,10,SGD,vit_tiny_patch16_224,712.3395303329453,88852.0155494634,0.7365,0.8644,0.7618786119792341,0.8636799421371713,0.735465290776446,0.863826751314661,0.997338381807494,0.9986303019851848,0.864,0.4115885149200627,0.6440194464371791,0.0,0.0,48000,08,480000
31039_vit_tiny_patch16_224,31039,64,0.03,10,SGD,vit_tiny_patch16_224,715.9253398380242,89480.89694300867,0.7428,0.8644,0.7668670044557508,0.8642993888171326,0.7421049019848059,0.8648894744872861,0.9974020179432268,0.9986303018394308,0.8622,0.4216261026560838,0.6452742220041364,0.0,0.0,48000,08,480000
31040_vit_tiny_patch16_224,31040,64,0.03,10,SGD,vit_tiny_patch16_224,721.2713651700178,90109.2400495956,0.7314,0.863,0.7573912829697131,0.8619073810980227,0.7292178904698687,0.8623036177112069,0.9972868661979988,0.998616160346708,0.8632,0.4028586314124947,0.6405163108461459,0.0,0.0,48000,08,480000
31041_vit_tiny_patch16_224,31041,64,0.03,10,SGD,vit_tiny_patch16_224,710.7075187000446,89229.75854621976,0.7282,0.8602,0.7587944594125774,0.8600543557303406,0.7285340869649066,0.8605326789980946,0.9972545433940764,0.998587877728079,0.8642,0.40144931925334,0.6357392057564439,0.0,0.0,48000,08,480000
31042_vit_tiny_patch16_224,31042,64,0.03,10,SGD,vit_tiny_patch16_224,715.8096729710232,89606.04376851612,0.7349,0.8689,0.7644287075219686,0.8682668204853397,0.7357391227427601,0.8694234566024754,0.9973222194527556,0.9986757562061722,0.8597,0.4122157493452644,0.655056654429751,0.0,0.0,48000,08,480000
31043_vit_tiny_patch16_224,31043,64,0.03,10,SGD,vit_tiny_patch16_224,717.0911875619786,89665.52558459365,0.7403,0.8558,0.765241757359898,0.8558334730592655,0.7412329730846123,0.8560711595551047,0.9973767660724696,0.998543433452638,0.8617,0.4188132250554799,0.6260923204930526,0.0,0.0,48000,08,480000
31044_vit_tiny_patch16_224,31044,64,0.03,10,SGD,vit_tiny_patch16_224,718.009194239974,89919.08122517532,0.7577,0.8608,0.7814035328940042,0.8610616805441392,0.758837020963024,0.8612616538521607,0.9975525235639496,0.998593938423862,0.8611,0.4481846103087676,0.6374711837938962,0.0,0.0,48000,08,480000
31045_vit_tiny_patch16_224,31045,64,0.03,10,SGD,vit_tiny_patch16_224,715.3252830050187,89639.4002390226,0.7299,0.8616,0.7657475608915383,0.860401282570129,0.7286873501621571,0.8604981819389467,0.9972717149934376,0.9986020190858635,0.8617,0.4061661419227478,0.6370142334256361,0.0,0.0,48000,08,480000
31046_vit_tiny_patch16_224,31046,64,0.03,10,SGD,vit_tiny_patch16_224,718.0012035600375,89888.08166332344,0.7533,0.8622,0.7768681267314369,0.862122403930098,0.7546472325142816,0.8627240870147324,0.9975080790031822,0.9986080797999128,0.8622,0.4405301901484063,0.6403891261636823,0.0,0.0,48000,08,480000
3211_vit_b_32,3211,96,0.03,10,SGD,vit_b_32,923.0512989729176,152827.1567097797,0.7332,0.8632,0.7436725386336712,0.8613891199419023,0.7316151758751586,0.8616658195964455,0.9973050484487264,0.9986181807638146,0.8659,0.3978459340388677,0.6398072366399722,0.0,0.0,48000,08,480000
32110_vit_b_32,32110,96,0.03,10,SGD,vit_b_32,918.4293990649747,152190.5077312279,0.7202,0.8506,0.7385379452241705,0.8503114645065805,0.7191717279391999,0.8496415476154106,0.9971737351301544,0.9984909078929416,0.8637,0.3814427527115246,0.6135970583584957,0.0,0.0,48000,08,480000
32111_vit_b_32,32111,96,0.03,10,SGD,vit_b_32,913.0712080050724,151531.78937183713,0.7149,0.8609,0.7415592809011707,0.8619894188658418,0.7166001685266682,0.8616720977342905,0.997120199304839,0.9985949481701264,0.8619,0.3788049031796954,0.6385369556050463,0.0,0.0,48000,08,480000
32112_vit_b_32,32112,96,0.03,10,SGD,vit_b_32,909.801428884035,151075.6227839844,0.7361,0.8555,0.7510722839962312,0.8560734936640945,0.7365028096365601,0.8557377811910541,0.997334341112056,0.9985404027688218,0.8619,0.4061006970834638,0.6258026715593563,0.0,0.0,48000,08,480000
32113_vit_b_32,32113,96,0.03,10,SGD,vit_b_32,904.4313027991448,150298.04752145137,0.7336,0.8581,0.7478863263951833,0.8582417553687037,0.7341549546151418,0.8588481412820461,0.9973090889024556,0.9985666655978168,0.8615,0.4017098000070561,0.631598349447459,0.0,0.0,48000,08,480000
32114_vit_b_32,32114,96,0.03,10,SGD,vit_b_32,918.3512196550146,152010.33485079132,0.7279,0.8547,0.7537175788629159,0.8539178428072856,0.7277829804922428,0.8542921672268724,0.9972515128944802,0.9985323220270782,0.8591,0.3981868952278996,0.6225845571979974,0.0,0.0,48000,08,480000
32115_vit_b_32,32115,96,0.03,10,SGD,vit_b_32,921.9137384700588,152506.12814494706,0.7275,0.8529,0.739037846584208,0.8527965670271229,0.7272603319154511,0.8529056399725958,0.9972474727139377,0.9985141403164044,0.8612,0.3899352717997751,0.6194393114872795,0.0,0.0,48000,08,480000
3212_vit_b_32,3212,96,0.03,10,SGD,vit_b_32,910.6443568649702,151049.26979377418,0.7296,0.8617,0.7525326595958555,0.8617633425802045,0.7297027734148549,0.8618469987600436,0.9972686844939675,0.9986030290884456,0.8644,0.3995474442000949,0.6390975635704115,0.0,0.0,48000,08,480000
3213_vit_b_32,3213,96,0.03,10,SGD,vit_b_32,919.3912936919368,152193.57321991428,0.7133,0.858,0.728767644287598,0.8578827137421778,0.7122221624728899,0.8578579892643623,0.9971040377474544,0.9985656552498728,0.8597,0.3691622338056614,0.630532141626349,0.0,0.0,48000,08,480000
3214_vit_b_32,3214,96,0.03,10,SGD,vit_b_32,909.0448930340352,150873.7063623941,0.7321,0.8552,0.7586293864862264,0.8552444090915027,0.7323716793175695,0.8553577076349673,0.9972939373630356,0.9985373726396698,0.8562,0.4056530907495733,0.6246978815355684,0.0,0.0,48000,08,480000
3215_vit_b_32,3215,96,0.03,10,SGD,vit_b_32,914.1730322360528,151799.46104889756,0.7285,0.8583,0.7559712765195254,0.8583097271085656,0.7310718005048074,0.8590656203682882,0.9972575729212492,0.9985686853883649,0.8599,0.4015154173057771,0.6319568541968539,0.0,0.0,48000,08,480000
3216_vit_b_32,3216,96,0.03,10,SGD,vit_b_32,919.7567156080622,152590.5477225846,0.7251,0.8581,0.7489559462689168,0.8591201195497171,0.7258157797576469,0.8580636864150472,0.997223230625036,0.9985666657900788,0.8628,0.3930727807435812,0.6316672766120436,0.0,0.0,48000,08,480000
3217_vit_b_32,3217,96,0.03,10,SGD,vit_b_32,912.9219215610065,151295.8026162823,0.7259,0.8588,0.7448429733940816,0.8584395376752789,0.7261963511967175,0.8586327279053559,0.997231311221125,0.998573736389722,0.8618,0.3915538423344294,0.6321051451121044,0.0,0.0,48000,08,480000
3218_vit_b_32,3218,96,0.03,10,SGD,vit_b_32,916.317158116959,151740.70737698412,0.7348,0.8637,0.7540558678411401,0.8616961370011309,0.7322021678584939,0.8619468799279026,0.9973212099824498,0.9986232312240116,0.8601,0.4046119796624386,0.6406181404752367,0.0,0.0,48000,08,480000
3219_vit_b_32,3219,96,0.03,10,SGD,vit_b_32,913.7229728489184,151414.5388426686,0.7323,0.859,0.7549085980422983,0.8589551504679338,0.7349409068901593,0.8589543988234984,0.9972959576374214,0.9985757565441776,0.863,0.4051910888406152,0.6328703917944043,0.0,0.0,48000,08,480000
3221_vit_b_32,3221,156,0.03,10,SGD,vit_b_32,904.540835649008,148601.55233395225,0.7312,0.8634,0.7411440028349037,0.8618362395953109,0.729551085275612,0.862063102273094,0.9972848464131095,0.9986202009673764,0.8635,0.3942881358964344,0.6405841671105719,0.0,0.0,48000,08,480000
32210_vit_b_32,32210,156,0.03,10,SGD,vit_b_32,917.8843699460848,150699.15806534712,0.7209,0.8532,0.7293702456715971,0.8528605832283707,0.719285970231679,0.8523330552694743,0.9971808058428382,0.9985171705400524,0.8607,0.3771365013520912,0.6192895601721522,0.0,0.0,48000,08,480000
32211_vit_b_32,32211,156,0.03,10,SGD,vit_b_32,919.9849882051348,151088.33547334655,0.7053,0.864,0.7272081522552116,0.8642121633326024,0.7075531999180518,0.864602593384594,0.9970232295164364,0.9986262613309648,0.8623,0.3618236905730543,0.6446940076901104,0.0,0.0,48000,08,480000
32212_vit_b_32,32212,156,0.03,10,SGD,vit_b_32,903.5799577389844,148777.14121255692,0.7417,0.8576,0.7571426382782951,0.8579983442820412,0.7424514656174622,0.8582894203757613,0.9973909068179012,0.998561614908514,0.8619,0.415852633774748,0.6306375828742883,0.0,0.0,48000,08,480000
32213_vit_b_32,32213,156,0.03,10,SGD,vit_b_32,905.1337228489574,149346.156795822,0.7153,0.8557,0.731164031101319,0.8561752882396415,0.7166604309012173,0.8564418601850232,0.9971242402797638,0.9985424231554968,0.8643,0.3737366978986225,0.6265397469877843,0.0,0.0,48000,08,480000
32214_vit_b_32,32214,156,0.03,10,SGD,vit_b_32,909.0356497799512,149614.07223271104,0.7384,0.8561,0.7500733573253897,0.8553227770687983,0.7384547130067858,0.8561243228502284,0.9973575735876372,0.9985464634528324,0.8613,0.407915477561611,0.6259788328145178,0.0,0.0,48000,08,480000
32215_vit_b_32,32215,156,0.03,10,SGD,vit_b_32,920.0314995869994,150825.54330387505,0.7128,0.8558,0.7204858676586305,0.8563393468401185,0.7122108124517652,0.855654396757479,0.9970989877557536,0.9985434332673389,0.8625,0.3647035540734223,0.6261574147673782,0.0,0.0,48000,08,480000
3222_vit_b_32,3222,156,0.03,10,SGD,vit_b_32,922.9970392060932,150987.76152682464,0.7376,0.8598,0.7407982892057586,0.8596173187252013,0.7387018976219167,0.8594670860965415,0.9973494926450336,0.9985838371525676,0.8668,0.4025663449500898,0.6343316477531721,0.0,0.0,48000,08,480000
3223_vit_b_32,3223,156,0.03,10,SGD,vit_b_32,922.4503253661096,151244.2121819184,0.7247,0.8591,0.7367981428282725,0.8586747355919495,0.724928626793321,0.8587941139005169,0.9972191893682392,0.9985767663711764,0.8609,0.3860047605559225,0.6326200038168985,0.0,0.0,48000,08,480000
3224_vit_b_32,3224,156,0.03,10,SGD,vit_b_32,899.9004225709941,148114.085671683,0.7319,0.8535,0.7478555204785787,0.8530955062395178,0.7338480766147363,0.853527940193661,0.9972919171594992,0.9985202009096108,0.8619,0.4005879769968185,0.6205485675702682,0.0,0.0,48000,08,480000
3225_vit_b_32,3225,156,0.03,10,SGD,vit_b_32,903.5868045249954,149152.669346682,0.7329,0.8609,0.7450684639111315,0.861910120927916,0.7357193249328945,0.8618201266837079,0.9973020174116598,0.9985949480417892,0.8611,0.4006634853316359,0.6385878997689926,0.0,0.0,48000,08,480000
3226_vit_b_32,3226,156,0.03,10,SGD,vit_b_32,919.4745600379538,150502.6197892296,0.7292,0.8563,0.738551106477934,0.8571014937452276,0.7300601360164944,0.8561654620582569,0.997264644791778,0.9985484839607774,0.861,0.3920994839690572,0.6274585722522166,0.0,0.0,48000,08,480000
3227_vit_b_32,3227,156,0.03,10,SGD,vit_b_32,918.9632774798664,150440.34502387658,0.7217,0.8567,0.7331206701986963,0.8562852448887345,0.7223521912782235,0.8566536743730958,0.9971888869494312,0.9985525242538752,0.8646,0.3811172396520865,0.6275140055148469,0.0,0.0,48000,08,480000
3228_vit_b_32,3228,156,0.03,10,SGD,vit_b_32,914.4065803389532,150061.65450218783,0.7291,0.863,0.7354261731368916,0.8617096956690402,0.7270089220873119,0.8612605932843271,0.997263634178905,0.9986161605112956,0.8613,0.3887549244620778,0.6395948259138742,0.0,0.0,48000,08,480000
3229_vit_b_32,3229,156,0.03,10,SGD,vit_b_32,919.3896389137954,150802.41185910793,0.7177,0.8581,0.7345804962550322,0.8585389691819418,0.719844379557102,0.8580270497642575,0.9971484827831308,0.9985666656285024,0.8637,0.378425845896971,0.6312130342530367,0.0,0.0,48000,08,480000
3231_vit_small_patch32_224,3231,96,0.03,10,SGD,vit_small_patch32_224,651.6273173869122,78530.10484111957,0.8274,0.8814,0.8337236186876233,0.8806998293290819,0.827790441069747,0.8805229749694238,0.998256564326275,0.998802019287927,0.8812,0.5700332689297878,0.6826861030088588,0.0,0.0,48000,08,480000
32310_vit_small_patch32_224,32310,96,0.03,10,SGD,vit_small_patch32_224,651.7828036111314,78788.38781586132,0.8291,0.8799,0.8412514209659047,0.8789961175275158,0.8279574314968409,0.8795646782386554,0.9982737360033718,0.998786867723844,0.8805,0.5764881436150805,0.6794552811242878,0.0,0.0,48000,08,480000
32311_vit_small_patch32_224,32311,96,0.03,10,SGD,vit_small_patch32_224,645.5809826171026,78389.5053492306,0.8338,0.8808,0.8443541926902114,0.8813199584035067,0.8353417910339179,0.8816911805323733,0.9983212105382822,0.9987959584606692,0.8818,0.5871121425459472,0.6836033529741623,0.0,0.0,48000,08,480000
32312_vit_small_patch32_224,32312,96,0.03,10,SGD,vit_small_patch32_224,659.8586373638827,79885.92764085661,0.835,0.8785,0.8411975908547891,0.8784185550110615,0.8357185789751455,0.8790379522619586,0.998333331881354,0.9987727262035424,0.8817,0.5860303714282739,0.6775128976644075,0.0,0.0,48000,08,480000
32313_vit_small_patch32_224,32313,96,0.03,10,SGD,vit_small_patch32_224,643.934555699816,78187.7118979746,0.8245,0.8768,0.835166978502657,0.8773268553102953,0.8250569185638074,0.8780614082877228,0.9982272714053338,0.998755554627562,0.881,0.5671230715403907,0.674599573343202,0.0,0.0,48000,08,480000
32314_vit_small_patch32_224,32314,96,0.03,10,SGD,vit_small_patch32_224,656.2443777180742,79454.13233566536,0.8362,0.875,0.8433884236015894,0.874814280154447,0.8346955662161741,0.8748598087833546,0.9983454531867544,0.9987373727005148,0.8803,0.5876879009178868,0.6688268255060033,0.0,0.0,48000,08,480000
32315_vit_small_patch32_224,32315,96,0.03,10,SGD,vit_small_patch32_224,658.5978671060875,79696.41264834264,0.8401,0.8803,0.8477526957755553,0.880475098887838,0.8388956089137869,0.8796708169001991,0.9983848472915912,0.9987909081976454,0.8785,0.5964939818309482,0.680992838424895,0.0,0.0,48000,08,480000
3232_vit_small_patch32_224,3232,96,0.03,10,SGD,vit_small_patch32_224,645.2479309029877,78278.9573518164,0.8319,0.878,0.8404004051660183,0.8782307029075034,0.8327508193390751,0.8781497238671561,0.9983020187257248,0.9987676756962428,0.8828,0.5812117631430155,0.6762950041667716,0.0,0.0,48000,08,480000
3233_vit_small_patch32_224,3233,96,0.03,10,SGD,vit_small_patch32_224,656.2641623541713,79465.04214194987,0.8257,0.884,0.8317928128590395,0.8838858678260959,0.8249600527370146,0.8837097082412758,0.9982393923243156,0.9988282817534172,0.8833,0.5655943613078711,0.6896820327659801,0.0,0.0,48000,08,480000
3234_vit_small_patch32_224,3234,96,0.03,10,SGD,vit_small_patch32_224,652.2989597551059,79050.4225253028,0.835,0.8745,0.8437774754902146,0.8746945394891681,0.8351978294156517,0.8748337013843853,0.9983333320824967,0.9987323222809292,0.8803,0.587461394270237,0.6683298205397039,0.0,0.0,48000,08,480000
3235_vit_small_patch32_224,3235,96,0.03,10,SGD,vit_small_patch32_224,657.5759152569808,79634.2337708238,0.8278,0.881,0.8472969048584299,0.8814920355515927,0.8305132281083231,0.881672722364065,0.9982606042616542,0.9987979785548018,0.8776,0.5815024226565099,0.6838791455878419,0.0,0.0,48000,08,480000
3236_vit_small_patch32_224,3236,96,0.03,10,SGD,vit_small_patch32_224,649.9183855990414,78923.03742017533,0.8207,0.879,0.8329973570397466,0.8793245413756516,0.8219752711250321,0.8789076091036924,0.9981888877812622,0.9987777770302996,0.8787,0.5609182105009459,0.6785004879366642,0.0,0.0,48000,08,480000
3237_vit_small_patch32_224,3237,96,0.03,10,SGD,vit_small_patch32_224,652.7176134209149,79073.27621004096,0.8281,0.8758,0.8388763475572545,0.876728382058263,0.8290445275659789,0.8759670525821227,0.9982636351656744,0.9987454536799112,0.8813,0.5749152674327265,0.6717576081611526,0.0,0.0,48000,08,480000
3238_vit_small_patch32_224,3238,96,0.03,10,SGD,vit_small_patch32_224,655.0850502040703,79209.29018135593,0.8266,0.8834,0.8362692412020274,0.8818579463225634,0.8255104395977049,0.8820830888737653,0.9982484834500632,0.9988222212818764,0.8775,0.5696429845090905,0.6863627715427298,0.0,0.0,48000,08,480000
3239_vit_small_patch32_224,3239,96,0.03,10,SGD,vit_small_patch32_224,650.4174516380299,78894.11449995624,0.8291,0.8805,0.8416385433258091,0.88062465265531,0.8299586869419591,0.880414070334359,0.9982737361234044,0.9987929284186472,0.8818,0.5781474991550044,0.6818402472205874,0.0,0.0,48000,08,480000
3241_vit_small_patch32_224,3241,156,0.03,10,SGD,vit_small_patch32_224,645.657309200149,78193.7875424538,0.8364,0.8828,0.8393906456210576,0.8821285840267908,0.8364193857496888,0.8819948135275485,0.9983474734865504,0.9988161607128586,0.8825,0.5862514937622196,0.6860342706779282,0.0,0.0,48000,08,480000
32410_vit_small_patch32_224,32410,156,0.03,10,SGD,vit_small_patch32_224,628.2906907850411,77015.59925587667,0.8386,0.883,0.8449566141816324,0.8823053752338937,0.837978466707718,0.8826179539958392,0.9983696956755072,0.9988181808800144,0.8819,0.5928072642442357,0.6868135032381336,0.0,0.0,48000,08,480000
32411_vit_small_patch32_224,32411,156,0.03,10,SGD,vit_small_patch32_224,646.1416874201968,78790.37132265983,0.8384,0.8843,0.8477672626445739,0.8845035244626794,0.8402167276866409,0.8846073007705877,0.9983676752285584,0.9988313120293576,0.8833,0.5962244013536757,0.691101539756382,0.0,0.0,48000,08,480000
32412_vit_small_patch32_224,32412,156,0.03,10,SGD,vit_small_patch32_224,640.926553215133,77985.40335120648,0.8418,0.8796,0.8455907741725223,0.8795228193790421,0.8431809394631357,0.880128040018781,0.99840201880988,0.9987838373243332,0.8861,0.599232539528954,0.6800638593160636,0.0,0.0,48000,08,480000
32413_vit_small_patch32_224,32413,156,0.03,10,SGD,vit_small_patch32_224,636.0314117700327,77559.4113852528,0.8337,0.8839,0.8407004281873717,0.8842566230761048,0.8347175376759952,0.8847848729152034,0.9983202007675614,0.9988272718527592,0.8847,0.5840640389940733,0.6907319357988975,0.0,0.0,48000,08,480000
32414_vit_small_patch32_224,32414,156,0.03,10,SGD,vit_small_patch32_224,627.8355582421646,76840.20970424531,0.8393,0.8778,0.8472705709048869,0.8772973067232858,0.8384269693873831,0.8773816669085354,0.9983767663437816,0.998765655552023,0.8869,0.5952495153319199,0.674830228092617,0.0,0.0,48000,08,480000
32415_vit_small_patch32_224,32415,156,0.03,10,SGD,vit_small_patch32_224,639.8652560890187,78130.41867172692,0.8437,0.8848,0.8462649697416726,0.8847232038505528,0.8427155190715419,0.8845281575168527,0.99842121095482,0.9988363627766812,0.8809,0.6007436705418755,0.6916056599241369,0.0,0.0,48000,08,480000
3242_vit_small_patch32_224,3242,156,0.03,10,SGD,vit_small_patch32_224,643.3195971439127,77814.99898849656,0.8418,0.8789,0.8466569159407547,0.8793091778395489,0.8417507982561705,0.879667638064287,0.998402018812669,0.998776766613238,0.8824,0.5989704113159001,0.678997408947979,0.0,0.0,48000,08,480000
3243_vit_small_patch32_224,3243,156,0.03,10,SGD,vit_small_patch32_224,641.485175754875,77528.61084667536,0.8445,0.8788,0.8484147267182399,0.8779746016270257,0.844231463764344,0.8783621600517403,0.9984292914884167,0.9987757564527082,0.8844,0.6039301338707554,0.6768830064580195,0.0,0.0,48000,08,480000
3244_vit_small_patch32_224,3244,156,0.03,10,SGD,vit_small_patch32_224,642.1493656800594,77823.34488648863,0.8314,0.8767,0.8371347772764652,0.8764258602079121,0.8322444170289184,0.877039401553023,0.9982969684188422,0.9987545445198294,0.8811,0.5782505402320043,0.67304493965952,0.0,0.0,48000,08,480000
3245_vit_small_patch32_224,3245,156,0.03,10,SGD,vit_small_patch32_224,646.6463087799493,78602.19138924264,0.8447,0.884,0.8551133775266696,0.8845766567011804,0.8461409725079683,0.8847669081893977,0.9984313115089136,0.9988282816164454,0.8833,0.6102209483118515,0.6910467697160951,0.0,0.0,48000,08,480000
3246_vit_small_patch32_224,3246,156,0.03,10,SGD,vit_small_patch32_224,644.7720920830034,78494.26684547593,0.8395,0.8775,0.8425052497988677,0.8783615404216701,0.8391094139390637,0.8774827546264033,0.9983787868872984,0.998762625505882,0.8864,0.5925257850764833,0.6754937095873408,0.0,0.0,48000,08,480000
3247_vit_small_patch32_224,3247,156,0.03,10,SGD,vit_small_patch32_224,637.3468252660241,77633.59213092024,0.8334,0.8839,0.8390172432117091,0.8847543165099856,0.833908552799327,0.8841251925987399,0.9983171705561452,0.998827271918178,0.8843,0.5821184328000529,0.6906054185259894,0.0,0.0,48000,08,480000
3248_vit_small_patch32_224,3248,156,0.03,10,SGD,vit_small_patch32_224,632.4544554189779,76995.36652425409,0.8411,0.8832,0.8475967073117979,0.8816691655032478,0.8394206000634776,0.8818674491419813,0.9983949482134664,0.9988202010782432,0.8786,0.5974738358187407,0.6858913767505292,0.0,0.0,48000,08,480000
3249_vit_small_patch32_224,3249,156,0.03,10,SGD,vit_small_patch32_224,638.8413182960358,77779.95546130561,0.837,0.8811,0.8434475764776753,0.8813842086107815,0.8372091723869596,0.8811952969898982,0.998353534161,0.9987989890290976,0.8846,0.5900677650785903,0.6835034816443941,0.0,0.0,48000,08,480000
44441_vit_b_32,44441,128,0.03,10,SGD,vit_b_32,925.239375834004,151895.78566765273,0.7406,0.8534,0.7537197343952129,0.8535241590896803,0.7388014482915808,0.852986178605641,0.9973797959188174,0.998519190754428,0.8606,0.4113219619375177,0.6203929687880505,0.0,0.0,48000,08,480000
444410_vit_b_32,444410,128,0.03,10,SGD,vit_b_32,911.2775726580004,150382.2512126052,0.7411,0.8619,0.7540673664191324,0.8618079391230076,0.7418578328256429,0.8618759609309531,0.9973848464492592,0.9986050494192455,0.8624,0.413495142121275,0.6393017551112216,0.0,0.0,48000,08,480000
44442_vit_b_32,44442,128,0.03,10,SGD,vit_b_32,913.259596125994,150307.50661396954,0.7375,0.8602,0.7496365144135692,0.8602837507999637,0.7385626332255042,0.8605560299071461,0.997348482665508,0.9985878776252878,0.8624,0.4072368034083162,0.6359260267127,0.0,0.0,48000,08,480000
44443_vit_b_32,44443,128,0.03,10,SGD,vit_b_32,914.0563583449984,150525.73942512696,0.7335,0.8626,0.7544823402652249,0.8632474999857453,0.7330460442727484,0.8631506780924917,0.9973080787895668,0.9986121201714312,0.8614,0.4045850107000863,0.6418421469966443,0.0,0.0,48000,08,480000
44444_vit_b_32,44444,128,0.03,10,SGD,vit_b_32,899.9531962329929,149093.51090095297,0.7364,0.8583,0.7574920550755031,0.8575180604734477,0.7359461813802283,0.8567769026116124,0.9973373713978672,0.9985686856110688,0.8651,0.4094303296288413,0.629691862563045,0.0,0.0,48000,08,480000
44445_vit_b_32,44445,128,0.03,10,SGD,vit_b_32,896.7434539700043,148827.79213716058,0.7349,0.8585,0.7481545357592863,0.8584521957774613,0.7333406407698914,0.8587368539900492,0.9973222201395704,0.9985707059590692,0.866,0.4021247551239148,0.6319683642880453,0.0,0.0,48000,08,480000
44446_vit_b_32,44446,128,0.03,10,SGD,vit_b_32,899.7897686540091,149196.63371247792,0.7405,0.8572,0.7538547711933969,0.8551860056105072,0.7369175629506508,0.8566961256056774,0.9973787848842404,0.9985575741097092,0.8622,0.4102908049256552,0.6271084615753353,0.0,0.0,48000,08,480000
44447_vit_b_32,44447,128,0.03,10,SGD,vit_b_32,912.4988342619909,150740.35732317888,0.7302,0.8569,0.742253144020421,0.856151228125071,0.7315331898272565,0.8570851589990851,0.997274745321832,0.9985545443126544,0.8613,0.3954055224813835,0.62787963095348,0.0,0.0,48000,08,480000
44448_vit_b_32,44448,128,0.03,10,SGD,vit_b_32,901.9445216659952,149292.11293396848,0.746,0.8633,0.7583317565282058,0.8633314441720372,0.7444805826306832,0.8631737888429383,0.9974343413577712,0.9986191908016036,0.8592,0.4200836343098186,0.6424472164879071,0.0,0.0,48000,08,480000
44449_vit_b_32,44449,128,0.03,10,SGD,vit_b_32,914.572454232999,150817.5930842507,0.7289,0.8575,0.7500417317009161,0.8589355816362106,0.7326933655040019,0.8585593216436866,0.9972616141043676,0.9985606049792416,0.8622,0.3994705246188886,0.6314507142107578,0.0,0.0,48000,08,480000
30471_vit_small_patch16_224,30471,128,0.03,10,SGD,vit_small_patch16_224,967.2433802508748,163914.3527226401,0.8613,0.9015,0.8652063474799649,0.9016067489220372,0.8604776593862336,0.9006338233404678,0.9985989888299788,0.9990050497458752,0.905,0.6403314979232708,0.7313054691665541,0.0,0.0,48000,08,480000
30472_vit_small_patch16_224,30472,128,0.03,10,SGD,vit_small_patch16_224,945.2425363857764,162060.5799268668,0.8649,0.9011,0.8683882635310971,0.9012172253865002,0.8641376660795039,0.9009434065279338,0.9986353523488722,0.999001009232446,0.9071,0.6481413274133578,0.730913379757505,0.0,0.0,48000,08,480000
30473_vit_small_patch16_224,30473,128,0.03,10,SGD,vit_small_patch16_224,959.0359641239048,162806.59828190014,0.8698,0.9074,0.876458678618113,0.9066439780218184,0.8686173861705452,0.9068689372641464,0.9986848472784045,0.9990646456066072,0.9047,0.6613141685509278,0.7453730278085268,0.0,0.0,48000,08,480000
30474_vit_small_patch16_224,30474,128,0.03,10,SGD,vit_small_patch16_224,958.365108323982,162674.0713101953,0.8594,0.8989,0.8659085365368471,0.8987543658643876,0.8595048748193278,0.8992015043602044,0.9985797969139336,0.9989787871123664,0.907,0.6387023144959025,0.7257143062405765,0.0,0.0,48000,08,480000
30475_vit_small_patch16_224,30475,128,0.03,10,SGD,vit_small_patch16_224,960.6647246291396,163092.1968047023,0.8592,0.9063,0.8734750368163283,0.906780892987599,0.8612005861534695,0.9071815235063538,0.9985777763068576,0.9990535343746632,0.9068,0.645402999241991,0.7448302344192567,0.0,0.0,48000,08,480000
30476_vit_small_patch16_224,30476,128,0.03,10,SGD,vit_small_patch16_224,964.29915560293,163483.98027790716,0.8656,0.9001,0.8711212828451385,0.9005080940728927,0.8656796251021268,0.9004078483297506,0.9986424234121676,0.9989909084737764,0.9061,0.6518731293264284,0.729086723915562,0.0,0.0,48000,08,480000
30477_vit_small_patch16_224,30477,128,0.03,10,SGD,vit_small_patch16_224,950.3480406180024,162500.39608680469,0.8615,0.9007,0.8694305023008364,0.9010849860093146,0.8621387639347762,0.9008322151226156,0.998601009135811,0.9989969690049532,0.9049,0.6448509253795061,0.7303886160521695,0.0,0.0,48000,08,480000
30478_vit_small_patch16_224,30478,128,0.03,10,SGD,vit_small_patch16_224,946.0704346538988,162209.40605569477,0.8596,0.9063,0.8699749821474011,0.905260108796341,0.8582861302454086,0.9051437731440112,0.9985818170495322,0.9990535345978716,0.9058,0.6409422770051736,0.7419107978333724,0.0,0.0,48000,08,480000
30479_vit_small_patch16_224,30479,128,0.03,10,SGD,vit_small_patch16_224,958.0663558070082,163034.7234611724,0.8586,0.9013,0.8673035242249608,0.9011714101741154,0.8591616141646338,0.9015259363388398,0.9985717161372112,0.9990030295809246,0.909,0.6388753344744132,0.7315125934129018,0.0,0.0,48000,08,480000
30481_vit_small_patch16_224,30481,256,0.03,10,SGD,vit_small_patch16_224,962.32406256604,163314.96550533432,0.852,0.9013,0.8529287079484225,0.9011853780269016,0.8509276420362736,0.9003812530015836,0.9985050493643608,0.9990030295423136,0.9044,0.6174406580917808,0.73059510278115,0.0,0.0,48000,08,480000
30482_vit_small_patch16_224,30482,256,0.03,10,SGD,vit_small_patch16_224,953.0709932711908,162384.3417565433,0.8476,0.9022,0.8489187502821676,0.902063978005917,0.8479145210900276,0.9018896102060882,0.9984606047221918,0.9990121203532176,0.906,0.6091722073425174,0.7332706537736995,0.0,0.0,48000,08,480000
30483_vit_small_patch16_224,30483,256,0.03,10,SGD,vit_small_patch16_224,957.2358147630002,162979.86705475717,0.8547,0.9051,0.8585956447997117,0.9039095240569928,0.8538415916073006,0.9045677897921824,0.9985323218859612,0.9990414132620627,0.9029,0.6256649386255733,0.7393432935573542,0.0,0.0,48000,08,480000
30484_vit_small_patch16_224,30484,256,0.03,10,SGD,vit_small_patch16_224,953.0757409739308,162662.7811746996,0.8359,0.8965,0.841293285348741,0.8963811593498952,0.8372044532328602,0.8969510021687356,0.9983424229984104,0.99895454466993,0.9051,0.5877772922282,0.7200413874378853,0.0,0.0,48000,08,480000
30485_vit_small_patch16_224,30485,256,0.03,10,SGD,vit_small_patch16_224,938.2237070188858,160769.24141016096,0.8521,0.9044,0.8582078962041148,0.9046132101134576,0.8526226280700623,0.9051081460227016,0.998506059060968,0.9990343424356224,0.9031,0.6225734991856817,0.7397830395835681,0.0,0.0,48000,08,480000
30486_vit_small_patch16_224,30486,256,0.03,10,SGD,vit_small_patch16_224,945.311069544172,161616.14908407145,0.8467,0.9004,0.8500437498959482,0.900848234667391,0.846775290479345,0.9005320289285413,0.9984515142045036,0.9989939387786598,0.9058,0.6085075831135757,0.7297080464520173,0.0,0.0,48000,08,480000
30487_vit_small_patch16_224,30487,256,0.03,10,SGD,vit_small_patch16_224,950.2501351530664,162131.56830341712,0.857,0.9028,0.8600890907970229,0.9034704380658448,0.857643367821684,0.9030524695098524,0.9985555545589964,0.9990181811408004,0.9027,0.6312526677173453,0.7358543708543631,0.0,0.0,48000,08,480000
30488_vit_small_patch16_224,30488,256,0.03,10,SGD,vit_small_patch16_224,936.3454356391449,160541.99720480555,0.8489,0.907,0.8515724921020618,0.9061517962877652,0.8472609579088128,0.9061045330250114,0.998473736155159,0.9990606053105876,0.9043,0.6115500385560004,0.7440093273655731,0.0,0.0,48000,08,480000
30489_vit_small_patch16_224,30489,256,0.03,10,SGD,vit_small_patch16_224,957.3836835029068,162905.0629298357,0.8468,0.902,0.8493706684264185,0.902305815213121,0.8473749069586021,0.9023668499397548,0.9984525241316882,0.9990101002931164,0.9057,0.6085287861070361,0.7336911918996392,0.0,0.0,48000,08,480000
30491_vit_small_patch16_224,30491,64,0.03,10,SGD,vit_small_patch16_224,946.6768988010008,163107.36901552213,0.8431,0.9006,0.8528333041740407,0.9009605379595514,0.8425183982221144,0.899684076922931,0.9984151503058664,0.998995958829848,0.9006,0.6048306582272416,0.7292752545540218,0.0,0.0,48000,08,480000
30492_vit_small_patch16_224,30492,64,0.03,10,SGD,vit_small_patch16_224,945.3850061080884,162943.74821320092,0.8468,0.9009,0.8570934128637944,0.9008625157293564,0.8474451392229593,0.9008999197129904,0.9984525239070852,0.9989989890286696,0.9008,0.614112615259323,0.7304268016749632,0.0,0.0,48000,08,480000
30493_vit_small_patch16_224,30493,64,0.03,10,SGD,vit_small_patch16_224,943.140190249076,162758.6255381832,0.8434,0.8981,0.8531348981765875,0.8969504195239593,0.8438467922672716,0.8977932575188312,0.9984181803671132,0.9989707061264932,0.9014,0.606215991540697,0.7224740063262673,0.0,0.0,48000,08,480000
30494_vit_small_patch16_224,30494,64,0.03,10,SGD,vit_small_patch16_224,946.7869927599096,163140.37448681772,0.8307,0.8978,0.8481317918372077,0.8978892163383727,0.8303986425574483,0.8980236211921667,0.9982898977064648,0.998967675992916,0.9041,0.5840511187109808,0.7231719171340911,0.0,0.0,48000,08,480000
30495_vit_small_patch16_224,30495,64,0.03,10,SGD,vit_small_patch16_224,952.4229314420372,163615.40892933373,0.8334,0.9026,0.8509037004911316,0.9031005516004474,0.835315667476414,0.9033727859405,0.9983171699767224,0.999016160598636,0.9008,0.5913615401936071,0.7356495162092092,0.0,0.0,48000,08,480000
30496_vit_small_patch16_224,30496,64,0.03,10,SGD,vit_small_patch16_224,949.2464217869564,163209.62873120976,0.8418,0.8979,0.8535539771085362,0.8988730228430063,0.8430246136861601,0.8979646907959515,0.9984020192247388,0.9989686862379636,0.8976,0.6047635632346994,0.7239981442291032,0.0,0.0,48000,08,480000
30497_vit_small_patch16_224,30497,64,0.03,10,SGD,vit_small_patch16_224,951.574817998102,163520.21299195694,0.8441,0.8992,0.859584245619393,0.8993436901644455,0.8450570356225322,0.8991985295718236,0.9984252514387938,0.9989818174793486,0.9001,0.6121867500657241,0.7264323260254018,0.0,0.0,48000,08,480000
30498_vit_small_patch16_224,30498,64,0.03,10,SGD,vit_small_patch16_224,948.0711193759926,163256.61781270226,0.842,0.9045,0.8560155838346233,0.9032554681879608,0.8409308117178825,0.903309145242429,0.9984040391298156,0.9990353527651732,0.9048,0.6051462651690677,0.737286759202062,0.0,0.0,48000,08,480000
30499_vit_small_patch16_224,30499,64,0.03,10,SGD,vit_small_patch16_224,948.5516482489184,163470.78472019976,0.849,0.9005,0.8570108084603645,0.9009496162856898,0.849291687400001,0.900603783515402,0.998474746370006,0.9989949487669908,0.903,0.6170039550241337,0.7299301139562023,0.0,0.0,48000,08,480000
30501_vit_small_patch16_224,30501,128,0.01,10,SGD,vit_small_patch16_224,950.6798613988794,162130.05884421972,0.8521,0.895,0.8523212007926483,0.8945106940182243,0.8507825901357857,0.8941403440437167,0.9985060594661418,0.9989393931301208,0.8983,0.6169687334478351,0.7150779773804935,0.0,0.0,48000,08,480000
30502_vit_small_patch16_224,30502,128,0.01,10,SGD,vit_small_patch16_224,963.9535823410844,163276.7723354304,0.8461,0.8953,0.8480819991221722,0.895315928395062,0.8463309832222907,0.8955936058061124,0.998445453193867,0.9989424233229232,0.8975,0.6063510361975557,0.7171274340629273,0.0,0.0,48000,08,480000
30503_vit_small_patch16_224,30503,128,0.01,10,SGD,vit_small_patch16_224,956.3493501520716,162668.26330531776,0.8533,0.9007,0.8561503013687496,0.899439724905276,0.8524064338128844,0.899988312472048,0.9985181804588474,0.9989969687768476,0.8976,0.6218053512012214,0.7283720424063618,0.0,0.0,48000,08,480000
30504_vit_small_patch16_224,30504,128,0.01,10,SGD,vit_small_patch16_224,962.3025962528772,163346.20131823776,0.8393,0.8906,0.8454527109953734,0.8907116442411798,0.8401291482625473,0.8908447077042709,0.9983767664585286,0.9988949486656068,0.8964,0.5951782647013404,0.7058974969124405,0.0,0.0,48000,08,480000
30505_vit_small_patch16_224,30505,128,0.01,10,SGD,vit_small_patch16_224,957.6054618409836,162384.37732914658,0.8504,0.9011,0.8566138883786478,0.90141310880897,0.8514149955835499,0.9016376675666942,0.9984888873260364,0.9990010090678144,0.8997,0.6192883263561195,0.7316356062344845,0.0,0.0,48000,08,480000
30506_vit_small_patch16_224,30506,128,0.01,10,SGD,vit_small_patch16_224,953.5529111658687,162120.91375007894,0.8508,0.8935,0.8548794283865881,0.8934844536590769,0.8504262207533512,0.8934258167088442,0.9984929283712456,0.998924241766338,0.8992,0.617609522104907,0.7124798849371453,0.0,0.0,48000,08,480000
30507_vit_small_patch16_224,30507,128,0.01,10,SGD,vit_small_patch16_224,949.019156478811,161938.36778959978,0.8537,0.8969,0.8568239025396897,0.897153072723049,0.8545840601857339,0.8968651355057529,0.9985222212026654,0.9989585851400874,0.8954,0.6241793217687824,0.7209168862159152,0.0,0.0,48000,08,480000
30508_vit_small_patch16_224,30508,128,0.01,10,SGD,vit_small_patch16_224,959.5968584981748,162854.4436786368,0.8479,0.9003,0.8524875156666057,0.8991626055906151,0.846498562834373,0.8992914437764681,0.9984636351369932,0.9989929284888772,0.899,0.610929561480276,0.7272577578730977,0.0,0.0,48000,08,480000
30509_vit_small_patch16_224,30509,128,0.01,10,SGD,vit_small_patch16_224,964.574762895936,163098.67671093563,0.8413,0.895,0.8454594843990106,0.8955297977409659,0.842066352582781,0.8953214216778733,0.998396968535894,0.9989393931711964,0.8987,0.5979890852339139,0.716838284645224,0.0,0.0,48000,08,480000
30511_vit_small_patch16_224,30511,256,0.01,10,SGD,vit_small_patch16_224,955.5575557888952,162688.5276805847,0.6816,0.8962,0.6832254724304921,0.8957236733187611,0.6809964690590946,0.8951065998124562,0.9967838359298145,0.9989515143514908,0.897,0.3161109050913112,0.7177912516462136,0.0,0.0,48000,08,480000
30512_vit_small_patch16_224,30512,256,0.01,10,SGD,vit_small_patch16_224,949.2784426400904,161952.4570931539,0.6373,0.8928,0.6430155970125278,0.8927857973973978,0.6377165616017486,0.8932184230520501,0.9963363604510432,0.9989171707757152,0.8963,0.2603748911772998,0.7111948529037835,0.0,0.0,48000,08,480000
30513_vit_small_patch16_224,30513,256,0.01,10,SGD,vit_small_patch16_224,954.9150815380272,162828.64127373588,0.6403,0.8988,0.645280301119511,0.8975879514520041,0.6442330424674511,0.8980795959905474,0.9963666633336564,0.9989777768400502,0.8948,0.2652125635081941,0.7237869269680554,0.0,0.0,48000,08,480000
30514_vit_small_patch16_224,30514,256,0.01,10,SGD,vit_small_patch16_224,951.1690244860948,162364.5131428033,0.5954,0.8909,0.6039207262041942,0.8909306209632939,0.6027376706390895,0.8911484819112,0.9959131282459284,0.9988979789709116,0.8958,0.2158432927300899,0.7065518709047037,0.0,0.0,48000,08,480000
30515_vit_small_patch16_224,30515,256,0.01,10,SGD,vit_small_patch16_224,958.167171344161,163110.15568839706,0.6529,0.9001,0.6577233232272276,0.9002686573475185,0.6562552766667951,0.900585642235199,0.9964939357678292,0.9989909080472662,0.8974,0.280826042371146,0.7290367929034584,0.0,0.0,48000,08,480000
30516_vit_small_patch16_224,30516,256,0.01,10,SGD,vit_small_patch16_224,942.5221731790808,161225.24195138112,0.6405,0.8914,0.651439214758972,0.8916128035507879,0.6437771807241495,0.8913890865403418,0.9963686846478736,0.9989030296321532,0.896,0.267638557480853,0.7076843132764772,0.0,0.0,48000,08,480000
30517_vit_small_patch16_224,30517,256,0.01,10,SGD,vit_small_patch16_224,946.8848529579118,161665.16689347517,0.675,0.8978,0.6863171991941212,0.8979362580847825,0.6763775931107244,0.8979166796603173,0.996717169452264,0.9989676760554504,0.8918,0.312312816400767,0.7231236814747302,0.0,0.0,48000,08,480000
30518_vit_small_patch16_224,30518,256,0.01,10,SGD,vit_small_patch16_224,955.0616153830196,162479.507559701,0.6017,0.9,0.6068731864047379,0.8990858582515981,0.5973254076664685,0.8989332739003928,0.9959767644645916,0.9989898981834274,0.8991,0.2172391804772821,0.7266616302686677,0.0,0.0,48000,08,480000
30519_vit_small_patch16_224,30519,256,0.01,10,SGD,vit_small_patch16_224,956.4228740991092,162745.10945598816,0.6256,0.8926,0.6320146265912624,0.8929852172917613,0.6260715559933162,0.8929489996646612,0.9962181790790088,0.9989151507293952,0.8941,0.2466052425093371,0.710978400890967,0.0,0.0,48000,08,480000
30521_vit_small_patch16_224,30521,64,0.01,10,SGD,vit_small_patch16_224,951.2579921500292,163487.2998785292,0.8666,0.8973,0.8693332651258351,0.8972799541091344,0.865695580164953,0.8964839972820912,0.9986525242243632,0.9989626254710802,0.9017,0.651305262508985,0.7210367737928213,0.0,0.0,48000,08,480000
30522_vit_small_patch16_224,30522,64,0.01,10,SGD,vit_small_patch16_224,945.365648780018,162892.95841598112,0.8687,0.8994,0.8717939501005921,0.89857019914888,0.868212001893958,0.8995551861195129,0.9986737362206286,0.9989838375003444,0.9011,0.6566486959645809,0.7262583991359931,0.0,0.0,48000,08,480000
30523_vit_small_patch16_224,30523,64,0.01,10,SGD,vit_small_patch16_224,947.667182289064,163036.4464677186,0.8727,0.9052,0.8768509913889365,0.9041123928435078,0.8713837077310502,0.9045803322973266,0.998714140234569,0.9990424233639996,0.8978,0.6659496696587902,0.7396019354152232,0.0,0.0,48000,08,480000
30524_vit_small_patch16_224,30524,64,0.01,10,SGD,vit_small_patch16_224,948.3494783118368,163350.89821218385,0.8654,0.8971,0.8727025493141143,0.8972759767322691,0.8651767397029906,0.8975471773726855,0.9986404030200244,0.9989606052805388,0.9014,0.6525249216180361,0.7217263213582352,0.0,0.0,48000,08,480000
30525_vit_small_patch16_224,30525,64,0.01,10,SGD,vit_small_patch16_224,956.479470084887,164111.57861293474,0.8623,0.8995,0.8747774715664234,0.899585018566807,0.8638354369500454,0.9000687275192694,0.9986090894705562,0.9989848474349377,0.9007,0.6507025473153252,0.7275753139898342,0.0,0.0,48000,08,480000
30526_vit_small_patch16_224,30526,64,0.01,10,SGD,vit_small_patch16_224,950.186823087046,163596.12838104347,0.8726,0.8994,0.876479157191732,0.8995478365561723,0.8728165136785246,0.8994186207077768,0.9987131305261172,0.9989838377623812,0.9004,0.6666847421300668,0.726938186406152,0.0,0.0,48000,08,480000
30527_vit_small_patch16_224,30527,64,0.01,10,SGD,vit_small_patch16_224,949.7921118750236,163427.51391357492,0.8652,0.9015,0.8730233871107032,0.9021389279940264,0.8659693044310558,0.9017574404009636,0.99863838289897,0.9990050498186094,0.8999,0.6532104758567396,0.7326500309976801,0.0,0.0,48000,08,480000
30528_vit_small_patch16_224,30528,64,0.01,10,SGD,vit_small_patch16_224,949.1429558338132,163301.50368667406,0.8691,0.9033,0.8769395932523458,0.9021375687472988,0.8681413142223819,0.902091352844822,0.9986777767221064,0.9990232315433744,0.9015,0.660777488284122,0.7343969873406021,0.0,0.0,48000,08,480000
30529_vit_small_patch16_224,30529,64,0.01,10,SGD,vit_small_patch16_224,938.9512914030348,162085.77954665784,0.8662,0.8977,0.8712499844105706,0.8976481421365997,0.8669910082460817,0.8981175343163841,0.9986484838695816,0.9989666659182228,0.8988,0.6534136504485799,0.7229720928795047,0.0,0.0,48000,08,480000
30561_vit_small_patch32_224,30561,128,0.01,10,SGD,vit_small_patch32_224,639.6479922858998,76596.90705779364,0.8155,0.8748,0.815706071175423,0.8745197123999007,0.8152927931327689,0.8736968508079547,0.9981363622143552,0.9987353525703918,0.8733,0.5413288093251177,0.667558870222614,0.0,0.0,48000,08,480000
30562_vit_small_patch32_224,30562,128,0.01,10,SGD,vit_small_patch32_224,644.5333707288373,76951.05719041367,0.8171,0.8757,0.8206594007355585,0.8751546774382093,0.8178471796699732,0.8762258092514996,0.9981525236462526,0.9987444433528112,0.8747,0.5474030700196313,0.6706726331318703,0.0,0.0,48000,08,480000
30563_vit_small_patch32_224,30563,128,0.01,10,SGD,vit_small_patch32_224,641.3078074210789,76685.89935446964,0.8178,0.8771,0.820748580113071,0.8766737606422366,0.8172633724951973,0.8766017780862546,0.9981595942713156,0.998758584719784,0.8732,0.5475443063573108,0.6732091212704087,0.0,0.0,48000,08,480000
30564_vit_small_patch32_224,30564,128,0.01,10,SGD,vit_small_patch32_224,641.5530284740962,76589.71052461884,0.8066,0.8737,0.8127930692753516,0.8737577613132708,0.8076363353077788,0.874276321837843,0.9980464631803324,0.9987242414667838,0.8726,0.5284511153011603,0.6665729566720161,0.0,0.0,48000,08,480000
30565_vit_small_patch32_224,30565,128,0.01,10,SGD,vit_small_patch32_224,640.0318621790502,76527.94682418372,0.8164,0.8797,0.8241896014946277,0.880176792450738,0.8180000224318122,0.8803838757237068,0.9981454526274084,0.9987848472280896,0.8751,0.5493856039874137,0.6808454353449572,0.0,0.0,48000,08,480000
30566_vit_small_patch32_224,30566,128,0.01,10,SGD,vit_small_patch32_224,639.7161899891216,76526.27298126396,0.8131,0.8738,0.8182387511792609,0.8741583982372235,0.8130860758157864,0.8738857720516533,0.9981121200575456,0.9987252517456512,0.874,0.5399329823758724,0.6666576605133799,0.0,0.0,48000,08,480000
30567_vit_small_patch32_224,30567,128,0.01,10,SGD,vit_small_patch32_224,634.5198610541411,76056.51297247344,0.8145,0.8749,0.8179652683971232,0.8756970221397977,0.8151587618440364,0.87524530019889,0.9981262613335232,0.9987363627645486,0.8768,0.5420678317150517,0.6697194919430406,0.0,0.0,48000,08,480000
30568_vit_small_patch32_224,30568,128,0.01,10,SGD,vit_small_patch32_224,637.1679344379809,76377.909134745,0.807,0.8796,0.8089904026717152,0.8784693431881421,0.8053775174954555,0.8781857582302349,0.9980505034940153,0.9987838374128468,0.8729,0.5247699091131789,0.6777503123541495,0.0,0.0,48000,08,480000
30569_vit_small_patch32_224,30569,128,0.01,10,SGD,vit_small_patch32_224,643.5932568649296,76772.48537987316,0.8133,0.8812,0.8191967767595294,0.8811657590399268,0.8141871593695348,0.8813038278977302,0.9981141400482128,0.9987999991308394,0.874,0.5414314315378081,0.6834964935822789,0.0,0.0,48000,08,480000
30571_vit_small_patch32_224,30571,64,0.01,10,SGD,vit_small_patch32_224,684.0626240379643,80328.1381368912,0.8431,0.8756,0.8445813904326548,0.8753429553559516,0.8431142391115167,0.8745541753975316,0.9984151503058664,0.9987434333846384,0.8751,0.5994019945883854,0.6694600233533886,0.0,0.0,48000,08,480000
30572_vit_small_patch32_224,30572,64,0.01,10,SGD,vit_small_patch32_224,677.0169115660246,80611.063577469,0.8495,0.877,0.8524873711031294,0.8763951287809907,0.8498060341917965,0.8771133239006151,0.99847979665807,0.9987575746773596,0.8754,0.6144837882206261,0.673310431029069,0.0,0.0,48000,08,480000
30573_vit_small_patch32_224,30573,64,0.01,10,SGD,vit_small_patch32_224,671.034002212109,79954.0509523536,0.8487,0.8799,0.850506363380453,0.8788028077798806,0.8483008053399349,0.8794534138177735,0.9984717157697586,0.998786867574012,0.8786,0.6113887113456158,0.679219922708667,0.0,0.0,48000,08,480000
30574_vit_small_patch32_224,30574,64,0.01,10,SGD,vit_small_patch32_224,663.6620438380633,79270.46126457192,0.84,0.874,0.8446514489448254,0.8738243549776648,0.8402680242408651,0.8744751409155026,0.9983838371709058,0.9987272717720884,0.8763,0.5952127096502348,0.6670063291823926,0.0,0.0,48000,08,480000
30575_vit_small_patch32_224,30575,64,0.01,10,SGD,vit_small_patch32_224,666.3025449831039,79561.50138021383,0.8396,0.8809,0.8539215530347702,0.8812900967758739,0.841724510571866,0.8814269144837822,0.9983797963041192,0.9987969684527468,0.8748,0.6024987675152668,0.6834535804421904,0.0,0.0,48000,08,480000
30576_vit_small_patch32_224,30576,64,0.01,10,SGD,vit_small_patch32_224,670.8700977629051,80008.63437688272,0.8423,0.8732,0.8475914864032649,0.8733518475305013,0.842549260636146,0.8732288629553894,0.9984070697328782,0.9987191911358844,0.8767,0.6005599074326137,0.6650808569060837,0.0,0.0,48000,08,480000
30577_vit_small_patch32_224,30577,64,0.01,10,SGD,vit_small_patch32_224,674.3848852610681,80362.62722324376,0.8392,0.8795,0.8471512720573375,0.8794604437617299,0.8397006837675244,0.8797478840484186,0.998375756455151,0.99878282744307,0.8764,0.5959982380231693,0.6796439449469935,0.0,0.0,48000,08,480000
30578_vit_small_patch32_224,30578,64,0.01,10,SGD,vit_small_patch32_224,673.5115330200642,80166.30625554228,0.8429,0.8815,0.8479848876342346,0.880366635492321,0.8419856331491259,0.8801752823375049,0.9984131300461646,0.9988030293473616,0.8755,0.6008680768993696,0.6822364375164637,0.0,0.0,48000,08,480000
30579_vit_small_patch32_224,30579,64,0.01,10,SGD,vit_small_patch32_224,678.7360067639966,80641.5518641536,0.8466,0.8825,0.8524414365605972,0.8821155084660931,0.8469451165235969,0.8827640176639779,0.9984505039282048,0.9988131304534816,0.8762,0.6102736591238865,0.6863869803987965,0.0,0.0,48000,08,480000
30581_vit_small_patch32_224,30581,256,0.01,10,SGD,vit_small_patch32_224,633.804097722983,86119.79859640944,0.5703,0.874,0.5864077308479184,0.8731457484996207,0.5700597236702665,0.8728014742030764,0.9956595926477424,0.9987272717561452,0.8697,0.189816647618288,0.665212737578782,0.0,0.0,48000,08,480000
30582_vit_small_patch32_224,30582,256,0.01,10,SGD,vit_small_patch32_224,633.1986770809162,86497.66118638511,0.5959,0.8729,0.5955388877102644,0.8724430396678787,0.599526128725931,0.8736141746510251,0.9959181782692764,0.9987161604999384,0.8709,0.2118923540248319,0.6644515594591817,0.0,0.0,48000,08,480000
30583_vit_small_patch32_224,30583,256,0.01,10,SGD,vit_small_patch32_224,629.4438944170251,86051.72669226553,0.5813,0.8771,0.5915996782073264,0.8760696882146548,0.5821780928860165,0.8768450149663995,0.995770703190998,0.9987585847197844,0.8729,0.1993624929939819,0.6729319176090743,0.0,0.0,48000,08,480000
30584_vit_small_patch32_224,30584,256,0.01,10,SGD,vit_small_patch32_224,635.4898729359265,86733.282433437,0.5484,0.8699,0.5476393713671935,0.8695713741838973,0.5522899940929421,0.8704174442648897,0.995438380414882,0.9986858575995928,0.8711,0.1651101097282367,0.6575534360873584,0.0,0.0,48000,08,480000
30585_vit_small_patch32_224,30585,256,0.01,10,SGD,vit_small_patch32_224,621.2252448701765,85252.59410140944,0.5813,0.8761,0.5894353177275646,0.8769015279279395,0.5856415555565609,0.876725665947195,0.9957707026966004,0.998748483554117,0.8719,0.1998148250982438,0.6727045430491827,0.0,0.0,48000,08,480000
30586_vit_small_patch32_224,30586,256,0.01,10,SGD,vit_small_patch32_224,631.8752767120022,86478.6732760026,0.589,0.8707,0.602820046093393,0.8714791775403613,0.5914020500347117,0.8707995154602206,0.9958484823095304,0.998693938595188,0.8706,0.209112056023701,0.6598969970470344,0.0,0.0,48000,08,480000
30587_vit_small_patch32_224,30587,256,0.01,10,SGD,vit_small_patch32_224,615.3032230711542,84563.41531014469,0.5316,0.875,0.535615968054546,0.8753913520984709,0.5347869161585211,0.8750624070100982,0.9952686836044324,0.9987373728662554,0.8736,0.1515512772142902,0.6694230054754458,0.0,0.0,48000,08,480000
30588_vit_small_patch32_224,30588,256,0.01,10,SGD,vit_small_patch32_224,621.4980804128572,85173.68849887872,0.5332,0.8787,0.5362006863455023,0.877746744392751,0.5303621735898484,0.877470502705344,0.9952848447202396,0.9987747464964976,0.8745,0.1509167483033864,0.6759427786050818,0.0,0.0,48000,08,480000
30589_vit_small_patch32_224,30589,256,0.01,10,SGD,vit_small_patch32_224,629.5705036649015,85853.67583293072,0.592,0.8776,0.6043044459545637,0.8776219480693739,0.5965845128993118,0.8776121868307495,0.9958787848937914,0.9987636354681374,0.8745,0.2125474759293211,0.6751020973629567,0.0,0.0,48000,08,480000
30531_vit_tiny_patch16_224,30531,128,0.01,10,SGD,vit_tiny_patch16_224,698.5992294070311,89850.15231706944,0.712,0.8524,0.7180260818929323,0.851633210628075,0.7116029493852644,0.8514804921476856,0.9970909068711888,0.9985090897714844,0.8534,0.3627377115332014,0.6171955062223708,0.0,0.0,48000,08,480000
30532_vit_tiny_patch16_224,30532,128,0.01,10,SGD,vit_tiny_patch16_224,690.6966328090057,91232.47176339672,0.7149,0.8551,0.7191637590992862,0.8551987999852295,0.7150918344532528,0.8554839045673597,0.9971201995163838,0.9985363623638164,0.854,0.3665915279244903,0.624683042436513,0.0,0.0,48000,08,480000
30533_vit_tiny_patch16_224,30533,128,0.01,10,SGD,vit_tiny_patch16_224,705.6976459140424,89761.34370277944,0.7246,0.856,0.7296322275653228,0.8549255953489837,0.7244421062255061,0.8559649876131141,0.9972181792663024,0.9985454532111384,0.8509,0.3819409374408284,0.625497996997101,0.0,0.0,48000,08,480000
30534_vit_tiny_patch16_224,30534,128,0.01,10,SGD,vit_tiny_patch16_224,674.1182514838874,96823.29393414756,0.6867,0.8501,0.6939245599384124,0.8505458122784669,0.6891828304698718,0.8509759533719454,0.99683535116028,0.9984858574494924,0.8537,0.3273687247154657,0.6143656600349469,0.0,0.0,48000,08,480000
30535_vit_tiny_patch16_224,30535,128,0.01,10,SGD,vit_tiny_patch16_224,697.8488622300792,91331.5503691368,0.7343,0.8582,0.7414811337819863,0.8579559437107472,0.7351405865481836,0.859076006345933,0.9973161588404268,0.99856767528631,0.8494,0.3991874597340274,0.6316297690718379,0.0,0.0,48000,08,480000
30536_vit_tiny_patch16_224,30536,128,0.01,10,SGD,vit_tiny_patch16_224,680.491266385885,95461.90520341787,0.7291,0.8523,0.7363161628877392,0.8523635443818205,0.730082676894285,0.8525778680934056,0.99726363469015,0.9985080798956631,0.8529,0.3908710077987994,0.6184477207565977,0.0,0.0,48000,08,480000
30537_vit_tiny_patch16_224,30537,128,0.01,10,SGD,vit_tiny_patch16_224,676.1033481110353,96775.0664053734,0.7089,0.8535,0.7166161525002555,0.8530122935674569,0.7105783484808471,0.8539445303652943,0.9970595939309356,0.9985202009992514,0.8512,0.3599189028460016,0.6207908860423207,0.0,0.0,48000,08,480000
30538_vit_tiny_patch16_224,30538,128,0.01,10,SGD,vit_tiny_patch16_224,688.590397081105,92323.29950581968,0.6977,0.8521,0.7033619255377811,0.8509613738641612,0.6957922866465686,0.8507809805195276,0.9969464622085014,0.9985060594132892,0.8522,0.3404074253613334,0.6159832317187022,0.0,0.0,48000,08,480000
30539_vit_tiny_patch16_224,30539,128,0.01,10,SGD,vit_tiny_patch16_224,705.630503954133,89963.62680222001,0.7207,0.8533,0.7292976420417553,0.8526437924529366,0.7220196864864998,0.8536331906915003,0.9971787858353822,0.9985181807449,0.8525,0.3784263782093939,0.62014985980728,0.0,0.0,48000,08,480000
30541_vit_tiny_patch16_224,30541,256,0.01,10,SGD,vit_tiny_patch16_224,692.7605330820661,99925.78887890137,0.366,0.8516,0.3541480779445958,0.8512707477225063,0.367417337655961,0.8503729591047134,0.993595954709492,0.9985010089572376,0.848,0.0473189866020262,0.6155471323958969,0.0,0.0,48000,08,480000
30542_vit_tiny_patch16_224,30542,256,0.01,10,SGD,vit_tiny_patch16_224,697.9070764370263,100582.08414278652,0.3288,0.8486,0.3216668938664441,0.848675211215692,0.3312688956645414,0.8488800565939819,0.9932201961255588,0.9984707057410752,0.8502,0.0347988086584778,0.6104164131731833,0.0,0.0,48000,08,480000
30543_vit_tiny_patch16_224,30543,256,0.01,10,SGD,vit_tiny_patch16_224,697.3802042698953,100762.05802640364,0.3774,0.855,0.3796012380031105,0.8542167701557852,0.3796127723040002,0.8548452672908431,0.9937111053420477,0.9985353521917714,0.8494,0.05404188331602,0.6234263651520006,0.0,0.0,48000,08,480000
30544_vit_tiny_patch16_224,30544,256,0.01,10,SGD,vit_tiny_patch16_224,702.3384423300158,100891.31363265635,0.2727,0.8453,0.2639040802732796,0.8463182250047531,0.2766965734651587,0.8458208122336491,0.9926535298399992,0.9984373725646196,0.8475,0.0197666337384363,0.6041485787717777,0.0,0.0,48000,08,480000
30545_vit_tiny_patch16_224,30545,256,0.01,10,SGD,vit_tiny_patch16_224,704.7022958751768,101142.23827077792,0.4398,0.8526,0.4297564062518777,0.8527802852042947,0.4433892201223308,0.8532733662991201,0.9943414082890748,0.9985111095712418,0.8439,0.0833293971659864,0.6194746959598992,0.0,0.0,48000,08,480000
30546_vit_tiny_patch16_224,30546,256,0.01,10,SGD,vit_tiny_patch16_224,698.0940369060263,100536.98459731236,0.4435,0.8507,0.4375583390935964,0.8513376976949053,0.4459200546170537,0.8508104126030587,0.9943787844410064,0.9984919182696178,0.8461,0.0860475370004754,0.6152557027679918,0.0,0.0,48000,08,480000
30547_vit_tiny_patch16_224,30547,256,0.01,10,SGD,vit_tiny_patch16_224,689.1644646390341,99648.73545300792,0.3723,0.8505,0.369582533470438,0.8504739600993078,0.3751051396926462,0.8508139286699865,0.9936595915851884,0.9984898979480414,0.848,0.0512855619273469,0.6144882816672298,0.0,0.0,48000,08,480000
30548_vit_tiny_patch16_224,30548,256,0.01,10,SGD,vit_tiny_patch16_224,694.3535249240231,100194.78596145372,0.3373,0.848,0.3196336317021953,0.84695074284008,0.3367940813493343,0.8466742222028644,0.993306055261574,0.9984646452388098,0.8485,0.0360675252320365,0.6071598352883252,0.0,0.0,48000,08,480000
30549_vit_tiny_patch16_224,30549,256,0.01,10,SGD,vit_tiny_patch16_224,689.160866642138,99675.66588138648,0.4096,0.8481,0.4169781711344441,0.8480710290569508,0.4115849726149265,0.8482796503419593,0.9940363593168984,0.9984656554543307,0.8505,0.0698771281958272,0.6091881830135307,0.0,0.0,48000,08,480000
30551_vit_tiny_patch16_224,30551,64,0.01,10,SGD,vit_tiny_patch16_224,711.8029022261035,88893.27918302832,0.7884,0.8598,0.794776365023252,0.8586057803458285,0.7874309137118787,0.8592904338532361,0.9978626246317484,0.998583837303266,0.8582,0.4923509454414418,0.6334549849392598,0.0,0.0,48000,08,480000
30552_vit_tiny_patch16_224,30552,64,0.01,10,SGD,vit_tiny_patch16_224,698.0546828780789,89087.49825749568,0.7849,0.8612,0.7929378082333494,0.8610612281308664,0.7852581971470645,0.8616499347972519,0.9978272708382118,0.998597978579004,0.857,0.4876646807670057,0.6380571761503985,0.0,0.0,48000,08,480000
30553_vit_tiny_patch16_224,30553,64,0.01,10,SGD,vit_tiny_patch16_224,708.1793638060335,88663.14077772241,0.7899,0.8611,0.8003388181379969,0.8600689287299238,0.7896613115657591,0.8604166540790337,0.9978777758309736,0.9985969684099107,0.8552,0.4981546707335518,0.6363351284658869,0.0,0.0,48000,08,480000
30554_vit_tiny_patch16_224,30554,64,0.01,10,SGD,vit_tiny_patch16_224,710.0721744238399,88713.93059716212,0.7743,0.855,0.7863536889399455,0.8551873644654552,0.7753978739475705,0.8555982792415778,0.9977202003092092,0.9985353524361336,0.8567,0.4710430049794445,0.6246845113513819,0.0,0.0,48000,08,480000
30555_vit_tiny_patch16_224,30555,64,0.01,10,SGD,vit_tiny_patch16_224,704.2257678268943,88291.43369207281,0.783,0.8616,0.801361582829322,0.8610945766296975,0.7851271843206017,0.8624811653302693,0.997808078541109,0.9986020187561728,0.8561,0.4915608778076543,0.6389966829797391,0.0,0.0,48000,08,480000
30556_vit_tiny_patch16_224,30556,64,0.01,10,SGD,vit_tiny_patch16_224,709.9185365119483,88681.03694407405,0.7847,0.8522,0.7959650570706124,0.8522445724880324,0.7850790446635915,0.8523033455743506,0.9978252511952356,0.9985070697940356,0.8529,0.4892890883154915,0.6180891376775459,0.0,0.0,48000,08,480000
30557_vit_tiny_patch16_224,30557,64,0.01,10,SGD,vit_tiny_patch16_224,709.911265122937,88523.48163871189,0.7841,0.8569,0.7960299973673467,0.8565023349916473,0.7843148749023103,0.8574739723773174,0.9978191904145964,0.9985545444572894,0.8535,0.4884759560924518,0.6284220759143014,0.0,0.0,48000,08,480000
30558_vit_tiny_patch16_224,30558,64,0.01,10,SGD,vit_tiny_patch16_224,710.3070450688247,88662.23224486488,0.7839,0.8596,0.7938305990517104,0.8586725185606565,0.7827420512032162,0.8586739310277381,0.9978171699743869,0.9985818170495322,0.8591,0.4860244735423312,0.632901175735723,0.0,0.0,48000,08,480000
30559_vit_tiny_patch16_224,30559,64,0.01,10,SGD,vit_tiny_patch16_224,711.1482341361698,88999.37746692625,0.7916,0.8566,0.8006340786002657,0.8566465775048208,0.7923387060888506,0.8572646849428245,0.99789494797026,0.9985515141023766,0.858,0.5011128657112144,0.6281526004522536,0.0,0.0,48000,08,480000
20501_vit_small_patch16_224,20501,128,0.03,10,SGD,vit_small_patch16_224,972.0298475329764,165439.53889942574,0.8613,0.9015,0.8652063474799649,0.9016067489220372,0.8604776593862336,0.9006338233404678,0.9985989888299788,0.9990050497458752,0.905,0.6403314979232708,0.7313054691665541,0.0,0.0,48000,08,480000
205010_vit_small_patch16_224,205010,128,0.03,10,SGD,vit_small_patch16_224,959.828134180978,163279.57864513356,0.8658,0.9054,0.8697987099024066,0.9046733063545572,0.865464512711619,0.9046399758840908,0.9986444433683586,0.999044443685892,0.903,0.6508733584893989,0.7402746032310819,0.0,0.0,48000,08,480000
205011_vit_small_patch16_224,205011,128,0.03,10,SGD,vit_small_patch16_224,979.6640500531066,165213.83420814888,0.8583,0.9011,0.865422819375697,0.902211670720977,0.8590914189510602,0.9017750568490408,0.998568685519101,0.999001009159062,0.9022,0.6372132221276837,0.7323953458762975,0.0,0.0,48000,08,480000
205012_vit_small_patch16_224,205012,128,0.03,10,SGD,vit_small_patch16_224,963.3018190159928,163669.12746944005,0.8713,0.9049,0.8734808740302321,0.9052294651694224,0.8720854089398632,0.9056565352863934,0.998699998867456,0.9990393931025258,0.9079,0.662849882578236,0.7411487979536708,0.0,0.0,48000,08,480000
205013_vit_small_patch16_224,205013,128,0.03,10,SGD,vit_small_patch16_224,969.5103703939822,164355.4035371113,0.8564,0.9018,0.8615880230716246,0.9022989422385596,0.8570417260904493,0.9025407635648832,0.99854949386784,0.9990080800683976,0.9043,0.6314629501855096,0.7336628121621118,0.0,0.0,48000,08,480000
205014_vit_small_patch16_224,205014,128,0.03,10,SGD,vit_small_patch16_224,968.1549996309914,164239.9284663925,0.8668,0.9006,0.8717576365834254,0.899950438168774,0.8656158957473279,0.9001646935946057,0.9986545443496684,0.9989959587714492,0.9021,0.6532135255369972,0.7288467838400354,0.0,0.0,48000,08,480000
205015_vit_small_patch16_224,205015,128,0.03,10,SGD,vit_small_patch16_224,960.4606531299652,163290.20850193716,0.8672,0.9024,0.8713074503203235,0.90241206732609,0.8667747865058436,0.9021460129107952,0.998658584867563,0.9990141406857994,0.9068,0.6540546026856832,0.7339262994644362,0.0,0.0,48000,08,480000
205016_vit_small_patch16_224,205016,128,0.03,10,SGD,vit_small_patch16_224,966.1671125108842,163938.17205155123,0.8614,0.9005,0.8701630035220198,0.901284391069384,0.8621696914589176,0.9005009183723598,0.998599998939019,0.9989949487332784,0.9043,0.6453417982964836,0.7301179391821002,0.0,0.0,48000,08,480000
205017_vit_small_patch16_224,205017,128,0.03,10,SGD,vit_small_patch16_224,970.3183218680788,164401.25600794752,0.8583,0.899,0.8650755153406334,0.8990068948563353,0.8588220177992314,0.8989802995628957,0.9985686860761488,0.998979797414898,0.9036,0.636757759039157,0.725821108607614,0.0,0.0,48000,08,480000
205018_vit_small_patch16_224,205018,128,0.03,10,SGD,vit_small_patch16_224,959.84469870897,163475.89916788045,0.8657,0.9043,0.8700970123972154,0.9040773161115878,0.8651994073794219,0.9041684609714704,0.9986434333000788,0.9990333325898552,0.901,0.6508213012305402,0.7384947905999553,0.0,0.0,48000,08,480000
205019_vit_small_patch16_224,205019,128,0.035,10,SGD,vit_small_patch16_224,965.772801109124,163979.0111168964,0.8557,0.8971,0.8616198571911619,0.8978053790185224,0.8576529762593177,0.8974539584394968,0.9985424232306814,0.9989606053391344,0.9071,0.6314156632223991,0.7220771450720874,0.0,0.0,48000,08,480000
20502_vit_small_patch16_224,20502,128,0.03,10,SGD,vit_small_patch16_224,966.022996300133,163913.14193468148,0.8649,0.9011,0.8683882635310971,0.9012172253865002,0.8641376660795039,0.9009434065279338,0.9986353523488722,0.999001009232446,0.9071,0.6481413274133578,0.730913379757505,0.0,0.0,48000,08,480000
205020_vit_small_patch16_224,205020,128,0.035,10,SGD,vit_small_patch16_224,952.5903601269238,162770.76644903747,0.8688,0.9015,0.8730072046178463,0.9008389022375316,0.868859822573148,0.9011470006080502,0.9986747464034408,0.9990050497007538,0.9042,0.6581295987864847,0.7310989980946259,0.0,0.0,48000,08,480000
20503_vit_small_patch16_224,20503,128,0.03,10,SGD,vit_small_patch16_224,960.7155663031152,163526.45726737872,0.8698,0.9074,0.876458678618113,0.9066439780218184,0.8686173861705452,0.9068689372641464,0.9986848472784045,0.9990646456066072,0.9047,0.6613141685509278,0.7453730278085268,0.0,0.0,48000,08,480000
20504_vit_small_patch16_224,20504,128,0.03,10,SGD,vit_small_patch16_224,969.1035818110686,164080.08834968015,0.8594,0.8989,0.8659085365368471,0.8987543658643876,0.8595048748193278,0.8992015043602044,0.9985797969139336,0.9989787871123664,0.907,0.6387023144959025,0.7257143062405765,0.0,0.0,48000,08,480000
20505_vit_small_patch16_224,20505,128,0.03,10,SGD,vit_small_patch16_224,967.9007743438706,163889.54565560177,0.8592,0.9063,0.8734750368163283,0.906780892987599,0.8612005861534695,0.9071815235063538,0.9985777763068576,0.9990535343746632,0.9068,0.645402999241991,0.7448302344192567,0.0,0.0,48000,08,480000
20506_vit_small_patch16_224,20506,128,0.03,10,SGD,vit_small_patch16_224,973.9773877640256,164412.78370332226,0.8656,0.9001,0.8711212828451385,0.9005080940728927,0.8656796251021268,0.9004078483297506,0.9986424234121676,0.9989909084737764,0.9061,0.6518731293264284,0.729086723915562,0.0,0.0,48000,08,480000
20507_vit_small_patch16_224,20507,128,0.03,10,SGD,vit_small_patch16_224,965.2341176930348,163727.32200147142,0.8615,0.9007,0.8694305023008364,0.9010849860093146,0.8621387639347762,0.9008322151226156,0.998601009135811,0.9989969690049532,0.9049,0.6448509253795061,0.7303886160521695,0.0,0.0,48000,08,480000
20508_vit_small_patch16_224,20508,128,0.03,10,SGD,vit_small_patch16_224,972.7957356520928,164563.18080088717,0.8596,0.9063,0.8699749821474011,0.905260108796341,0.8582861302454086,0.9051437731440112,0.9985818170495322,0.9990535345978716,0.9058,0.6409422770051736,0.7419107978333724,0.0,0.0,48000,08,480000
20509_vit_small_patch16_224,20509,128,0.03,10,SGD,vit_small_patch16_224,956.2952592680232,163484.98636961952,0.8586,0.9013,0.8673035242249608,0.9011714101741154,0.8591616141646338,0.9015259363388398,0.9985717161372112,0.9990030295809246,0.909,0.6388753344744132,0.7315125934129018,0.0,0.0,48000,08,480000
20511_vit_small_patch16_224,20511,128,0.035,10,SGD,vit_small_patch16_224,976.0556413601151,164727.56942931673,0.8575,0.8988,0.8623827121300106,0.8991194273644244,0.8565377090569173,0.8981802500198879,0.9985606049623068,0.9989777769977928,0.9031,0.6324920722627935,0.7251031197342027,0.0,0.0,48000,08,480000
205110_vit_small_patch16_224,205110,128,0.035,10,SGD,vit_small_patch16_224,965.6732453738804,163823.03171559214,0.8638,0.8993,0.8682301601474591,0.8981819681065911,0.8633070574135557,0.8986263505719804,0.9986242413321196,0.9989828274753628,0.905,0.6465698707479736,0.7251136780393538,0.0,0.0,48000,08,480000
205111_vit_small_patch16_224,205111,128,0.035,10,SGD,vit_small_patch16_224,968.8643380419816,164078.96408260704,0.8625,0.9014,0.8695572893986574,0.902374490600986,0.8634862552808991,0.9018378422312108,0.998611109801527,0.9990040394649496,0.9055,0.6467093295367298,0.7328246387280115,0.0,0.0,48000,08,480000
205112_vit_small_patch16_224,205112,128,0.035,10,SGD,vit_small_patch16_224,956.9071878420656,163426.98207409956,0.8729,0.9032,0.8762762375997691,0.9031480690965022,0.8738588501937024,0.9037636028571648,0.9987161604976972,0.9990222213703942,0.9035,0.6675578307697103,0.7365002220863959,0.0,0.0,48000,08,480000
205113_vit_small_patch16_224,205113,128,0.035,10,SGD,vit_small_patch16_224,965.1259839909616,163940.4649352394,0.8588,0.9025,0.8644238620631305,0.9032004594242754,0.8597829760374046,0.9035704047595258,0.9985737363101604,0.999015150780741,0.9015,0.637364343465428,0.7358095713748875,0.0,0.0,48000,08,480000
205114_vit_small_patch16_224,205114,128,0.035,10,SGD,vit_small_patch16_224,954.4549964559264,163115.0084469456,0.8677,0.9012,0.8728893335844445,0.9011703657868132,0.8665991864870074,0.900730373005077,0.9986636352662248,0.9990020193824868,0.9017,0.6554903418560736,0.730784384354153,0.0,0.0,48000,08,480000
205115_vit_small_patch16_224,205115,128,0.035,10,SGD,vit_small_patch16_224,956.270070807077,162924.26378126652,0.8645,0.8963,0.8687744184376568,0.8967222441868445,0.8636174355425574,0.8957117347538301,0.9986313121201414,0.998952524478662,0.9025,0.6477368470361882,0.719158225554393,0.0,0.0,48000,08,480000
205116_vit_small_patch16_224,205116,128,0.035,10,SGD,vit_small_patch16_224,957.6222803138662,163040.94722677642,0.8607,0.8944,0.8703676261383214,0.8951853600228188,0.8612656761067534,0.8941476401174623,0.9985929282265896,0.9989333325249669,0.9087,0.6442881706517878,0.7151390631887148,0.0,0.0,48000,08,480000
205117_vit_small_patch16_224,205117,128,0.035,10,SGD,vit_small_patch16_224,959.6631832960992,163123.08742184186,0.8626,0.9,0.870284748911224,0.9002163989451764,0.8629774360334275,0.9001299672769376,0.9986121204436336,0.998989898430592,0.904,0.6469446118410469,0.7285439344918471,0.0,0.0,48000,08,480000
205118_vit_small_patch16_224,205118,128,0.035,10,SGD,vit_small_patch16_224,968.4121864920016,163916.0089905132,0.8659,0.9043,0.8706408238916329,0.9037949893611272,0.8655906031612904,0.904054166936155,0.9986454535036527,0.9990333325898552,0.9027,0.651674352386229,0.738170849809984,0.0,0.0,48000,08,480000
205119_vit_small_patch16_224,205119,128,0.035,10,SGD,vit_small_patch16_224,962.9708823980764,163751.04546594122,0.8557,0.8971,0.8616198571911619,0.8978053790185224,0.8576529762593177,0.8974539584394968,0.9985424232306814,0.9989606053391344,0.9071,0.6314156632223991,0.7220771450720874,0.0,0.0,48000,08,480000
20512_vit_small_patch16_224,20512,128,0.035,10,SGD,vit_small_patch16_224,962.3273790080566,163596.60856415017,0.8664,0.9021,0.8697056649571274,0.9022470867006178,0.8663887316055784,0.9021814248090904,0.9986505038771972,0.9990111102513292,0.905,0.6519541635046426,0.73357474355034,0.0,0.0,48000,08,480000
205120_vit_small_patch16_224,205120,128,0.035,10,SGD,vit_small_patch16_224,963.6333828219211,163682.6648733162,0.8688,0.9015,0.8730072046178463,0.9008389022375316,0.868859822573148,0.9011470006080502,0.9986747464034408,0.9990050497007538,0.9042,0.6581295987864847,0.7310989980946259,0.0,0.0,48000,08,480000
20513_vit_small_patch16_224,20513,128,0.035,10,SGD,vit_small_patch16_224,956.738941499032,163228.21937114146,0.8672,0.9053,0.874275872743224,0.9045719358501522,0.8662277388772545,0.9049291193106676,0.99865858462805,0.9990434334659362,0.9041,0.65586867507951,0.7403457082001951,0.0,0.0,48000,08,480000
20514_vit_small_patch16_224,20514,128,0.035,10,SGD,vit_small_patch16_224,966.9026607540436,164007.10987525946,0.8556,0.9009,0.8638775277556519,0.9010548045735908,0.8558906076921755,0.9012316934654232,0.9985414130467428,0.99899898914773,0.9022,0.631694789323703,0.7308517623112452,0.0,0.0,48000,08,480000
20515_vit_small_patch16_224,20515,128,0.035,10,SGD,vit_small_patch16_224,953.3999685219025,162839.38647506686,0.858,0.9045,0.8726848103693914,0.9046474156596888,0.8600722281225728,0.9053014963894178,0.9985656550822004,0.999035352537677,0.9046,0.6430670448031955,0.7400516189250766,0.0,0.0,48000,08,480000
20516_vit_small_patch16_224,20516,128,0.035,10,SGD,vit_small_patch16_224,944.7635030120146,162191.83275909504,0.8643,0.9017,0.8708481175186873,0.9019997868947888,0.8646728153465656,0.901543693508622,0.9986292920910056,0.999007070099822,0.9067,0.6499246911092237,0.7325273530168144,0.0,0.0,48000,08,480000
20517_vit_small_patch16_224,20517,128,0.035,10,SGD,vit_small_patch16_224,970.7672192719764,164021.2128946116,0.8612,0.8997,0.8720163195505978,0.900131500932533,0.8617737107687305,0.8998681455260477,0.99859797883069,0.9989868679878832,0.901,0.6462678595517293,0.7280183713871036,0.0,0.0,48000,08,480000
20518_vit_small_patch16_224,20518,128,0.035,10,SGD,vit_small_patch16_224,973.153165597003,164425.01815719286,0.8539,0.9055,0.8646726314100119,0.9046765669114144,0.8527725281758766,0.9045650424075934,0.9985242412459876,0.999045453783339,0.9015,0.6287102494759185,0.7402984565215918,0.0,0.0,48000,08,480000
20519_vit_small_patch16_224,20519,128,0.035,10,SGD,vit_small_patch16_224,954.6794075090438,163487.91426226703,0.8555,0.9035,0.8643999970528539,0.9039777511715108,0.8558110454771908,0.9036214360902473,0.9985404029832178,0.9990252518192424,0.9031,0.6319435710421664,0.7373079034321193,0.0,0.0,48000,08,480000
20521_vit_small_patch16_224,20521,128,0.04,10,SGD,vit_small_patch16_224,972.6764172250404,164458.69775821763,0.8533,0.9009,0.859472128676434,0.9001083681164462,0.8523312828678772,0.9000652936744145,0.998518180687512,0.9989989891351904,0.9023,0.6241628969626092,0.7291392054783924,0.0,0.0,48000,08,480000
205210_vit_small_patch16_224,205210,128,0.04,10,SGD,vit_small_patch16_224,946.5252406802028,162534.07397315485,0.8614,0.8996,0.8662670618871426,0.8990811110436515,0.8608461447264244,0.8990650983207803,0.9985999988886326,0.9989858577807988,0.9019,0.6414661873661139,0.7264384100196176,0.0,0.0,48000,08,480000
205211_vit_small_patch16_224,205211,128,0.04,10,SGD,vit_small_patch16_224,968.5601897309534,163749.66488723736,0.86,0.903,0.8689014458661981,0.9032029432317692,0.8606141493570582,0.9034296606605762,0.998585857252464,0.99902020109635,0.9048,0.6421890027011774,0.7361082911878525,0.0,0.0,48000,08,480000
205212_vit_small_patch16_224,205212,128,0.04,10,SGD,vit_small_patch16_224,968.3291704889853,163980.74249960866,0.869,0.9011,0.8729189863207455,0.901678129205866,0.8698698421821638,0.9021197416718674,0.9986767665239838,0.9990010092307025,0.9066,0.6589810666777256,0.7322420061958325,0.0,0.0,48000,08,480000
205213_vit_small_patch16_224,205213,128,0.04,10,SGD,vit_small_patch16_224,958.2094853960444,163112.07855041893,0.8539,0.9029,0.8604001214635764,0.9036619775831564,0.8545128541226172,0.9036309400311372,0.9985242413237564,0.9990191911877944,0.8996,0.6268803970522319,0.7365641652370434,0.0,0.0,48000,08,480000
205214_vit_small_patch16_224,205214,128,0.04,10,SGD,vit_small_patch16_224,966.891303795157,163900.4606772811,0.8651,0.902,0.8716214225706577,0.9018571022627372,0.8638126803322187,0.9017326462027664,0.9986373726183956,0.9990101001972036,0.9027,0.6504615019508079,0.7328109319795566,0.0,0.0,48000,08,480000
205215_vit_small_patch16_224,205215,128,0.04,10,SGD,vit_small_patch16_224,956.0965180671774,163191.6001790773,0.8646,0.8987,0.8690189853709928,0.8980926307951063,0.8639237072609796,0.8979499029511622,0.9986323222218978,0.9989767669208144,0.9038,0.6482245965368331,0.7240080089878745,0.0,0.0,48000,08,480000
205216_vit_small_patch16_224,205216,128,0.04,10,SGD,vit_small_patch16_224,955.128415944986,163068.11982278316,0.8545,0.9021,0.8648442885918081,0.9032928759454764,0.8551593158997873,0.902045662325098,0.9985303019165024,0.999011110361688,0.9025,0.6310420047991876,0.7343145076765007,0.0,0.0,48000,08,480000
205217_vit_small_patch16_224,205217,128,0.04,10,SGD,vit_small_patch16_224,960.6803490789608,163369.1199434112,0.8566,0.8997,0.8649971455382973,0.9000214301927311,0.8565985627996555,0.8997656463798319,0.9985515143494692,0.998986868125884,0.904,0.633782962794129,0.7278464327285417,0.0,0.0,48000,08,480000
205218_vit_small_patch16_224,205218,128,0.04,10,SGD,vit_small_patch16_224,959.6163404399996,163520.2469929302,0.8553,0.9046,0.8640771036403396,0.9044564496333236,0.8550786350108879,0.9043675287374578,0.9985383827142322,0.999036362895216,0.9022,0.6310180583542598,0.7392145389360998,0.0,0.0,48000,08,480000
205219_vit_small_patch16_224,205219,128,0.04,10,SGD,vit_small_patch16_224,966.1412119700108,163952.6586522127,0.8505,0.895,0.8583935661017645,0.8953254312914001,0.8525884959106481,0.8957816769693511,0.9984898979416968,0.9989393932031986,0.9056,0.6215039818799278,0.7170431158156494,0.0,0.0,48000,08,480000
20522_vit_small_patch16_224,20522,128,0.04,10,SGD,vit_small_patch16_224,969.9552056971006,164130.58340714555,0.8571,0.8998,0.8627536280488237,0.8998538552423655,0.8567804184256217,0.8999117693353926,0.9985565644015828,0.998987877907898,0.9038,0.6326456010065589,0.7279107287475794,0.0,0.0,48000,08,480000
205220_vit_small_patch16_224,205220,128,0.04,10,SGD,vit_small_patch16_224,967.9255248680712,164263.15760305896,0.8649,0.8994,0.8699833789942075,0.8989193060172205,0.8648920180439288,0.8988283918507112,0.9986353524322016,0.9989838375623942,0.9024,0.6498987146748602,0.7259535531871323,0.0,0.0,48000,08,480000
20523_vit_small_patch16_224,20523,128,0.04,10,SGD,vit_small_patch16_224,963.3236293781084,163582.90885854073,0.8652,0.9028,0.8721958220337791,0.9020824283317316,0.8637633775027527,0.9023371960275184,0.9986383825893156,0.9990181809175184,0.9027,0.6509288994276912,0.7341419242152062,0.0,0.0,48000,08,480000
20524_vit_small_patch16_224,20524,128,0.04,10,SGD,vit_small_patch16_224,971.8625859920868,164528.9930982679,0.8516,0.8987,0.860306192030353,0.8983844831500803,0.8518683724026755,0.8988775435354626,0.9985010089760152,0.99897676690883,0.9062,0.6231745430482503,0.7249914795786928,0.0,0.0,48000,08,480000
20525_vit_small_patch16_224,20525,128,0.04,10,SGD,vit_small_patch16_224,965.283689570846,163778.89461188292,0.8542,0.9058,0.8703930585147246,0.9061575612000128,0.8561569342386816,0.9067043492846292,0.9985272712041184,0.9990484838643892,0.9049,0.6356064489577923,0.7435125423146105,0.0,0.0,48000,08,480000
20526_vit_small_patch16_224,20526,128,0.04,10,SGD,vit_small_patch16_224,972.9378818180412,164547.7688018052,0.8597,0.8989,0.8667268054650346,0.8993946850231558,0.8601988751995235,0.8989799723792388,0.9985828274161244,0.9989787872542422,0.901,0.6400473718268873,0.726052424653681,0.0,0.0,48000,08,480000
20527_vit_small_patch16_224,20527,128,0.04,10,SGD,vit_small_patch16_224,969.6582727769857,164096.25942237876,0.8528,0.9038,0.8631406613906116,0.904464184948625,0.8530733166850033,0.9040383711772586,0.9985131302873024,0.99902828215787,0.9041,0.6270019706399838,0.7382923333097684,0.0,0.0,48000,08,480000
20528_vit_small_patch16_224,20528,128,0.04,10,SGD,vit_small_patch16_224,973.2639479970094,164508.38434335383,0.8568,0.9046,0.8675156752031825,0.9035576281380496,0.8555041952036625,0.9035349543149428,0.9985535341986682,0.9990363628669898,0.9057,0.6349657283958744,0.7378000740482492,0.0,0.0,48000,08,480000
20529_vit_small_patch16_224,20529,128,0.04,10,SGD,vit_small_patch16_224,964.7741285730152,163799.45782755263,0.8533,0.8995,0.8643936285377231,0.8995058352042993,0.853486642431401,0.8997622440266178,0.9985181807449,0.9989848477495736,0.9044,0.6285878872387259,0.7272635457675967,0.0,0.0,48000,08,480000
20531_vit_small_patch16_224,20531,128,0.025,10,SGD,vit_small_patch16_224,963.7303340539802,163971.30494920607,0.8623,0.9019,0.8656066010353688,0.9018651658709612,0.8613130145270952,0.9009119487779128,0.9986090898477872,0.9990090901529988,0.9031,0.6420006535418422,0.732068612276129,0.0,0.0,48000,08,480000
205310_vit_small_patch16_224,205310,128,0.025,10,SGD,vit_small_patch16_224,960.641199880978,163291.31219845547,0.8661,0.9031,0.8700514118525726,0.9025317019364324,0.8657620227920098,0.9023994528501832,0.9986474736737944,0.9990212113442172,0.9054,0.6515139118268162,0.7348045563436179,0.0,0.0,48000,08,480000
205311_vit_small_patch16_224,205311,128,0.025,10,SGD,vit_small_patch16_224,968.2208236570004,164152.97051412528,0.8586,0.9032,0.8652660712660715,0.9037503718907834,0.8596748507010419,0.9037199191461934,0.9985717158249884,0.9990222213002752,0.9072,0.6377552482634637,0.7369557658862341,0.0,0.0,48000,08,480000
205312_vit_small_patch16_224,205312,128,0.025,10,SGD,vit_small_patch16_224,965.0981363179162,163898.5220669142,0.8731,0.9042,0.8740906291061005,0.9043329229246224,0.8735280767480306,0.9048237682200768,0.9987181807014774,0.9990323223892952,0.9021,0.6657946130077214,0.739156472832233,0.0,0.0,48000,08,480000
205313_vit_small_patch16_224,205313,128,0.025,10,SGD,vit_small_patch16_224,946.9420439240056,162526.34333235133,0.8583,0.9041,0.8648369068792318,0.9047920628045218,0.8590737682935656,0.9048796452113418,0.9985686858013436,0.9990313124089546,0.9067,0.6367687301664153,0.7394948790826956,0.0,0.0,48000,08,480000
205314_vit_small_patch16_224,205314,128,0.025,10,SGD,vit_small_patch16_224,948.1484244079328,162495.0145434996,0.8653,0.8981,0.870976027671666,0.897791987154642,0.8643378769534494,0.8976937627288845,0.9986393928220744,0.9989707062254596,0.904,0.6505267266072472,0.723071730004775,0.0,0.0,48000,08,480000
205315_vit_small_patch16_224,205315,128,0.025,10,SGD,vit_small_patch16_224,960.3269799479748,163693.49303838602,0.865,0.9031,0.8692759999326709,0.9029652518149904,0.8637647435337931,0.9026970054999128,0.9986363626289232,0.999021211398094,0.9025,0.6485995540747369,0.7353999421804128,0.0,0.0,48000,08,480000
205316_vit_small_patch16_224,205316,128,0.025,10,SGD,vit_small_patch16_224,969.8420582008548,164070.28126354932,0.8597,0.9016,0.8682434177785143,0.9024873529088372,0.8606990127997841,0.9014026608985144,0.9985828272088336,0.99900605985281,0.9073,0.6415401248254151,0.7327266473824221,0.0,0.0,48000,08,480000
205317_vit_small_patch16_224,205317,128,0.025,10,SGD,vit_small_patch16_224,966.8007996180096,164237.55965576245,0.8595,0.9022,0.8669779807391236,0.9028665405416938,0.859777495424941,0.902362656508674,0.9985808072949818,0.999012120665119,0.9096,0.6397690648434472,0.7343079886950273,0.0,0.0,48000,08,480000
205318_vit_small_patch16_224,205318,128,0.025,10,SGD,vit_small_patch16_224,964.1668645790778,164081.85616495763,0.8658,0.9017,0.8703236918670494,0.9013654829868636,0.8654790806100511,0.9013589055457444,0.998644443401866,0.9990070699433934,0.9037,0.6512771667299266,0.7318621859572757,0.0,0.0,48000,08,480000
205319_vit_small_patch16_224,205319,128,0.025,10,SGD,vit_small_patch16_224,962.6379150419962,163933.48870445232,0.8643,0.9,0.8698941967777084,0.9005571735936023,0.8659848646072424,0.9008647139819638,0.998629291977848,0.9989898982887604,0.908,0.6501978797192332,0.7294146346035661,0.0,0.0,48000,08,480000
20532_vit_small_patch16_224,20532,128,0.025,10,SGD,vit_small_patch16_224,954.7260436438957,163076.85532484713,0.8666,0.9024,0.8691373883395189,0.9028601130303104,0.8664250148820968,0.9021978137143364,0.9986525240809736,0.9990141405569942,0.9065,0.6517071772281827,0.734332854871864,0.0,0.0,48000,08,480000
205320_vit_small_patch16_224,205320,128,0.025,10,SGD,vit_small_patch16_224,964.6873355940916,164085.0457193226,0.8702,0.9017,0.8725352981045041,0.9012241677141184,0.8698194492232081,0.9010534571287728,0.9986888878290138,0.9990070699044072,0.9061,0.6595707930492241,0.7314994739762688,0.0,0.0,48000,08,480000
20533_vit_small_patch16_224,20533,128,0.025,10,SGD,vit_small_patch16_224,954.7402941170149,163220.42508835357,0.8726,0.9056,0.8776560979039694,0.9049001709768456,0.8713810548467132,0.9050686567741316,0.9987131301326324,0.9990464637717464,0.9034,0.6664820485802632,0.740976263941473,0.0,0.0,48000,08,480000
20534_vit_small_patch16_224,20534,128,0.025,10,SGD,vit_small_patch16_224,971.2321513788776,164522.6794426453,0.8613,0.9002,0.8676583233749088,0.9001745789267777,0.8615746697419278,0.9005187489518517,0.9985989888475292,0.9989919184353526,0.9048,0.6429648461736525,0.7289881807932072,0.0,0.0,48000,08,480000
20535_vit_small_patch16_224,20535,128,0.025,10,SGD,vit_small_patch16_224,963.8672825319228,163532.06362794386,0.8602,0.9072,0.8721731392972675,0.9077423735342762,0.8620530341463594,0.9076237424811424,0.9985878773274056,0.9990626252931564,0.9049,0.6458362530950074,0.746731051119366,0.0,0.0,48000,08,480000
20536_vit_small_patch16_224,20536,128,0.025,10,SGD,vit_small_patch16_224,961.1513916361146,163331.63141216076,0.8677,0.9009,0.8719475234189118,0.9011002080795346,0.8673829920243864,0.9008795909829048,0.9986636355463524,0.9989989892867992,0.9049,0.6553753221190783,0.7306030384258105,0.0,0.0,48000,08,480000
20537_vit_small_patch16_224,20537,128,0.025,10,SGD,vit_small_patch16_224,969.3464911000336,164108.70224058526,0.8647,0.9023,0.8717231269961323,0.9026371010565832,0.8655426061379656,0.902625618939642,0.998633332390435,0.9990131306322652,0.9016,0.6515361776683745,0.7344174545199129,0.0,0.0,48000,08,480000
20538_vit_small_patch16_224,20538,128,0.025,10,SGD,vit_small_patch16_224,973.5247915610672,164573.5603343461,0.8622,0.9057,0.8719531930025307,0.9047316136612004,0.8606193884253764,0.9048524369083256,0.9986080796967632,0.999047473986972,0.9039,0.6461113828916387,0.740743791430756,0.0,0.0,48000,08,480000
20539_vit_small_patch16_224,20539,128,0.025,10,SGD,vit_small_patch16_224,948.800830504857,162723.34167120288,0.8618,0.9024,0.8684415432734567,0.9026811959867344,0.8626152201865652,0.9026459572337188,0.998604039392946,0.9990141407000834,0.9038,0.6446997700787535,0.7345520231103158,0.0,0.0,48000,08,480000
20541_vit_small_patch16_224,20541,128,0.02,10,SGD,vit_small_patch16_224,959.3066582819448,163401.06208277846,0.8632,0.9001,0.865397818754447,0.9000962987844242,0.8619426193091371,0.8990207304440537,0.9986181807638146,0.9989909083209436,0.9024,0.6429912332154749,0.7276306416301829,0.0,0.0,48000,08,480000
205410_vit_small_patch16_224,205410,128,0.02,10,SGD,vit_small_patch16_224,967.560116326902,163962.10494153973,0.8664,0.9057,0.8699488181262442,0.9047319423665272,0.8660852788885824,0.905087129438403,0.9986505039792304,0.999047473991328,0.9042,0.6519080267252232,0.740936188127146,0.0,0.0,48000,08,480000
205411_vit_small_patch16_224,205411,128,0.02,10,SGD,vit_small_patch16_224,974.0979505560828,164764.6098509466,0.863,0.9031,0.868694035264062,0.9032542991126558,0.8639780875402849,0.9033942202448836,0.9986161603113396,0.9990212111983124,0.9048,0.6468133171931092,0.7362035317508546,0.0,0.0,48000,08,480000
205412_vit_small_patch16_224,205412,128,0.02,10,SGD,vit_small_patch16_224,968.1688448379282,164015.1660653107,0.8711,0.9003,0.8726561718102853,0.900315171183986,0.8719168009674361,0.9010724214658284,0.998697978663676,0.9989929284155818,0.9032,0.6619426973646728,0.7296320965091336,0.0,0.0,48000,08,480000
205413_vit_small_patch16_224,205413,128,0.02,10,SGD,vit_small_patch16_224,971.2440875759348,164567.0026091963,0.8587,0.9063,0.8634171340161579,0.90664747303002,0.8595304617782225,0.907123165349022,0.998572726208397,0.999053534647748,0.9058,0.6363603300644346,0.7446727362119315,0.0,0.0,48000,08,480000
205414_vit_small_patch16_224,205414,128,0.02,10,SGD,vit_small_patch16_224,964.2240931808484,163929.02024304972,0.8655,0.9014,0.8697028175778568,0.9005746128399766,0.864806140801413,0.9006337152067484,0.9986414130257536,0.999004039586166,0.9028,0.6500792232583257,0.7303864352517504,0.0,0.0,48000,08,480000
205415_vit_small_patch16_224,205415,128,0.02,10,SGD,vit_small_patch16_224,965.5310739099514,163980.4899030307,0.8695,0.9027,0.8725057614012782,0.902192139082418,0.8685227781793374,0.9023666538191892,0.9986818172079592,0.9990171709910683,0.9064,0.6580308358508251,0.734173106854352,0.0,0.0,48000,08,480000
205416_vit_small_patch16_224,205416,128,0.02,10,SGD,vit_small_patch16_224,954.4681159409228,163329.86837373552,0.8617,0.902,0.8695278747313643,0.9030336782191394,0.8624083683868038,0.9019350856712248,0.998603029244346,0.9990101002599124,0.904,0.645275896718489,0.7339316989601455,0.0,0.0,48000,08,480000
205417_vit_small_patch16_224,205417,128,0.02,10,SGD,vit_small_patch16_224,972.947110699024,164574.9370284703,0.8572,0.8999,0.8662753277548194,0.9003041825434909,0.857689058646544,0.8999370213955903,0.9985575749588856,0.9989888883290228,0.9043,0.6359765293097303,0.7283771202280721,0.0,0.0,48000,08,480000
205418_vit_small_patch16_224,205418,128,0.02,10,SGD,vit_small_patch16_224,956.4571876078844,163324.79683846128,0.8666,0.9036,0.8702769167061178,0.9032226671317456,0.8660893973631552,0.9032784182754676,0.9986525242161616,0.9990262618773462,0.903,0.6523088567337323,0.7364946375517224,0.0,0.0,48000,08,480000
205419_vit_small_patch16_224,205419,128,0.02,10,SGD,vit_small_patch16_224,967.126850723056,164187.95725744488,0.8645,0.8986,0.8681079354693887,0.8991345050930643,0.8659818471935297,0.8995738157585683,0.9986313121812704,0.998975756864803,0.9049,0.6490119471282559,0.7260772567278331,0.0,0.0,48000,08,480000
20542_vit_small_patch16_224,20542,128,0.02,10,SGD,vit_small_patch16_224,972.4362988278737,164446.95203363628,0.8655,0.9006,0.8684215786804543,0.9007039940532684,0.8655165775132261,0.9007308446899914,0.9986414129602024,0.9989959587230044,0.9071,0.6496547841436148,0.7299158553485444,0.0,0.0,48000,08,480000
205420_vit_small_patch16_224,205420,128,0.02,10,SGD,vit_small_patch16_224,972.091389961075,164597.58036049822,0.8622,0.9028,0.8650148311803723,0.9017878662248164,0.8620247100444791,0.9024043341090172,0.998608079682882,0.9990181810245004,0.9084,0.6420167561468356,0.7339568064899943,0.0,0.0,48000,08,480000
20543_vit_small_patch16_224,20543,128,0.02,10,SGD,vit_small_patch16_224,967.0841031961608,163913.92147251684,0.8683,0.9063,0.8726014164500849,0.9051833973272102,0.8667012450547688,0.9057940762853468,0.9986696957493536,0.9990535344853032,0.8992,0.6558084476943716,0.7423809112251971,0.0,0.0,48000,08,480000
20544_vit_small_patch16_224,20544,128,0.02,10,SGD,vit_small_patch16_224,964.4138687769882,163684.64726595,0.8567,0.8981,0.863618161074158,0.8983536281621152,0.8563715530744312,0.8982662602456779,0.9985525241661926,0.9989707062982206,0.9024,0.6326793791417399,0.7239854915999097,0.0,0.0,48000,08,480000
20545_vit_small_patch16_224,20545,128,0.02,10,SGD,vit_small_patch16_224,972.6274409790058,164268.13730985252,0.8661,0.9046,0.8764712965925995,0.9046133966196502,0.86742483974702,0.9052466119856966,0.998647473348638,0.9990363626397316,0.9054,0.6575818212714912,0.7400614842025979,0.0,0.0,48000,08,480000
20546_vit_small_patch16_224,20546,128,0.02,10,SGD,vit_small_patch16_224,969.9744157730602,163740.37015640593,0.8711,0.8988,0.8760565840579104,0.8988556735215313,0.8708812064183199,0.8989243420763458,0.9986979790016994,0.9989777771526142,0.9047,0.6637327715538953,0.7254909442650954,0.0,0.0,48000,08,480000
20547_vit_small_patch16_224,20547,128,0.02,10,SGD,vit_small_patch16_224,964.0167924677952,163713.40697019166,0.8606,0.9018,0.8664466727886959,0.9024031271984638,0.861410957057139,0.9021030004871784,0.998591918220448,0.9990080801237304,0.9013,0.6414187020521864,0.7333916328070595,0.0,0.0,48000,08,480000
20548_vit_small_patch16_224,20548,128,0.02,10,SGD,vit_small_patch16_224,961.1471449809616,163483.09508424095,0.8646,0.9066,0.8718453182500759,0.9055449955041692,0.8630119468410854,0.9056168398724076,0.9986323221403608,0.9990565649033212,0.9025,0.6496464913631051,0.7427801976750107,0.0,0.0,48000,08,480000
20549_vit_small_patch16_224,20549,128,0.02,10,SGD,vit_small_patch16_224,973.858539181063,164584.88896507057,0.8591,0.903,0.864679924532078,0.9030031199628022,0.8596494400751818,0.9030996504204658,0.9985767666459195,0.9990202013105338,0.9063,0.6376787385324745,0.7356766052562654,0.0,0.0,48000,08,480000
20551_vit_small_patch32_224,20551,128,0.03,10,SGD,vit_small_patch32_224,645.1427999949083,77266.01743641683,0.8365,0.8824,0.8411836615936004,0.8817933621088265,0.8366087049228532,0.8814953445339975,0.9983484835883312,0.9988121203057356,0.8806,0.5877076120289867,0.6850718956796744,0.0,0.0,48000,08,480000
205510_vit_small_patch32_224,205510,128,0.03,10,SGD,vit_small_patch32_224,648.6678637510631,77771.52324398485,0.8441,0.8816,0.8498927901890242,0.8807351698781285,0.8433103841351226,0.8811132953470316,0.9984252512751648,0.9988040394546472,0.8805,0.6040335336101389,0.6833276042619958,0.0,0.0,48000,08,480000
205511_vit_small_patch32_224,205511,128,0.03,10,SGD,vit_small_patch32_224,642.9324504488613,77192.41399432416,0.8349,0.8829,0.8461976527946129,0.8832576833274528,0.836670005014874,0.8835192391394009,0.99833232165987,0.9988171706018824,0.8794,0.5901135799385697,0.6881782640881183,0.0,0.0,48000,08,480000
205512_vit_small_patch32_224,205512,128,0.03,10,SGD,vit_small_patch32_224,642.9446676780935,77208.52947737112,0.8435,0.8803,0.8505678990170553,0.8802773710802909,0.8450019755400346,0.8809174842104533,0.9984191905420112,0.998790908037564,0.8848,0.6052917008035387,0.6818047927666387,0.0,0.0,48000,08,480000
205513_vit_small_patch32_224,205513,128,0.03,10,SGD,vit_small_patch32_224,645.0480860569514,77610.53918953368,0.8333,0.8813,0.8425590455312179,0.8817648148597518,0.8342537209622239,0.882423022907643,0.998316160360508,0.9988010092069124,0.879,0.5847469712519482,0.6849081566914642,0.0,0.0,48000,08,480000
205514_vit_small_patch32_224,205514,128,0.03,10,SGD,vit_small_patch32_224,647.7107315689791,77794.08601058747,0.8393,0.8773,0.845658949305093,0.8765307460170182,0.8385743639998929,0.8768579749479956,0.9983767663437816,0.9987606050428252,0.883,0.5942217165988852,0.6734509094752787,0.0,0.0,48000,08,480000
205515_vit_small_patch32_224,205515,128,0.03,10,SGD,vit_small_patch32_224,635.4500817470253,76732.12154425969,0.8459,0.8798,0.852171602286157,0.8794005290160533,0.8447676071346932,0.8792551132425982,0.9984434331934596,0.9987858576888636,0.883,0.608004508906186,0.6794507261371379,0.0,0.0,48000,08,480000
205516_vit_small_patch32_224,205516,128,0.03,10,SGD,vit_small_patch32_224,635.68849903089,76914.49312152289,0.8263,0.8785,0.8369654446928274,0.8792821673386733,0.8272859852302321,0.8785004480556495,0.9982454532157834,0.9987727263426468,0.8818,0.5711343600485568,0.6777643055689377,0.0,0.0,48000,08,480000
205517_vit_small_patch32_224,205517,128,0.03,10,SGD,vit_small_patch32_224,647.9263785770163,77876.40077943372,0.8386,0.8794,0.8461971734895438,0.8794552001545725,0.8380039740127287,0.8790837993087115,0.9983696960669756,0.998781817507294,0.8834,0.593695690906436,0.679048957074076,0.0,0.0,48000,08,480000
205518_vit_small_patch32_224,205518,128,0.03,10,SGD,vit_small_patch32_224,645.9454159368761,77603.19946428924,0.8351,0.8783,0.8435169796218304,0.8788659157243903,0.8346535432382316,0.8782679256084645,0.9983343421532612,0.998770706125239,0.8795,0.5869681889750005,0.6771085898391542,0.0,0.0,48000,08,480000
205519_vit_small_patch32_224,205519,128,0.035,10,SGD,vit_small_patch32_224,641.6678775069304,77208.37031344608,0.8309,0.8784,0.8399975575011227,0.878562528196195,0.8319917491557135,0.8793042682690863,0.998291918006294,0.9987717163191328,0.8818,0.5797000753147512,0.677751394471008,0.0,0.0,48000,08,480000
20552_vit_small_patch32_224,20552,128,0.03,10,SGD,vit_small_patch32_224,640.5130188809708,77179.34942627329,0.8385,0.8774,0.8445423015999113,0.8772164099401232,0.8390095712991633,0.8777112982663869,0.9983686854503544,0.9987616150849128,0.8819,0.5931743188681976,0.6747111842144113,0.0,0.0,48000,08,480000
205520_vit_small_patch32_224,205520,128,0.035,10,SGD,vit_small_patch32_224,642.531666219933,77291.68282789139,0.8353,0.8741,0.8429195618468591,0.8738163292080486,0.8354423119572801,0.8735178296405423,0.9983363622915143,0.998728281800253,0.878,0.5872485736968023,0.6663469261943133,0.0,0.0,48000,08,480000
20553_vit_small_patch32_224,20553,128,0.03,10,SGD,vit_small_patch32_224,629.630714260973,76317.1940483478,0.8478,0.8809,0.8510070384021249,0.880810874797594,0.8474420546818822,0.8802581110333958,0.9984626248523284,0.9987969685933792,0.8819,0.6104757107787807,0.6821761458124531,0.0,0.0,48000,08,480000
20554_vit_small_patch32_224,20554,128,0.03,10,SGD,vit_small_patch32_224,650.2445431551896,77756.8981605498,0.837,0.8773,0.8452532961508941,0.8774152588759815,0.8379963653234305,0.8777618067684319,0.9983535341178604,0.9987606051304384,0.8825,0.5918870330209126,0.6748253612632898,0.0,0.0,48000,08,480000
20555_vit_small_patch32_224,20555,128,0.03,10,SGD,vit_small_patch32_224,653.3075742898509,78048.89310259584,0.8319,0.8804,0.8460392762816461,0.8805092765795984,0.83358982660797,0.8811568237871823,0.9983020184459004,0.9987919179424732,0.8811,0.5857010522836603,0.682247884925129,0.0,0.0,48000,08,480000
20556_vit_small_patch32_224,20556,128,0.03,10,SGD,vit_small_patch32_224,645.597365914844,77417.24167519488,0.8337,0.8769,0.8394457483671607,0.8781404840516587,0.8334155743922532,0.877174326959613,0.9983202009928828,0.9987565648961148,0.8811,0.5822827259964937,0.6746206470673419,0.0,0.0,48000,08,480000
20557_vit_small_patch32_224,20557,128,0.03,10,SGD,vit_small_patch32_224,655.5435801129788,78271.72657422264,0.8352,0.8797,0.8424722917115113,0.8805969867050062,0.8356906984639971,0.8797394354735191,0.9983353523868712,0.9987848476464842,0.8873,0.5870405894472658,0.6806718533749018,0.0,0.0,48000,08,480000
20558_vit_small_patch32_224,20558,128,0.03,10,SGD,vit_small_patch32_224,630.7617523591034,76324.83550284457,0.8387,0.8843,0.8454571656268208,0.8830141623706607,0.8377111103175217,0.8828142217408359,0.9983707057698686,0.9988313121982256,0.8816,0.5930405053451258,0.6885393472899028,0.0,0.0,48000,08,480000
20559_vit_small_patch32_224,20559,128,0.03,10,SGD,vit_small_patch32_224,650.4365731729195,77819.16298054824,0.8372,0.8797,0.8465956949361158,0.8801906934993663,0.8373014736976504,0.8792539946378253,0.9983555543644834,0.9987848476047134,0.8835,0.5924781920159093,0.679982380452337,0.0,0.0,48000,08,480000
20561_vit_small_patch32_224,20561,128,0.035,10,SGD,vit_small_patch32_224,650.8542107110843,78080.41793094767,0.8382,0.8816,0.842865692164197,0.88114623485134,0.8386374330963371,0.8807525282340284,0.9983656553186054,0.9988040394914884,0.8816,0.5915206483286649,0.6833666179447887,0.0,0.0,48000,08,480000
205610_vit_small_patch32_224,205610,128,0.035,10,SGD,vit_small_patch32_224,642.0164728721138,77139.11652664068,0.838,0.8771,0.8437391835732799,0.8764741975517611,0.8371583175015758,0.8767377260385187,0.9983636350646355,0.9987585848731092,0.8828,0.5909470746883899,0.6731602552923934,0.0,0.0,48000,08,480000
205611_vit_small_patch32_224,205611,128,0.035,10,SGD,vit_small_patch32_224,638.2641423428431,76790.98881231011,0.8324,0.8848,0.8444599022280634,0.8852779959772752,0.8340042740191371,0.8853249757937587,0.9983070691108068,0.9988363625391704,0.8802,0.5852528359982447,0.6926627684347083,0.0,0.0,48000,08,480000
205612_vit_small_patch32_224,205612,128,0.035,10,SGD,vit_small_patch32_224,648.5601284219883,77684.1269660748,0.8383,0.8789,0.8441034693777112,0.8789954988418994,0.8393397326261979,0.879225054302672,0.9983666652437266,0.9987767666111028,0.8809,0.5929567338525294,0.678413688396504,0.0,0.0,48000,08,480000
205613_vit_small_patch32_224,205613,128,0.035,10,SGD,vit_small_patch32_224,641.2489085299894,76997.02813138187,0.8259,0.8798,0.8353881976258206,0.8802981758068021,0.8268367646446171,0.8806754206047341,0.9982414128300208,0.9987858576804624,0.8773,0.5694704105875935,0.6812429475328214,0.0,0.0,48000,08,480000
205614_vit_small_patch32_224,205614,128,0.035,10,SGD,vit_small_patch32_224,653.3351000598632,78088.58760708469,0.8409,0.8789,0.8476871258397981,0.8782807707817128,0.8399122837809887,0.8786651633106871,0.998392927973215,0.9987767666722586,0.8824,0.5977441973293819,0.6774303943599955,0.0,0.0,48000,08,480000
205615_vit_small_patch32_224,205615,128,0.035,10,SGD,vit_small_patch32_224,650.8252301139291,77886.81178348356,0.8393,0.8787,0.8460078387340277,0.8790819738020574,0.8379692927063137,0.8784858118773926,0.9983767664775404,0.9987747465695436,0.8814,0.5940379357364763,0.6777543375816154,0.0,0.0,48000,08,480000
205616_vit_small_patch32_224,205616,128,0.035,10,SGD,vit_small_patch32_224,637.0798966139555,76732.29905763672,0.8276,0.8764,0.8377453069488964,0.8764905793746743,0.8286601607383026,0.8765596357846228,0.9982585845388662,0.9987515142053588,0.885,0.5735245318567218,0.6724941959264745,0.0,0.0,48000,08,480000
205617_vit_small_patch32_224,205617,128,0.035,10,SGD,vit_small_patch32_224,629.133600810077,76389.89217548615,0.8413,0.8788,0.8482812417570895,0.879143490424265,0.8404315559943943,0.8788080074880783,0.9983969688093496,0.9987757568978776,0.8837,0.5988200825889282,0.6781282090279561,0.0,0.0,48000,08,480000
205618_vit_small_patch32_224,205618,128,0.035,10,SGD,vit_small_patch32_224,647.6401351920795,77636.33983298375,0.8361,0.8788,0.843284761150646,0.8783078412241995,0.835459949294735,0.878588578638406,0.9983444431711312,0.9987757566341736,0.88,0.5880828521619436,0.6773144696731495,0.0,0.0,48000,08,480000
205619_vit_small_patch32_224,205619,128,0.035,10,SGD,vit_small_patch32_224,626.7367845519911,76138.1232615846,0.8309,0.8784,0.8399975575011227,0.878562528196195,0.8319917491557135,0.8793042682690863,0.998291918006294,0.9987717163191328,0.8818,0.5797000753147512,0.677751394471008,0.0,0.0,48000,08,480000
20562_vit_small_patch32_224,20562,128,0.035,10,SGD,vit_small_patch32_224,645.5607169282157,77472.33647808492,0.8387,0.8783,0.8441934733018437,0.8778759683732065,0.8388132156177162,0.8787767969878792,0.9983707056541308,0.998770706001908,0.8811,0.5929331432115031,0.6767377772809161,0.0,0.0,48000,08,480000
205620_vit_small_patch32_224,205620,128,0.035,10,SGD,vit_small_patch32_224,642.5336772098672,77238.88019416944,0.8353,0.8741,0.8429195618468591,0.8738163292080486,0.8354423119572801,0.8735178296405423,0.9983363622915143,0.998728281800253,0.878,0.5872485736968023,0.6663469261943133,0.0,0.0,48000,08,480000
20563_vit_small_patch32_224,20563,128,0.035,10,SGD,vit_small_patch32_224,646.2115456240717,77610.1415301486,0.8411,0.8826,0.8464006946257964,0.8816302110091204,0.8401308781985635,0.8821758441575197,0.9983949480225688,0.9988141403263032,0.8818,0.5971356030677505,0.6856306609588152,0.0,0.0,48000,08,480000
20564_vit_small_patch32_224,20564,128,0.035,10,SGD,vit_small_patch32_224,635.9853320058901,76797.62623544617,0.8306,0.8766,0.8395091677100802,0.8769995377387864,0.8312645458575655,0.8770819551931227,0.9982888876046968,0.9987535344180613,0.8821,0.5786458791065157,0.6734406631335097,0.0,0.0,48000,08,480000
20565_vit_small_patch32_224,20565,128,0.035,10,SGD,vit_small_patch32_224,633.6994159310125,76811.9548253634,0.8359,0.8834,0.8512780704413493,0.8836362721457743,0.838334433252291,0.8840900272465562,0.998342422528092,0.9988222210041168,0.8801,0.5955559960342242,0.6893116475659437,0.0,0.0,48000,08,480000
20566_vit_small_patch32_224,20566,128,0.035,10,SGD,vit_small_patch32_224,649.7324867700227,77938.00350865524,0.8368,0.8762,0.8445642518490085,0.8769156062755914,0.8369736052960544,0.8762523658814206,0.9983515141433464,0.99874949418472,0.8845,0.590540394398034,0.6724296021261303,0.0,0.0,48000,08,480000
20567_vit_small_patch32_224,20567,128,0.035,10,SGD,vit_small_patch32_224,650.8777659831103,77882.62315075813,0.8298,0.8791,0.840245316983071,0.8791185191236062,0.830595498366373,0.8792827371872243,0.9982808068946932,0.9987787870362422,0.8859,0.5781251004360608,0.6787089333204037,0.0,0.0,48000,08,480000
20568_vit_small_patch32_224,20568,128,0.035,10,SGD,vit_small_patch32_224,632.1934666240122,76805.59907620224,0.8337,0.8837,0.8432397023380233,0.8821354435434963,0.8325628379256702,0.8823452809962857,0.99832020067904,0.9988252515873264,0.8826,0.584315932978608,0.6870181453832964,0.0,0.0,48000,08,480000
20569_vit_small_patch32_224,20569,128,0.035,10,SGD,vit_small_patch32_224,621.7678869750816,76196.32778504881,0.8315,0.8831,0.843712511020756,0.8835988018344854,0.8312739434892785,0.8832963227842628,0.9982979785652056,0.998819191063932,0.881,0.5821851211422534,0.6884276479197688,0.0,0.0,48000,08,480000
20571_vit_small_patch32_224,20571,128,0.04,10,SGD,vit_small_patch32_224,636.2318975860253,76721.92831189945,0.8332,0.8813,0.8386537005130615,0.880591681810746,0.8331916562492994,0.8803289253445914,0.9983151502295636,0.9988010091861462,0.8806,0.5812252902064788,0.6823737209068543,0.0,0.0,48000,08,480000
205710_vit_small_patch32_224,205710,128,0.04,10,SGD,vit_small_patch32_224,646.0896818039473,77657.57706175452,0.8357,0.8777,0.8430331629271354,0.8772167565495197,0.8352971628870044,0.8773016215593055,0.9983404027229608,0.998764645483981,0.881,0.5875092583286567,0.674629161544571,0.0,0.0,48000,08,480000
205711_vit_small_patch32_224,205711,128,0.04,10,SGD,vit_small_patch32_224,653.2975046590436,78076.53416375784,0.8335,0.8832,0.8465557713419508,0.8835576208101006,0.8352005302261675,0.8839268708132682,0.9983181802323944,0.99882020090777,0.879,0.5883298997868762,0.6889656840153003,0.0,0.0,48000,08,480000
205712_vit_small_patch32_224,205712,128,0.04,10,SGD,vit_small_patch32_224,642.0981710280757,76891.75981657128,0.839,0.8768,0.8471938832479675,0.8773276532578592,0.8400348681901356,0.8773710453479314,0.9983737359569572,0.9987555544714108,0.8808,0.5961221142037633,0.6740697922702815,0.0,0.0,48000,08,480000
205713_vit_small_patch32_224,205713,128,0.04,10,SGD,vit_small_patch32_224,636.9407967668958,76628.93847234947,0.8265,0.876,0.8376641995831604,0.8771214577221145,0.8269159745932947,0.8769444195490383,0.9982474734406008,0.9987474738134552,0.8803,0.5714949724855599,0.6729636467574727,0.0,0.0,48000,08,480000
205714_vit_small_patch32_224,205714,128,0.04,10,SGD,vit_small_patch32_224,657.4560046789702,78233.52168459793,0.8325,0.877,0.8393125380184222,0.8765916454316034,0.83144217724989,0.8764341039200226,0.9983080794186896,0.9987575747373064,0.8782,0.5799687460451933,0.6729398936555262,0.0,0.0,48000,08,480000
205715_vit_small_patch32_224,205715,128,0.04,10,SGD,vit_small_patch32_224,645.8138678348623,77376.28405313376,0.8361,0.8754,0.8416399223956778,0.8755633919095299,0.8347857271639395,0.8748214912228076,0.9983444432213372,0.9987414132115838,0.8804,0.5864621269771181,0.6696789366203684,0.0,0.0,48000,08,480000
205716_vit_small_patch32_224,205716,128,0.04,10,SGD,vit_small_patch32_224,644.765721393982,77281.08632469972,0.8297,0.87,0.8365287898685025,0.8697918748556197,0.8305730306241145,0.8700140995023253,0.998279796676154,0.9986868676917204,0.8831,0.5754824571749413,0.6574916307214965,0.0,0.0,48000,08,480000
205717_vit_small_patch32_224,205717,128,0.04,10,SGD,vit_small_patch32_224,650.3856646588538,77729.62545778572,0.8361,0.8795,0.8439903163759095,0.8798751854323291,0.8359531736328109,0.8793204874573152,0.9983444435277404,0.9987828276088634,0.8826,0.58892235917767,0.6796341175879016,0.0,0.0,48000,08,480000
205718_vit_small_patch32_224,205718,128,0.04,10,SGD,vit_small_patch32_224,644.1348828149494,76989.01603193065,0.8289,0.8754,0.8358830598000863,0.8753964638050148,0.8285306101567685,0.8753849540227503,0.9982717158424682,0.9987414131734164,0.8799,0.573066455749407,0.6699825113446162,0.0,0.0,48000,08,480000
205719_vit_small_patch32_224,205719,128,0.04,10,SGD,vit_small_patch32_224,644.8965238081291,77124.6385820154,0.8327,0.8757,0.8430541347914899,0.8761915191280926,0.8337541192316809,0.8765195575579432,0.9983100998370964,0.9987444435729292,0.8794,0.5843156049110556,0.6716923188391981,0.0,0.0,48000,08,480000
20572_vit_small_patch32_224,20572,128,0.04,10,SGD,vit_small_patch32_224,643.5453101398889,77262.56603397541,0.8355,0.8755,0.8419746519876878,0.875840677511285,0.8358500977019798,0.8754721572555081,0.9983383823937044,0.9987424231490348,0.8808,0.5870182958533412,0.6704665236403761,0.0,0.0,48000,08,480000
205720_vit_small_patch32_224,205720,128,0.04,10,SGD,vit_small_patch32_224,643.6855655219406,77057.21173656167,0.8378,0.8744,0.8439860451081656,0.8737458892904715,0.8376451379382948,0.8736555660088482,0.9983616148371806,0.998731312105733,0.8797,0.5913213622106193,0.6666290092459212,0.0,0.0,48000,08,480000
20573_vit_small_patch32_224,20573,128,0.04,10,SGD,vit_small_patch32_224,647.5106205230113,77587.65240357709,0.8438,0.8851,0.8472049333376028,0.8848693787824599,0.8433644731514494,0.8849153567140265,0.99842222077486,0.9988393928747208,0.8771,0.601946006406955,0.6922594628658765,0.0,0.0,48000,08,480000
20574_vit_small_patch32_224,20574,128,0.04,10,SGD,vit_small_patch32_224,627.2109252358787,76363.46548404552,0.8256,0.873,0.8341283721633878,0.8730402413248237,0.8259235028108892,0.8733416149260442,0.9982383825162876,0.9987171707544068,0.8803,0.5677755245784106,0.6647757635385331,0.0,0.0,48000,08,480000
20575_vit_small_patch32_224,20575,128,0.04,10,SGD,vit_small_patch32_224,642.0991003080271,77260.43955522636,0.8341,0.8785,0.8513786752603313,0.8794749289129008,0.8362897262386676,0.8792734628873882,0.9983242406911058,0.998772726003432,0.8801,0.5928833679314179,0.6785094016935783,0.0,0.0,48000,08,480000
20576_vit_small_patch32_224,20576,128,0.04,10,SGD,vit_small_patch32_224,643.6918657219503,77485.08507447636,0.8342,0.875,0.8435038828350152,0.8756532910116809,0.8345132694857114,0.8751450019721397,0.998325251501022,0.9987373729651856,0.8797,0.5862226232887797,0.6696865176690293,0.0,0.0,48000,08,480000
20577_vit_small_patch32_224,20577,128,0.04,10,SGD,vit_small_patch32_224,648.0696898510214,77837.92247823876,0.8186,0.8797,0.8308232702188597,0.8800965003111381,0.8187684106575207,0.8799556539861783,0.9981676755035098,0.9987848476464842,0.8808,0.5558338256533365,0.6804521916974378,0.0,0.0,48000,08,480000
20578_vit_small_patch32_224,20578,128,0.04,10,SGD,vit_small_patch32_224,643.215540416073,77336.251760709,0.8398,0.8807,0.8479092600866176,0.8792307253408922,0.8384815650999166,0.879048739384194,0.998381816889851,0.9987949485328288,0.8798,0.5960949326833574,0.6798610261349418,0.0,0.0,48000,08,480000
20579_vit_small_patch32_224,20579,128,0.04,10,SGD,vit_small_patch32_224,634.322007086128,76613.25137299777,0.832,0.8781,0.843875865623878,0.8786763422348447,0.8327137625287928,0.8782614982196028,0.998303029073914,0.998768685976846,0.8786,0.5836601253535907,0.6768020609896548,0.0,0.0,48000,08,480000
20581_vit_small_patch32_224,20581,128,0.025,10,SGD,vit_small_patch32_224,648.9758503199555,77653.39204470672,0.8343,0.8792,0.8378522213607592,0.8786673021423548,0.8342235343004916,0.8782881998991013,0.9983262613491528,0.9987797970487486,0.8813,0.5821630029520986,0.6776710633918481,0.0,0.0,48000,08,480000
205810_vit_small_patch32_224,205810,128,0.025,10,SGD,vit_small_patch32_224,655.4745036959648,78117.98927542128,0.8415,0.8794,0.8471614845179978,0.8785243140141552,0.840873601596499,0.8788540317909355,0.998398988628054,0.9987818172147844,0.8787,0.5984876236168954,0.6781529005939879,0.0,0.0,48000,08,480000
205811_vit_small_patch32_224,205811,128,0.025,10,SGD,vit_small_patch32_224,648.479605556,77701.40023125385,0.8358,0.8822,0.8476532866198415,0.8828857018423641,0.8371028348082098,0.882640671879812,0.9983414125775324,0.9988100998881446,0.8838,0.5920774439665487,0.68665470153025,0.0,0.0,48000,08,480000
205812_vit_small_patch32_224,205812,128,0.025,10,SGD,vit_small_patch32_224,644.9595628040843,77341.0348044072,0.8437,0.8818,0.8483286983332815,0.8816878046985839,0.8445952096320575,0.8823033040942589,0.9984212107457916,0.9988060595659154,0.8796,0.6035518991193061,0.6851473815842491,0.0,0.0,48000,08,480000
205813_vit_small_patch32_224,205813,128,0.025,10,SGD,vit_small_patch32_224,647.0384944521356,77461.06729621356,0.8312,0.8803,0.8395806109149595,0.8804953769523718,0.8319417551215732,0.8812399206299909,0.998294948223478,0.9987909081892792,0.8847,0.5795884610257511,0.682223264157984,0.0,0.0,48000,08,480000
205814_vit_small_patch32_224,205814,128,0.025,10,SGD,vit_small_patch32_224,648.5627501441631,77596.29966752027,0.8364,0.8783,0.8425732238978287,0.8772821239521863,0.8353195862661659,0.8777369340561608,0.9983474733904336,0.9987707060612212,0.8831,0.5877005072973673,0.675479747023893,0.0,0.0,48000,08,480000
205815_vit_small_patch32_224,205815,128,0.025,10,SGD,vit_small_patch32_224,636.7441471088678,76622.69990710476,0.8457,0.8792,0.8497795986761418,0.8794147832301276,0.8448993870819612,0.8786382130406258,0.998441412989947,0.9987797970783252,0.8842,0.6062478512198578,0.6785178507328125,0.0,0.0,48000,08,480000
205816_vit_small_patch32_224,205816,128,0.025,10,SGD,vit_small_patch32_224,643.4440060930792,77176.74626653068,0.8307,0.8788,0.8390802035486504,0.8795545969576449,0.8314886096723584,0.8788517637955552,0.99828989769391,0.9987757566479732,0.8817,0.5785763347394086,0.6784790964380893,0.0,0.0,48000,08,480000
205817_vit_small_patch32_224,205817,128,0.025,10,SGD,vit_small_patch32_224,649.4801748329774,77691.6584859438,0.8355,0.8784,0.8422188202989627,0.8782055240801709,0.835064488057172,0.8781232763244143,0.998338382918324,0.9987717164916,0.8827,0.5866366340636334,0.6765660733736509,0.0,0.0,48000,08,480000
205818_vit_small_patch32_224,205818,128,0.025,10,SGD,vit_small_patch32_224,650.5745168731082,77905.33622856108,0.8331,0.88,0.8405988073958395,0.87977255070084,0.832677965961849,0.879986586828029,0.9983141401175216,0.9987878778556176,0.8786,0.5821436963638897,0.6804596775715908,0.0,0.0,48000,08,480000
205819_vit_small_patch32_224,205819,128,0.025,10,SGD,vit_small_patch32_224,644.9360129481647,77388.1239259584,0.8437,0.8815,0.8491102683595899,0.8820348343654756,0.8447594706377594,0.8823060818395217,0.9984212110253324,0.9988030294721812,0.8831,0.6042254449343077,0.6851839440994485,0.0,0.0,48000,08,480000
20582_vit_small_patch32_224,20582,128,0.025,10,SGD,vit_small_patch32_224,648.3948369340505,77514.18254930952,0.8408,0.8831,0.8471104497227349,0.8827368095115317,0.8409095381186715,0.8835061066336479,0.9983919177937858,0.9988191908925476,0.8825,0.5979750686166397,0.6879193969686597,0.0,0.0,48000,08,480000
205820_vit_small_patch32_224,205820,128,0.025,10,SGD,vit_small_patch32_224,640.5517644488718,76908.7589300514,0.8325,0.8828,0.8385527195094327,0.882621076673871,0.8329798523174964,0.8822423101935374,0.9983080794403684,0.9988161606591712,0.8817,0.5805153353529557,0.6866098994083683,0.0,0.0,48000,08,480000
20583_vit_small_patch32_224,20583,128,0.025,10,SGD,vit_small_patch32_224,648.2747133900411,77493.66372692748,0.8449,0.883,0.8479685705495068,0.8824949833879892,0.8446383807699002,0.8827419288107915,0.9984333318961636,0.9988181807340502,0.883,0.6041919700615126,0.6870575922710381,0.0,0.0,48000,08,480000
20584_vit_small_patch32_224,20584,128,0.025,10,SGD,vit_small_patch32_224,632.8167427531444,76333.43682626545,0.8314,0.8793,0.837663993766045,0.8791319023087689,0.8321643184003829,0.8795458896951844,0.9982969684188422,0.9987808071658022,0.8821,0.5785604079330762,0.6790782252973525,0.0,0.0,48000,08,480000
20585_vit_small_patch32_224,20585,128,0.025,10,SGD,vit_small_patch32_224,650.8467557909898,77723.82017947872,0.8376,0.8829,0.8497258091431367,0.8835496044152028,0.8391004153495577,0.8836219734167046,0.9983595942630236,0.9988171704938426,0.8828,0.5962335500174928,0.6884857571484378,0.0,0.0,48000,08,480000
20586_vit_small_patch32_224,20586,128,0.025,10,SGD,vit_small_patch32_224,644.0174141360912,76946.28321666311,0.8418,0.8781,0.8459377524861554,0.8787666534594244,0.8416269504557163,0.8782300450336689,0.9984020192247388,0.998768686115649,0.8847,0.5983735844734556,0.6768473826609985,0.0,0.0,48000,08,480000
20587_vit_small_patch32_224,20587,128,0.025,10,SGD,vit_small_patch32_224,644.6828819289804,77208.16182811631,0.8289,0.8809,0.836241120352885,0.8814389683905006,0.8295491367325646,0.8811353737663665,0.9982717159793304,0.9987969688669682,0.8842,0.5740167177090125,0.6833429356220376,0.0,0.0,48000,08,480000
20588_vit_small_patch32_224,20588,128,0.025,10,SGD,vit_small_patch32_224,645.6221593411174,77315.76386132976,0.8413,0.8848,0.8472643157593573,0.8834901052816002,0.8400169113426281,0.8834157270508709,0.9983969684170994,0.9988363627073086,0.8823,0.5978071259353233,0.6897731338946972,0.0,0.0,48000,08,480000
20589_vit_small_patch32_224,20589,128,0.025,10,SGD,vit_small_patch32_224,643.280505286064,77106.51116891208,0.8364,0.8845,0.8454117306493822,0.8845701545980924,0.8365444577541515,0.8845352888922866,0.9983474735505496,0.998833332488316,0.8805,0.5905450632635114,0.6912550392295548,0.0,0.0,48000,08,480000
20591_vit_small_patch32_224,20591,128,0.02,10,SGD,vit_small_patch32_224,648.5148058061022,77682.4419191328,0.8338,0.879,0.8357300192620734,0.8780900295272928,0.8332625237235094,0.8778386609007307,0.9983212108402486,0.998777776845187,0.8792,0.5796689542664263,0.6767238694845812,0.0,0.0,48000,08,480000
205910_vit_small_patch32_224,205910,128,0.02,10,SGD,vit_small_patch32_224,641.6605832718778,77076.77264074008,0.8358,0.881,0.8406974863670774,0.8800736286274937,0.8350305397662697,0.8804642449409741,0.9983414128247724,0.9987979788437752,0.88,0.585765193069253,0.6818428568455275,0.0,0.0,48000,08,480000
205911_vit_small_patch32_224,205911,128,0.02,10,SGD,vit_small_patch32_224,654.1442689690739,78209.23221806005,0.8312,0.8872,0.8406466103991228,0.8876189881440867,0.8329466826477989,0.8878099160772048,0.9982949478872566,0.998860604986271,0.8789,0.5810253445229648,0.6983497687206702,0.0,0.0,48000,08,480000
205912_vit_small_patch32_224,205912,128,0.02,10,SGD,vit_small_patch32_224,637.2756131067872,76808.58283891655,0.8451,0.8781,0.8479884339241219,0.877543544171406,0.8462672362179098,0.8784484796581163,0.9984353521722528,0.998768685795982,0.8825,0.6055158386728613,0.676073426146017,0.0,0.0,48000,08,480000
205913_vit_small_patch32_224,205913,128,0.02,10,SGD,vit_small_patch32_224,649.3318374680821,77617.41933984192,0.8315,0.8777,0.8392755600003398,0.8780907133182732,0.832495958719764,0.8786242461698983,0.9982979785287678,0.9987646455434324,0.88,0.5799748425734086,0.6763193714540208,0.0,0.0,48000,08,480000
205914_vit_small_patch32_224,205914,128,0.02,10,SGD,vit_small_patch32_224,651.7933651979547,77880.57042891816,0.8361,0.8777,0.8423423349160565,0.8773067082256144,0.8351413104051869,0.8774035479977289,0.9983444430849148,0.9987646454501836,0.8802,0.5872015905662707,0.6747767270683827,0.0,0.0,48000,08,480000
205915_vit_small_patch32_224,205915,128,0.02,10,SGD,vit_small_patch32_224,643.3924124201294,77138.2372965606,0.8434,0.8805,0.8453520509524285,0.8805180857894279,0.8425542679313445,0.8800901313659806,0.998418180649551,0.998792928401158,0.8804,0.5997656248578721,0.681506890314156,0.0,0.0,48000,08,480000
205916_vit_small_patch32_224,205916,128,0.02,10,SGD,vit_small_patch32_224,638.9803584208712,76884.74776595412,0.8306,0.8781,0.836168166762596,0.878891456284474,0.8312706884982002,0.8783468441225327,0.9982888875921342,0.998768685935544,0.8839,0.5763472966377075,0.6770335379424326,0.0,0.0,48000,08,480000
205917_vit_small_patch32_224,205917,128,0.02,10,SGD,vit_small_patch32_224,632.6316436559428,76658.6569755924,0.8358,0.8778,0.8435229734939063,0.87814840008794,0.8357130074594055,0.8774310568098889,0.9983414132230322,0.9987656558821836,0.8862,0.5882142353993798,0.6755229267314349,0.0,0.0,48000,08,480000
205918_vit_small_patch32_224,205918,128,0.02,10,SGD,vit_small_patch32_224,642.7799068880267,77094.59438347055,0.8373,0.8823,0.843400575444922,0.8821060947087715,0.8366703332676515,0.8823055363102987,0.9983565643925748,0.9988111101967184,0.8803,0.5898682655029426,0.6858663103063386,0.0,0.0,48000,08,480000
205919_vit_small_patch32_224,205919,128,0.02,10,SGD,vit_small_patch32_224,652.1646053439472,77935.36079290824,0.8441,0.877,0.8487848175353614,0.8774991203142125,0.8452324423651774,0.8779057254700443,0.9984252514321776,0.9987575748951752,0.8792,0.6046209862168765,0.674767645951182,0.0,0.0,48000,08,480000
20592_vit_small_patch32_224,20592,128,0.02,10,SGD,vit_small_patch32_224,641.6221028419677,77230.14876847295,0.8398,0.8789,0.8442906310297567,0.8788415782882208,0.8402134098609845,0.8793153280831786,0.9983818167749025,0.998776766613238,0.8856,0.5947769255460488,0.6783645350707079,0.0,0.0,48000,08,480000
205920_vit_small_patch32_224,205920,128,0.02,10,SGD,vit_small_patch32_224,647.804814588977,77558.05388110176,0.8345,0.879,0.8399567898903993,0.8785855694598801,0.8348666319914451,0.8787239938401068,0.9983282814769012,0.9987777767897584,0.8776,0.5842164265420764,0.6777886570743429,0.0,0.0,48000,08,480000
20593_vit_small_patch32_224,20593,128,0.02,10,SGD,vit_small_patch32_224,647.7703972260933,77690.54214740737,0.8471,0.8838,0.8494846545480766,0.8833341932896813,0.8466243237092175,0.8832036034326711,0.9984555541387714,0.9988262615495438,0.8815,0.6082886297482184,0.6886995893256046,0.0,0.0,48000,08,480000
20594_vit_small_patch32_224,20594,128,0.02,10,SGD,vit_small_patch32_224,654.9158086110838,78190.83928779805,0.8339,0.8757,0.8398309317257251,0.8755317549277584,0.8348549969821794,0.8761128346258187,0.9983222209630468,0.9987444435021476,0.8778,0.5836972251673818,0.6708750963897874,0.0,0.0,48000,08,480000
20595_vit_small_patch32_224,20595,128,0.02,10,SGD,vit_small_patch32_224,642.5951956370845,77106.24069746184,0.8395,0.8813,0.8513059136612051,0.8819511405898804,0.8411231685031929,0.881879176220442,0.9983787862020644,0.998801008860966,0.8801,0.6001520457671646,0.6846306790290569,0.0,0.0,48000,08,480000
20596_vit_small_patch32_224,20596,128,0.02,10,SGD,vit_small_patch32_224,636.3005763769615,76825.9530682686,0.8377,0.8778,0.8406500856457114,0.8782100980584573,0.8374569034016609,0.8779255635165625,0.9983606050579968,0.9987656558107654,0.8805,0.5887808544877432,0.6759511294829494,0.0,0.0,48000,08,480000
20597_vit_small_patch32_224,20597,128,0.02,10,SGD,vit_small_patch32_224,634.4591811068822,76644.6654150396,0.8292,0.8832,0.836625570520949,0.8838922847595423,0.8299884252085813,0.8833738294917165,0.9982747462844516,0.998820201206229,0.8794,0.5747944263215813,0.6887954184644752,0.0,0.0,48000,08,480000
20598_vit_small_patch32_224,20598,128,0.02,10,SGD,vit_small_patch32_224,645.1448889339808,77456.73589447032,0.8378,0.8848,0.8434103256356293,0.8835394229812755,0.8363268137866665,0.8834024829162899,0.9983616148535192,0.9988363627073086,0.8815,0.5899879825678245,0.6898012964024048,0.0,0.0,48000,08,480000
20599_vit_small_patch32_224,20599,128,0.02,10,SGD,vit_small_patch32_224,639.3195951331872,76953.5616724488,0.8368,0.8808,0.8423049678267911,0.8807961274157908,0.8369888745912509,0.8812863528918287,0.9983515139575164,0.9987959587238724,0.8794,0.588971391217778,0.6828833499243291,0.0,0.0,48000,08,480000
306114_vit_b_16,306114,128,0.03,10,SGD,vit_b_16,1982.5353165010456,406566.49781425967,0.7616,0.8702,0.7725149676574757,0.8701602277258274,0.7613179582318184,0.8698796098681402,0.9975919172144216,0.9986888878122144,0.876,0.4468408137230362,0.6578209139142989,0.0,0.0,48000,08,480000
306114_vit_b_16,306114,128,0.03,10,SGD,vit_b_16,1982.576116807002,404258.3180894009,0.7616,0.8702,0.7725149676574757,0.8701602277258274,0.7613179582318184,0.8698796098681402,0.9975919172144216,0.9986888878122144,0.876,0.4468408137230362,0.6578209139142989,0.0,0.0,48000,08,480000
306115_vit_b_16,306115,128,0.03,10,SGD,vit_b_16,2005.803599680076,409136.5492938133,0.7749,0.869,0.782235343567753,0.8691717319314446,0.7742205746490112,0.8688198335247748,0.9977262609464492,0.9986767666991776,0.875,0.4682299690858887,0.6553601692534116,0.0,0.0,48000,08,480000
306115_vit_b_16,306115,128,0.03,10,SGD,vit_b_16,1994.511165879987,405997.9685854636,0.7749,0.869,0.782235343567753,0.8691717319314446,0.7742205746490112,0.8688198335247748,0.9977262609464492,0.9986767666991776,0.875,0.4682299690858887,0.6553601692534116,0.0,0.0,48000,08,480000
306311_vit_b_16,306311,64,0.03,10,SGD,vit_b_16,2039.418905793922,416844.9177303956,0.7717,0.8824,0.7885548570008103,0.8831527547722245,0.7724525055600178,0.8826125837205225,0.9976939372195536,0.9988121200920698,0.8758,0.4689748256669934,0.6869976414656157,0.0,0.0,48000,08,480000
306311_vit_b_16,306311,64,0.03,10,SGD,vit_b_16,2025.850652021996,413357.0845380531,0.7717,0.8824,0.7885548570008103,0.8831527547722245,0.7724525055600178,0.8826125837205225,0.9976939372195536,0.9988121200920698,0.8758,0.4689748256669934,0.6869976414656157,0.0,0.0,48000,08,480000
306312_vit_b_16,306312,64,0.03,10,SGD,vit_b_16,2029.37742246408,415756.81696764927,0.7844,0.8782,0.7962459057249223,0.8783986684096955,0.7848253902596157,0.8788990288693758,0.997822220324969,0.998769695897872,0.8754,0.4891150349222995,0.6771571100939053,0.0,0.0,48000,08,480000
306312_vit_b_16,306312,64,0.03,10,SGD,vit_b_16,2027.4207651840115,413599.8826494986,0.7844,0.8782,0.7962459057249223,0.8783986684096955,0.7848253902596157,0.8788990288693758,0.997822220324969,0.998769695897872,0.8754,0.4891150349222995,0.6771571100939053,0.0,0.0,48000,08,480000
306313_vit_b_16,306313,64,0.03,10,SGD,vit_b_16,2035.807225544937,415999.6619271336,0.7692,0.8739,0.7834126431837122,0.8753537194232516,0.7706178454208288,0.8750015706295632,0.9976686851302056,0.998726261676425,0.8772,0.4632924836786866,0.6684987864800224,0.0,0.0,48000,08,480000
306313_vit_b_16,306313,64,0.03,10,SGD,vit_b_16,2032.049246167008,413862.8033542712,0.7692,0.8739,0.7834126431837122,0.8753537194232516,0.7706178454208288,0.8750015706295632,0.9976686851302056,0.998726261676425,0.8772,0.4632924836786866,0.6684987864800224,0.0,0.0,48000,08,480000
306314_vit_b_16,306314,64,0.03,10,SGD,vit_b_16,2039.5922887329943,417089.6147639602,0.789,0.8754,0.8034820734894658,0.87525135780076,0.7892735079290476,0.8751654832470684,0.9978686851184688,0.9987414131078732,0.8751,0.4992914333599421,0.669703509001643,0.0,0.0,48000,08,480000
306314_vit_b_16,306314,64,0.03,10,SGD,vit_b_16,2032.3244299289945,414126.694674869,0.789,0.8754,0.8034820734894658,0.87525135780076,0.7892735079290476,0.8751654832470684,0.9978686851184688,0.9987414131078732,0.8751,0.4992914333599421,0.669703509001643,0.0,0.0,48000,08,480000
306315_vit_b_16,306315,64,0.03,10,SGD,vit_b_16,2044.0083190011792,418255.5942279245,0.7788,0.8731,0.7888677981922015,0.8735678450233968,0.7771588383414829,0.8728710430180608,0.9977656549149468,0.9987181808711876,0.877,0.4763964452925555,0.6648959234045643,0.0,0.0,48000,08,480000
306315_vit_b_16,306315,64,0.03,10,SGD,vit_b_16,2034.7669997869816,414276.60767400975,0.7788,0.8731,0.7888677981922015,0.8735678450233968,0.7771588383414829,0.8728710430180608,0.9977656549149468,0.9987181808711876,0.877,0.4763964452925555,0.6648959234045643,0.0,0.0,48000,08,480000
306317_vit_b_16,306317,64,0.03,10,SGD,vit_b_16,2039.7879254550207,417477.4914232577,0.7841,0.874,0.7945576642403723,0.8745544282749068,0.7848542817731768,0.874771751076852,0.9978191907116484,0.998727272022546,0.88,0.487907797971848,0.6677900363946238,0.0,0.0,48000,08,480000
306317_vit_b_16,306317,64,0.03,10,SGD,vit_b_16,2030.970163350983,413896.9373325806,0.7841,0.874,0.7945576642403723,0.8745544282749068,0.7848542817731768,0.874771751076852,0.9978191907116484,0.998727272022546,0.88,0.487907797971848,0.6677900363946238,0.0,0.0,48000,08,480000
306318_vit_b_16,306318,64,0.03,10,SGD,vit_b_16,2041.4175863801504,417990.9957791109,0.7775,0.8772,0.7923797855809263,0.877295088152202,0.7787369229658535,0.8772801143723344,0.9977525235239578,0.998759595005582,0.8745,0.4786823198277645,0.6742851117740801,0.0,0.0,48000,08,480000
306318_vit_b_16,306318,64,0.03,10,SGD,vit_b_16,2037.1951870860064,414156.7296528113,0.7775,0.8772,0.7923797855809263,0.877295088152202,0.7787369229658535,0.8772801143723344,0.9977525235239578,0.998759595005582,0.8745,0.4786823198277645,0.6742851117740801,0.0,0.0,48000,08,480000
306319_vit_b_16,306319,64,0.03,10,SGD,vit_b_16,2033.515151384985,416753.7516817934,0.7818,0.879,0.7924173378864923,0.8802478224783898,0.7830065829416901,0.8797807508901084,0.9977959580660754,0.9987777769294002,0.8768,0.4840127353509458,0.6798876630455504,0.0,0.0,48000,08,480000
306319_vit_b_16,306319,64,0.03,10,SGD,vit_b_16,2029.9193701329928,413283.6170567053,0.7818,0.879,0.7924173378864923,0.8802478224783898,0.7830065829416901,0.8797807508901084,0.9977959580660754,0.9987777769294002,0.8768,0.4840127353509458,0.6798876630455504,0.0,0.0,48000,08,480000
333_vit_b_16,333,128,0.03,10,SGD,vit_b_16,1984.046183489961,407186.6810170965,0.7757,0.8737,0.7814779392296184,0.8733117891328311,0.7738453936187756,0.8724548960745541,0.9977343417055822,0.9987242414508026,0.8728,0.4680364068244033,0.664844735447918,0.0,0.0,48000,08,480000
3332_vit_b_16,3332,128,0.03,10,SGD,vit_b_16,2013.0232881279665,410267.68490210944,0.759,0.8757,0.7711967149537096,0.8762816704246138,0.7604754446481686,0.8756954931179045,0.9975656544491356,0.9987444433528112,0.8766,0.4440517956166845,0.6711298690602485,0.0,0.0,48000,08,480000
334_vit_b_16,334,128,0.02,10,SGD,vit_b_16,1999.505530672148,408379.7558273119,0.7676,0.8728,0.7710870700213366,0.8725810992256009,0.7652005252738381,0.871682445076428,0.9976525234613344,0.9987151505347752,0.8728,0.4518486110747272,0.6630106081038999,0.0,0.0,48000,08,480000
3342_vit_b_16,3342,128,0.02,10,SGD,vit_b_16,1986.8429297530088,407156.10582670814,0.7526,0.8676,0.7571865238315677,0.8677536845452594,0.7544046794671334,0.8676815547224388,0.9975010079282828,0.998662625099857,0.8696,0.4288296511216847,0.6523717882164081,0.0,0.0,48000,08,480000
335_vit_b_16,335,128,0.01,10,SGD,vit_b_16,1994.0530377670657,408302.5177544925,0.717,0.8646,0.7213759317059159,0.8643780301327173,0.7140287522039154,0.863532029726553,0.9971414119602308,0.9986323221887464,0.8609,0.3682589047641113,0.6444704669479424,0.0,0.0,48000,08,480000
3352_vit_b_16,3352,128,0.04,10,SGD,vit_b_16,2001.364242000971,409485.83843438135,0.7828,0.8799,0.7928922206862212,0.8802947638001233,0.7835557613992878,0.8800519580417344,0.9978060586985568,0.998786867632121,0.8772,0.4852672906834658,0.6808360968556902,0.0,0.0,48000,08,480000
336_vit_b_16,336,128,0.04,10,SGD,vit_b_16,2003.743216627976,409662.0049806237,0.7805,0.8737,0.7880638517448414,0.8729710959459172,0.7784857545923661,0.8725747951906974,0.9977828265910624,0.9987242414508026,0.8733,0.477772346407419,0.6646767008314816,0.0,0.0,48000,08,480000
3362_vit_b_16,3362,128,0.03,10,SGD,vit_b_16,2094.2352770189755,430285.1165145231,0.6923,0.8757,0.7042399977213172,0.8760092478813455,0.6925017074016264,0.875889440885545,0.9968919164896224,0.9987444433528112,0.874,0.3365766178385385,0.6710698197280683,0.0,0.1,48000,08,480000
3363_vit_b_16,3363,128,0.03,10,SGD,vit_b_16,2080.111522537889,429349.6586751577,0.7172,0.8751,0.7294355074631287,0.8756385622764477,0.7183719783073793,0.8745812718833824,0.9971434317229858,0.99873838268105,0.8726,0.3747435763982708,0.6693210395714263,0.0,0.1,48000,08,480000
337_vit_b_16,337,128,0.03,10,SGD,vit_b_16,2088.5393630890176,429927.9284469762,0.7016,0.8762,0.7114457377439207,0.8752824674668348,0.6990675476817063,0.87429406385707,0.9969858562859818,0.9987494939953234,0.8713,0.3478880421435683,0.6696773034165573,0.0,0.1,48000,08,480000
3372_vit_b_16,3372,128,0.03,10,SGD,vit_b_16,2095.946327243932,430383.13979612506,0.746,0.8778,0.7531981238823855,0.8780885669929448,0.7473011187281502,0.8780614544851957,0.997434341203653,0.9987656554924662,0.8777,0.4188205725405461,0.67596220138739,0.0,0.05,48000,08,480000
3373_vit_b_16,3373,128,0.03,10,SGD,vit_b_16,2089.468834263971,430032.29287628375,0.7478,0.8801,0.7542447512768996,0.8799302811432067,0.7492526867678561,0.8795704948264378,0.997452522915619,0.9987888877778854,0.8785,0.4215201106645154,0.6803378587128398,0.0,0.05,48000,08,480000
338_vit_b_16,338,128,0.03,10,SGD,vit_b_16,2087.38972949679,429591.1760192459,0.754,0.8792,0.7571100396261717,0.8782038791285766,0.7511971209601517,0.8777261214121258,0.9975151496191405,0.9987797970487486,0.8747,0.4277635408461708,0.6768801882542358,0.0,0.05,48000,08,480000
339_vit_b_16,339,72,0.03,10,SGD,vit_b_16,2036.4048868000973,417351.15879992855,0.7623,0.875,0.7776273702959431,0.8740249622984306,0.7612404173036225,0.8738027026642342,0.9975989880669498,0.9987373727739534,0.8772,0.4501687010967156,0.6674159395764179,0.0,0.0,48000,08,480000
3392_vit_b_16,3392,72,0.03,10,SGD,vit_b_16,2041.4283545471264,417840.69145167794,0.791,0.8758,0.804179997622413,0.876718925574581,0.7912883362848323,0.8761740283043299,0.9978888870533996,0.9987454534546998,0.8761,0.5022809425410877,0.6719090852455691,0.0,0.0,48000,08,480000
340_vit_b_16,340,96,0.03,10,SGD,vit_b_16,2023.4406073060816,414376.7693924149,0.7799,0.8784,0.7842346975916671,0.8776978052989648,0.7784526549768941,0.8771274808712881,0.9977767659803772,0.998771716234502,0.8745,0.4750622973482351,0.675408143466603,0.0,0.0,48000,08,480000
3402_vit_b_16,3402,96,0.03,10,SGD,vit_b_16,2015.3470246428624,413513.1258282375,0.7868,0.8764,0.7965044201676282,0.8772715872384227,0.7871725916755591,0.8767494577247374,0.99784646277409,0.9987515140660296,0.8777,0.4922505700649516,0.6732391908225921,0.0,0.0,48000,08,480000
326_vit_l_32,326,128,0.03,10,SGD,vit_l_32,1796.7424304999877,357680.0924644147,0.786,0.8634,0.7871480304741318,0.8622330864275188,0.7834141242591519,0.8619330020560823,0.9978383821890084,0.9986202009673764,0.8664,0.4836492978478376,0.6407824150110664,0.0,0.0,48000,08,480000
3262_vit_l_32,3262,128,0.03,10,SGD,vit_l_32,1769.138133896049,351063.52399410296,0.7844,0.8638,0.7887442468785073,0.8638890129290447,0.7862251528423472,0.86437042565003,0.99782222032877,0.9986242412281008,0.8645,0.4853710777425309,0.6441294467497622,0.0,0.0,48000,08,480000
327_vit_l_32,327,128,0.02,10,SGD,vit_l_32,1761.4269658499395,351304.0203740627,0.7666,0.8624,0.7677278449769149,0.8615712005948097,0.7640848003380405,0.8609489782024897,0.997642422443526,0.998610099949568,0.8617,0.4486344053130249,0.6388123306761472,0.0,0.0,48000,08,480000
3272_vit_l_32,3272,128,0.02,10,SGD,vit_l_32,1782.341247271048,353216.13762172713,0.7774,0.8596,0.7781978599199487,0.8600348299185789,0.7791275872521779,0.8601911170912966,0.9977515131965872,0.998581816948791,0.8598,0.4702897849146636,0.6350253372301592,0.0,0.0,48000,08,480000
328_vit_l_32,328,128,0.04,10,SGD,vit_l_32,1767.081574456999,351372.2478182356,0.786,0.8657,0.7876248761643753,0.8639808194311139,0.7839853460793232,0.864112580577642,0.9978383821890082,0.9986434333083356,0.8685,0.4842951510008773,0.6454346806704446,0.0,0.0,48000,08,480000
3282_vit_l_32,3282,128,0.04,10,SGD,vit_l_32,1768.699205241166,351659.9071418951,0.7822,0.8691,0.7891542300074503,0.8697310275537378,0.7836857985769925,0.8693637386859795,0.997799998087227,0.998677776628182,0.8707,0.482686526175943,0.6562685935704395,0.0,0.0,48000,08,480000
329_vit_l_32,329,128,0.03,10,SGD,vit_l_32,1829.401133310981,364891.9698702767,0.7429,0.8753,0.7455464062020225,0.8737662031030788,0.7402656098552662,0.8733692045062987,0.9974030283214677,0.998740403079296,0.8743,0.4089434871475866,0.6671180085973748,0.0,0.1,48000,08,480000
3292_vit_l_32,3292,128,0.03,10,SGD,vit_l_32,1831.734563108068,365188.70565650985,0.7478,0.8775,0.7552816083237165,0.878041811051268,0.7478208374426911,0.8778708528404696,0.997452523037643,0.9987626251868011,0.8731,0.4212929248744728,0.6755464777887682,0.0,0.1,48000,08,480000
3293_vit_l_32,3293,128,0.03,10,SGD,vit_l_32,1831.0239614688328,365637.74188330007,0.7422,0.8769,0.7471800461778834,0.8758776026393881,0.7429254408496966,0.876268735592349,0.9973959572071632,0.998756564515911,0.8739,0.4109216748154156,0.6721875349591666,0.0,0.1,48000,08,480000
330_vit_l_32,330,128,0.03,10,SGD,vit_l_32,1832.0911582859696,365387.19807398616,0.7705,0.876,0.7700645632118213,0.8744000872376855,0.767916084320842,0.8742449256822197,0.9976818164129784,0.998747473791762,0.8768,0.4545750578156906,0.6688105459148739,0.0,0.05,48000,08,480000
3302_vit_l_32,3302,128,0.03,10,SGD,vit_l_32,1825.9242118999828,364673.17127397313,0.7772,0.8783,0.7793184307114429,0.8784650293060844,0.7783237260975332,0.8786406015766235,0.9977494929928108,0.998770706001908,0.8761,0.4703590716545184,0.6770869198894651,0.0,0.05,48000,08,480000
3303_vit_l_32,3303,128,0.03,10,SGD,vit_l_32,1824.073651739164,365313.5799012504,0.767,0.88,0.771066514213478,0.878923795063514,0.7676542040856252,0.8792478561430318,0.9976464624874672,0.9987878776759488,0.8754,0.4529283515034034,0.6792325269437692,0.0,0.05,48000,08,480000
331_vit_l_32,331,72,0.03,10,SGD,vit_l_32,1823.096558206016,361442.853917946,0.7942,0.8667,0.7993602188521598,0.8656223054859781,0.793191678810127,0.8652790818500307,0.997921210535037,0.998653534326144,0.8686,0.5025124394745408,0.6482884489975717,0.0,0.0,48000,08,480000
3312_vit_l_32,3312,72,0.03,10,SGD,vit_l_32,1838.7835254329257,363199.9195652184,0.7762,0.8713,0.7854206110353236,0.8716354762673937,0.7768872037946906,0.8717632830527532,0.9977393919739274,0.998699998869725,0.8683,0.4725535384503356,0.6612051612375789,0.0,0.0,48000,08,480000
332_vit_l_32,332,96,0.03,10,SGD,vit_l_32,1792.8713175198063,354699.8964083336,0.7876,0.8659,0.7897694471293323,0.8644564116783144,0.7859491508683036,0.86436922531367,0.9978545438175016,0.9986454535118974,0.8684,0.4878291238092641,0.6461323190053397,0.0,0.0,48000,08,480000
3322_vit_l_32,3322,96,0.03,10,SGD,vit_l_32,1799.504208290018,355911.17370006815,0.7921,0.8691,0.7992556729458523,0.8691791566439455,0.7938257893071404,0.8696267767493705,0.9978999981741712,0.998677776628182,0.8696,0.5015081169305123,0.6560506082726018,0.0,0.0,48000,08,480000
3411_vit_l_32,3411,64,0.03,10,SGD,vit_l_32,1831.4590718250256,362634.4258842032,0.7994,0.8685,0.8031889535138856,0.8673978556303745,0.7986672864708898,0.8671869004244112,0.9979737358276404,0.9986717161581988,0.8692,0.5117606375056528,0.6524145319587634,0.0,0.0,48000,08,480000
3412_vit_l_32,3412,64,0.03,10,SGD,vit_l_32,1823.3483356519137,360635.3615554751,0.8059,0.8719,0.8137271581396402,0.8720634990813352,0.8063577679602737,0.8726100911742001,0.99803939223476,0.9987060594810552,0.8731,0.5277587272017203,0.6626324540409134,0.0,0.0,48000,08,480000
306111_vit_b_16,306111,128,0.03,10,SGD,vit_b_16,1977.5644926639943,402718.9599329789,0.7789,0.8781,0.7888718065883977,0.878275270270187,0.780850734001706,0.8784320870007923,0.9977666645608556,0.998768685707681,0.8769,0.4787239462673926,0.6766245327737803,0.0,0.0,48000,08,480000
306112_vit_b_16,306112,128,0.03,10,SGD,vit_b_16,1990.472853048996,404615.2337434591,0.7814,0.8723,0.788101762705826,0.8721010750255762,0.7818785620649433,0.8729406535331031,0.9977919172682664,0.9987100998863572,0.8744,0.4804353920491866,0.6632188414041601,0.0,0.0,48000,08,480000
305911_vit_b_32,305911,256,0.03,10,SGD,vit_b_32,904.2283094769956,149886.71236414657,0.6525,0.8582,0.6768771052406692,0.8587370868715664,0.6573445003340664,0.8581769253736524,0.996489895680223,0.9985676754171384,0.8602,0.2893052227032677,0.6315432041126726,0.0,0.0,48000,08,480000
305912_vit_b_32,305912,256,0.03,10,SGD,vit_b_32,902.9296408100054,149691.58250237314,0.679,0.8569,0.6988682710166819,0.857672864232939,0.6799911819490455,0.8573194941858739,0.9967575729328156,0.9985545441952832,0.8613,0.3216310161243326,0.6291675336034239,0.0,0.0,48000,08,480000
305913_vit_b_32,305913,256,0.03,10,SGD,vit_b_32,886.8257142360089,147744.9140330747,0.6579,0.8569,0.6776020274222706,0.8579440643186005,0.662513312497041,0.857765462633276,0.9965444418676054,0.9985545443766568,0.8637,0.2943241265008283,0.6296938690947911,0.0,0.0,48000,08,480000
305914_vit_b_32,305914,256,0.03,10,SGD,vit_b_32,899.2788853670063,149107.57360935374,0.6828,0.8577,0.7071480220815849,0.8576246594471568,0.6829836684090327,0.857762520797845,0.996795956964826,0.998562625082266,0.8607,0.3287156870822797,0.6300500394391435,0.0,0.0,48000,08,480000
305915_vit_b_32,305915,256,0.03,10,SGD,vit_b_32,910.6258619360016,150286.28456049802,0.6583,0.8559,0.6669582516683047,0.8562991689581235,0.6608202245215711,0.8554671872135984,0.9965484822985412,0.9985444433690952,0.8601,0.289137394660373,0.6260648255735027,0.0,0.0,48000,08,480000
305916_vit_b_32,305916,256,0.03,10,SGD,vit_b_32,911.8718708410016,150553.96905113352,0.651,0.8561,0.6636153281961147,0.8559122656957652,0.6521835638451965,0.8559785968108231,0.9964747448031572,0.9985464635449122,0.8607,0.2807589071072779,0.6263036325725552,0.0,0.0,48000,08,480000
305917_vit_b_32,305917,256,0.03,10,SGD,vit_b_32,905.9782903649902,150023.89405366956,0.6593,0.8555,0.6835320100060219,0.8557059988882425,0.660416314126071,0.8558656475321388,0.9965585839530272,0.9985404032322056,0.8621,0.2965941362192739,0.625627496368028,0.0,0.0,48000,08,480000
305918_vit_b_32,305918,256,0.03,10,SGD,vit_b_32,904.7772144140037,149882.93251421436,0.6534,0.8597,0.6734172772032924,0.8589124277517027,0.6546037294808837,0.8595700815865612,0.9964989872063093,0.9985828271928596,0.8639,0.2870243364008553,0.6338130799817865,0.0,0.0,48000,08,480000
305919_vit_b_32,305919,256,0.03,10,SGD,vit_b_32,901.8502714589996,149442.87096924623,0.6744,0.8589,0.6946098102009408,0.8597410373032024,0.6770759223727483,0.8600271495714717,0.996711108828204,0.9985747464854408,0.8596,0.316129586355285,0.6341660668031549,0.0,0.0,48000,08,480000
306011_vit_b_32,306011,64,0.03,10,SGD,vit_b_32,930.5819241279968,153527.92616173823,0.7152,0.858,0.739731744361529,0.85833827820017,0.7162043821503584,0.8587771802936882,0.9971232296107266,0.9985656552132136,0.8616,0.3778222846599683,0.6315429464566681,0.0,0.0,48000,08,480000
306012_vit_b_32,306012,64,0.03,10,SGD,vit_b_32,946.5919599129992,156095.64215037756,0.7319,0.8562,0.7563810362848524,0.8569787208789026,0.7314569958843802,0.856680165748285,0.9972919168326724,0.9985474734820524,0.8601,0.4038345535724931,0.6276719068202358,0.0,0.0,48000,08,480000
306013_vit_b_32,306013,64,0.03,10,SGD,vit_b_32,925.6146597939952,152884.05022934603,0.7298,0.8586,0.7483431559424006,0.8592814108310505,0.7295963177191876,0.8593764321040428,0.9972707050354486,0.9985717161066338,0.8605,0.3973748210584713,0.6331243266252636,0.0,0.0,48000,08,480000
306014_vit_b_32,306014,64,0.03,10,SGD,vit_b_32,924.2996965380008,153110.120253804,0.7147,0.8553,0.7566181616246951,0.8551998838032939,0.7141501909284507,0.8553430575325502,0.9971181794516548,0.998538382638116,0.8611,0.3850673842911129,0.6247283337482319,0.0,0.0,48000,08,480000
306015_vit_b_32,306015,64,0.03,10,SGD,vit_b_32,938.2617022640044,154568.5775691505,0.7386,0.8549,0.7534284107110585,0.8550066859997199,0.7377952046662339,0.8548346101094872,0.997359594008893,0.9985343423515316,0.8593,0.4094858451935554,0.6239214710902807,0.0,0.0,48000,08,480000
306016_vit_b_32,306016,64,0.03,10,SGD,vit_b_32,938.4873407080012,154771.29061223616,0.7392,0.8556,0.754066258296697,0.8558538146773006,0.7399549917444911,0.855901146090118,0.9973656545692362,0.998541413036034,0.8599,0.4113686385168868,0.625835300193714,0.0,0.0,48000,08,480000
306017_vit_b_32,306017,64,0.03,10,SGD,vit_b_32,933.992272716001,153908.77741351596,0.7477,0.8563,0.761616869292234,0.8564583933435012,0.7492263024055928,0.8567986254985068,0.9974515137403838,0.9985484840447608,0.8624,0.4255677846395448,0.6274514563406588,0.0,0.0,48000,08,480000
306018_vit_b_32,306018,64,0.03,10,SGD,vit_b_32,922.835043441999,152689.68437822675,0.7364,0.8637,0.7596483037569283,0.8632654485810849,0.737218739967456,0.8634161345836482,0.9973373716895068,0.9986232312643392,0.8605,0.4113057790716118,0.6428787987800222,0.0,0.0,48000,08,480000
306019_vit_b_32,306019,64,0.03,10,SGD,vit_b_32,936.0773101980012,154356.831438435,0.7172,0.8565,0.7467017160072147,0.8571540679616583,0.7188232995967188,0.8577753022426584,0.9971434323606146,0.9985505040443712,0.86,0.3838550062800668,0.6288250451271399,0.0,0.0,48000,08,480000
306411_vit_b_32,306411,128,0.03,10,SGD,vit_b_32,912.6718443629944,149130.60034265748,0.7234,0.8617,0.7433959648503126,0.8616616952570202,0.7251123941612634,0.8620764296646738,0.9972060579716536,0.9986030289858268,0.8616,0.3888561217893982,0.6391922932817626,0.0,0.0,48000,08,480000
306412_vit_b_32,306412,128,0.03,10,SGD,vit_b_32,899.8019691189984,148524.49819523987,0.7509,0.8587,0.7651844424959497,0.8592038719023831,0.7518877931553056,0.8592173741463356,0.9974838361917892,0.9985727260293048,0.8621,0.4309304043022186,0.6330243830463076,0.0,0.0,48000,08,480000
306413_vit_b_32,306413,128,0.03,10,SGD,vit_b_32,900.2667248330108,148323.80675219977,0.7324,0.8565,0.7461628315519591,0.8574380882966838,0.7335317007593904,0.8571628764114214,0.9972969676812954,0.9985505039696034,0.8607,0.399783930378471,0.628584296990124,0.0,0.0,48000,08,480000
306414_vit_b_32,306414,128,0.03,10,SGD,vit_b_32,897.4769791200088,147413.03233343904,0.7361,0.8578,0.752436647622604,0.8571970745229878,0.7359726103535277,0.8577012049934725,0.9973343412453264,0.9985636351841054,0.86,0.4065455231826473,0.6297649537056479,0.0,0.0,48000,08,480000
306415_vit_b_32,306415,128,0.03,10,SGD,vit_b_32,908.2349687270034,148312.85399948052,0.7388,0.8542,0.746115769279241,0.853983752537537,0.7379521451576853,0.8541288367848641,0.9973616142124055,0.998527271639237,0.8629,0.4057083579483326,0.6221462540224384,0.0,0.0,48000,08,480000
306416_vit_b_32,306416,128,0.03,10,SGD,vit_b_32,906.7658772249996,148346.8432944707,0.74,0.8543,0.745622154735774,0.8540699885397263,0.7407208852707758,0.8546961979568664,0.9973737353834412,0.9985282817129512,0.8623,0.4076270923496805,0.6226959051245945,0.0,0.0,48000,08,480000
306417_vit_b_32,306417,128,0.03,10,SGD,vit_b_32,900.2236179780011,147725.77905936036,0.7285,0.8558,0.7451488802377365,0.8563849356278886,0.7290193747614515,0.8562232272826807,0.9972575742390576,0.998543433536914,0.861,0.3946562848150233,0.6266070349457992,0.0,0.0,48000,08,480000
306418_vit_b_32,306418,128,0.03,10,SGD,vit_b_32,902.4051276579994,147997.33022599271,0.7439,0.8606,0.7543771176709818,0.8596257483727503,0.7444987771151951,0.8600001094831622,0.9974131293235308,0.9985919181089428,0.8619,0.4167178797282893,0.6353269975019225,0.0,0.0,48000,08,480000
306419_vit_b_32,306419,128,0.03,10,SGD,vit_b_32,913.0807455800096,148618.20410577612,0.7425,0.8615,0.7520622219159327,0.8619483180673718,0.7443289626021002,0.8626920369440721,0.9973989880935582,0.9986010091299332,0.8616,0.4145568282414227,0.6397117065248881,0.0,0.0,48000,08,480000
304711_vit_small_patch16_224,304711,128,0.03,10,SGD,vit_small_patch16_224,974.935742686,165560.17688535096,0.8583,0.9011,0.865422819375697,0.902211670720977,0.8590914189510602,0.9017750568490408,0.998568685519101,0.999001009159062,0.9022,0.6372132221276837,0.7323953458762975,0.0,0.0,48000,08,480000
304712_vit_small_patch16_224,304712,128,0.03,10,SGD,vit_small_patch16_224,960.3160994129998,162999.72431203644,0.8713,0.9049,0.8734808740302321,0.9052294651694224,0.8720854089398632,0.9056565352863934,0.998699998867456,0.9990393931025258,0.9079,0.662849882578236,0.7411487979536708,0.0,0.0,48000,08,480000
304713_vit_small_patch16_224,304713,128,0.03,10,SGD,vit_small_patch16_224,960.143094466,163125.4418945489,0.8564,0.9018,0.8615880230716246,0.9022989422385596,0.8570417260904493,0.9025407635648832,0.99854949386784,0.9990080800683976,0.9043,0.6314629501855096,0.7336628121621118,0.0,0.0,48000,08,480000
304714_vit_small_patch16_224,304714,128,0.03,10,SGD,vit_small_patch16_224,940.2208447450002,161414.69439523897,0.8668,0.9006,0.8717576365834254,0.899950438168774,0.8656158957473279,0.9001646935946057,0.9986545443496684,0.9989959587714492,0.9021,0.6532135255369972,0.7288467838400354,0.0,0.0,48000,08,480000
304715_vit_small_patch16_224,304715,128,0.03,10,SGD,vit_small_patch16_224,959.1117738960002,162903.7547300653,0.8672,0.9024,0.8713074503203235,0.90241206732609,0.8667747865058436,0.9021460129107952,0.998658584867563,0.9990141406857994,0.9068,0.6540546026856832,0.7339262994644362,0.0,0.0,48000,08,480000
304716_vit_small_patch16_224,304716,128,0.03,10,SGD,vit_small_patch16_224,956.6099754300004,162561.23017896383,0.8614,0.9005,0.8701630035220198,0.901284391069384,0.8621696914589176,0.9005009183723598,0.998599998939019,0.9989949487332784,0.9043,0.6453417982964836,0.7301179391821002,0.0,0.0,48000,08,480000
304717_vit_small_patch16_224,304717,128,0.03,10,SGD,vit_small_patch16_224,963.1068518819992,163591.5620949282,0.8583,0.899,0.8650755153406334,0.8990068948563353,0.8588220177992314,0.8989802995628957,0.9985686860761488,0.998979797414898,0.9036,0.636757759039157,0.725821108607614,0.0,0.0,48000,08,480000
304718_vit_small_patch16_224,304718,128,0.03,10,SGD,vit_small_patch16_224,958.8896485639998,163111.05401152463,0.8657,0.9043,0.8700970123972154,0.9040773161115878,0.8651994073794219,0.9041684609714704,0.9986434333000788,0.9990333325898552,0.901,0.6508213012305402,0.7384947905999553,0.0,0.0,48000,08,480000
304719_vit_small_patch16_224,304719,128,0.03,10,SGD,vit_small_patch16_224,948.5841346859996,161990.74472476283,0.8622,0.8995,0.8665271418296807,0.9000973770765474,0.8640303782343517,0.8999768236835004,0.998608079841912,0.9989848477802042,0.9041,0.644635586481521,0.7279153713863385,0.0,0.0,48000,08,480000
304811_vit_small_patch16_224,304811,256,0.03,10,SGD,vit_small_patch16_224,946.7039110749992,161615.86578697248,0.8514,0.9066,0.85529370925149,0.9069872093324228,0.852327642750414,0.9069302661031646,0.9984989884836868,0.999056564767001,0.9079,0.6197308655244067,0.745042162605959,0.0,0.0,48000,08,480000
304813_vit_small_patch16_224,304813,256,0.03,10,SGD,vit_small_patch16_224,955.2539087179994,162459.70298534233,0.8445,0.9035,0.8476985070014442,0.9039979859096988,0.8458526807981699,0.9041469045645986,0.9984292917580024,0.9990252517983744,0.9035,0.6045790808932053,0.7377531718301928,0.0,0.0,48000,08,480000
304814_vit_small_patch16_224,304814,256,0.03,10,SGD,vit_small_patch16_224,951.705081508,162063.5174994701,0.848,0.9054,0.8504428421377406,0.9047113140956102,0.847418364557997,0.9047703597344636,0.9984646452038258,0.9990444436597494,0.9053,0.6101990755841328,0.740412402822936,0.0,0.0,48000,08,480000
304815_vit_small_patch16_224,304815,256,0.03,10,SGD,vit_small_patch16_224,957.1244054580002,162664.7597314488,0.8504,0.9061,0.850635479069048,0.905981604594379,0.8494478958243296,0.9055984460816332,0.9984888877724956,0.9990515144507842,0.9091,0.6135454292174898,0.7427096405666962,0.0,0.0,48000,08,480000
304816_vit_small_patch16_224,304816,256,0.03,10,SGD,vit_small_patch16_224,955.7414467469988,162502.73038395,0.849,0.9029,0.8552350902204333,0.9038365043707745,0.849239870756856,0.9028932394186536,0.9984747463188444,0.9990191911758928,0.9056,0.6156879622705733,0.7361049921339905,0.0,0.0,48000,08,480000
304817_vit_small_patch16_224,304817,256,0.03,10,SGD,vit_small_patch16_224,949.316542380002,161788.47121476397,0.8475,0.9015,0.8561889028225174,0.9016188045821396,0.8483980698220677,0.90147278822667,0.9984595951066528,0.9990050499541332,0.9052,0.6146663922646174,0.7319964878594503,0.0,0.0,48000,08,480000
304818_vit_small_patch16_224,304818,256,0.03,10,SGD,vit_small_patch16_224,953.5680923610016,162246.31024950324,0.8489,0.9025,0.8544059348119316,0.9019957420748146,0.8479164224388568,0.9021907086358772,0.9984737361998652,0.9990151507576894,0.902,0.6140595392443222,0.7337060881717749,0.0,0.0,48000,08,480000
304819_vit_small_patch16_224,304819,256,0.03,10,SGD,vit_small_patch16_224,955.9809076430028,162530.49722406192,0.842,0.899,0.8483489978003123,0.8995285807489641,0.8436392666511772,0.9000165098567785,0.9984040392962416,0.9989797972716482,0.9067,0.601658085613235,0.7270793998976638,0.0,0.0,48000,08,480000
304821_vit_small_patch16_224,304821,256,0.03,10,SGD,vit_small_patch16_224,952.219359572,162122.31369048887,0.853,0.9061,0.8543551272387796,0.9065758576048392,0.853797325598297,0.9069814187740796,0.9985151502215698,0.9990515143252068,0.9061,0.6212936431233373,0.7443317630224184,0.0,0.0,48000,08,480000
304911_vit_small_patch16_224,304911,64,0.03,10,SGD,vit_small_patch16_224,937.1548497879994,161711.71783374276,0.8312,0.9003,0.8475768770079466,0.9007559521168772,0.8322818850732316,0.900840324552588,0.9982949478872564,0.9989929283433616,0.9038,0.5853477455965191,0.7298012839144111,0.0,0.0,48000,08,480000
304912_vit_small_patch16_224,304912,64,0.03,10,SGD,vit_small_patch16_224,948.664900218002,163021.97631596363,0.8438,0.8969,0.8554438112573581,0.8969652353447334,0.8455517970475387,0.8977299150663705,0.9984222208476816,0.9989585849513184,0.9043,0.6093761669953323,0.7214609277231386,0.0,0.0,48000,08,480000
304913_vit_small_patch16_224,304913,64,0.03,10,SGD,vit_small_patch16_224,950.9330314489998,163098.64488040705,0.8339,0.9012,0.8458961556911042,0.9018962902959708,0.8348135258248953,0.9022083927880848,0.998322220971088,0.9990020194578176,0.9023,0.5878834578152023,0.7325731762377089,0.0,0.0,48000,08,480000
304914_vit_small_patch16_224,304914,64,0.03,10,SGD,vit_small_patch16_224,946.003460529002,162845.90744999473,0.8422,0.8965,0.8504286275700692,0.8963027160203175,0.8416353462255758,0.8960968852417953,0.9984060592971296,0.998954544596026,0.9001,0.6018444814323027,0.7192927800841916,0.0,0.0,48000,08,480000
304915_vit_small_patch16_224,304915,64,0.03,10,SGD,vit_small_patch16_224,949.1735680189996,163095.49060386335,0.8427,0.8972,0.8533991877901823,0.8973839452660729,0.8415817386718909,0.8968030137477786,0.9984111099372566,0.9989616153944688,0.9027,0.6042698523341697,0.7212958283641346,0.0,0.0,48000,08,480000
304916_vit_small_patch16_224,304916,64,0.03,10,SGD,vit_small_patch16_224,951.4875201470022,163382.8972408398,0.8342,0.8973,0.8476860370432933,0.8979977177641456,0.8347737570948687,0.8972674891605651,0.9983252512560558,0.9989626254764592,0.9062,0.5893130506069328,0.7222442167184351,0.0,0.0,48000,08,480000
304917_vit_small_patch16_224,304917,64,0.03,10,SGD,vit_small_patch16_224,950.521023129997,163190.6655303355,0.841,0.8992,0.8497484976091282,0.8992537781262121,0.841775692380093,0.8993468349722203,0.9983939385046416,0.9989818176180368,0.9027,0.6005991558898324,0.7264794999105938,0.0,0.0,48000,08,480000
304918_vit_small_patch16_224,304918,64,0.03,10,SGD,vit_small_patch16_224,944.3908291039988,162681.8954206795,0.8358,0.9015,0.8426799558574509,0.9012478406989872,0.8348878354511662,0.9011117714016958,0.9983414128657702,0.9990050497398196,0.9002,0.5870461588049092,0.7314022882888209,0.0,0.0,48000,08,480000
304919_vit_small_patch16_224,304919,64,0.03,10,SGD,vit_small_patch16_224,948.0662490289978,163073.95369281684,0.8418,0.8955,0.8498558557813705,0.8964087138751505,0.8420725826388485,0.8961034201851945,0.998402019092819,0.9989444437117548,0.9025,0.6014633521865332,0.7185733896939852,0.0,0.0,48000,08,480000
305611_vit_small_patch32_224,305611,128,0.01,10,SGD,vit_small_patch32_224,634.6246626150023,75929.32268102413,0.8144,0.8822,0.8231503895260589,0.8828022511746674,0.816443742463677,0.882715762946519,0.9981252507575522,0.9988100998881446,0.8761,0.5462963016435025,0.686648210633119,0.0,0.0,48000,08,480000
305612_vit_small_patch32_224,305612,128,0.01,10,SGD,vit_small_patch32_224,638.716191683001,76155.36277205411,0.8147,0.8769,0.8169757543961658,0.8770620087573165,0.8154848667617844,0.8774962495956622,0.9981282811976658,0.998756564573301,0.8732,0.5417627633470168,0.6740394028896509,0.0,0.0,48000,08,480000
305613_vit_small_patch32_224,305613,128,0.01,10,SGD,vit_small_patch32_224,640.0100501009947,76504.99017942288,0.8075,0.8743,0.811431881171912,0.8744849412181381,0.8091195720321298,0.8749395888981928,0.9980555541055656,0.9987303020834783,0.8728,0.5291295555054565,0.6680963640588765,0.0,0.0,48000,08,480000
305614_vit_small_patch32_224,305614,128,0.01,10,SGD,vit_small_patch32_224,647.266259516,77119.95792773845,0.8105,0.875,0.8171091427164062,0.8740672085736505,0.8097862097185592,0.8745097632168098,0.9980858570139802,0.9987373727005148,0.8735,0.535268106853623,0.6679882826415309,0.0,0.0,48000,08,480000
305615_vit_small_patch32_224,305615,128,0.01,10,SGD,vit_small_patch32_224,639.5520060530034,76387.12219335744,0.8131,0.8754,0.8146969246054264,0.875032288756862,0.8121641107074348,0.8747350325360709,0.998112119817376,0.9987414132115838,0.8729,0.5369862450389176,0.6692065754969524,0.0,0.0,48000,08,480000
305616_vit_small_patch32_224,305616,128,0.01,10,SGD,vit_small_patch32_224,640.5212994210015,76560.37790479595,0.8064,0.8695,0.8102757283235779,0.8698486700223681,0.8072332025427891,0.8693615601105258,0.9980444429624392,0.9986818171828424,0.8718,0.5264198372106382,0.6566604596864691,0.0,0.0,48000,08,480000
305617_vit_small_patch32_224,305617,128,0.01,10,SGD,vit_small_patch32_224,644.0433998799999,77209.73844682644,0.8174,0.8703,0.8249884362550413,0.8701915378694438,0.8178240832112219,0.8700269247268281,0.9981555545342612,0.998689898264478,0.8743,0.5504788250421228,0.6580322657265495,0.0,0.0,48000,08,480000
305618_vit_small_patch32_224,305618,128,0.01,10,SGD,vit_small_patch32_224,643.6604126020029,77062.32563224212,0.8114,0.8758,0.8192386538670767,0.8757159380497083,0.8112826763382269,0.875694943215478,0.998094948029746,0.9987454535805642,0.8712,0.5382567668939819,0.6707734308743617,0.0,0.0,48000,08,480000
305619_vit_small_patch32_224,305619,128,0.01,10,SGD,vit_small_patch32_224,628.1932530069971,75811.16629330776,0.8178,0.8734,0.8209246248774251,0.8743595767564848,0.8194001097966317,0.8746444565367953,0.9981595946821216,0.9987212112335708,0.8767,0.5490936140945855,0.6670817822497179,0.0,0.0,48000,08,480000
305711_vit_small_patch32_224,305711,64,0.01,10,SGD,vit_small_patch32_224,675.0900334260004,80204.70059539813,0.8437,0.8844,0.8505122249131368,0.884835560819477,0.8451996651253206,0.8852184767195077,0.9984212106325722,0.99883232213132,0.8753,0.6055384494461501,0.6919175717361504,0.0,0.0,48000,08,480000
305712_vit_small_patch32_224,305712,64,0.01,10,SGD,vit_small_patch32_224,669.1502644749999,79828.90142934816,0.8438,0.8774,0.8492783704010618,0.8775059472259403,0.8451549520852424,0.8778647042180074,0.9984222208476816,0.9987616150827512,0.8788,0.6047002708974069,0.675051846490493,0.0,0.0,48000,08,480000
305713_vit_small_patch32_224,305713,64,0.01,10,SGD,vit_small_patch32_224,671.7334103419998,80142.40079213868,0.836,0.8754,0.842632444202332,0.8757703959349334,0.8363881576988768,0.8762046126866835,0.9983434331081182,0.9987414132028752,0.8778,0.5882098529933982,0.6708962993344189,0.0,0.0,48000,08,480000
305714_vit_small_patch32_224,305714,64,0.01,10,SGD,vit_small_patch32_224,672.607114475999,80261.35981141284,0.8418,0.8772,0.8479167815064972,0.8769694899456497,0.8409880594138922,0.8768531952312625,0.9984020188897712,0.9987595949409857,0.8776,0.5993181527218076,0.6737068464189313,0.0,0.0,48000,08,480000
305715_vit_small_patch32_224,305715,64,0.01,10,SGD,vit_small_patch32_224,668.4158023840064,79859.54544935579,0.8507,0.8808,0.8537064600244011,0.8803258751451718,0.8496466071251405,0.8802860586436267,0.9984919180777648,0.998795958706427,0.8744,0.6161236534955787,0.6817440768885169,0.0,0.0,48000,08,480000
305716_vit_small_patch32_224,305716,64,0.01,10,SGD,vit_small_patch32_224,674.8789962219962,80491.32260163467,0.834,0.8773,0.8403413608482413,0.8782879058867202,0.8348928900903816,0.8774914417550818,0.9983232310525044,0.9987606051213392,0.8762,0.5841491246309231,0.6752884553381173,0.0,0.0,48000,08,480000
305717_vit_small_patch32_224,305717,64,0.01,10,SGD,vit_small_patch32_224,673.012586138997,80333.42646398148,0.8475,0.8717,0.8537428480194614,0.8719332845542458,0.8469672637464535,0.8712415634496318,0.9984595951066528,0.9987040396864496,0.8779,0.6118766847616196,0.6613413760419496,0.0,0.0,48000,08,480000
305718_vit_small_patch32_224,305718,64,0.01,10,SGD,vit_small_patch32_224,678.2794594569932,80810.2750987044,0.8404,0.877,0.8449535961767619,0.8768730230031581,0.8399470432066742,0.8768096965987233,0.9983878775479716,0.9987575748020084,0.8744,0.5954840140301937,0.673444379534435,0.0,0.0,48000,08,480000
305811_vit_small_patch32_224,305811,256,0.01,10,SGD,vit_small_patch32_224,623.2623049529939,85422.88460154925,0.5734,0.8815,0.5841230288029167,0.8818576905438524,0.5762098772855374,0.8821499322756775,0.995690905027865,0.998803029174407,0.8713,0.1921618874605889,0.6849250959516312,0.0,0.0,48000,08,480000
305812_vit_small_patch32_224,305812,256,0.01,10,SGD,vit_small_patch32_224,625.8699925760011,85668.34571518644,0.5376,0.8772,0.5410319725141922,0.877045236394028,0.5417100489811122,0.8776112389758872,0.9953292888602304,0.9987595948789711,0.8728,0.1568252060053617,0.674347509498285,0.0,0.0,48000,08,480000
305813_vit_small_patch32_224,305813,256,0.01,10,SGD,vit_small_patch32_224,614.7451040279993,84483.56070045216,0.5888,0.8705,0.5920990000711733,0.8706811210498165,0.593414228516789,0.8713894102882805,0.9958464615491356,0.9986919182164714,0.8738,0.2060214639662274,0.6595864365699643,0.0,0.0,48000,08,480000
305814_vit_small_patch32_224,305814,256,0.01,10,SGD,vit_small_patch32_224,633.065320554997,86619.13575203411,0.5727,0.8777,0.575827181007889,0.8770276362376221,0.5730450208600747,0.877127741466603,0.9956838348394392,0.9987646454501836,0.8721,0.1881609703066873,0.6743500354995812,0.0,0.0,48000,08,480000
305815_vit_small_patch32_224,305815,256,0.01,10,SGD,vit_small_patch32_224,627.4299944369996,86027.77416991536,0.5886,0.8726,0.6001989725122737,0.8722318343374618,0.5895392692314875,0.8723388169326955,0.9958444413743632,0.998713130362406,0.8721,0.2074052511051763,0.6630909484780639,0.0,0.0,48000,08,480000
305816_vit_small_patch32_224,305816,256,0.01,10,SGD,vit_small_patch32_224,626.3054641089984,85870.19329563853,0.57,0.8688,0.5768212870653006,0.8687219628407784,0.5711572575096366,0.8687064856967663,0.9956565623649216,0.9986747464704132,0.8714,0.1869740757291005,0.6547835279607402,0.0,0.0,48000,08,480000
305817_vit_small_patch32_224,305817,256,0.01,10,SGD,vit_small_patch32_224,628.6360613270008,86180.54081083776,0.5976,0.8673,0.6075572068083501,0.8671302900470829,0.5987356096981461,0.8668871518735903,0.9959353512847025,0.9986595952173956,0.8707,0.2165030417284048,0.6510790915024337,0.0,0.0,48000,08,480000
305818_vit_small_patch32_224,305818,256,0.01,10,SGD,vit_small_patch32_224,619.1775606930023,85115.0231576334,0.5693,0.8732,0.579764802360522,0.8732549066935428,0.5680282230662814,0.8728476211783261,0.9956494916034544,0.9987191909341026,0.8718,0.1866678048974471,0.6647166992265454,0.0,0.0,48000,08,480000
305819_vit_small_patch32_224,305819,256,0.01,10,SGD,vit_small_patch32_224,642.2792900670029,88123.00164827977,0.5776,0.8711,0.5839976456728591,0.8725047507810382,0.5808386471197887,0.8723467013105907,0.9957333303717242,0.9986979788942124,0.873,0.1950908184329691,0.6621541544975282,0.0,0.0,48000,08,480000
305311_vit_tiny_patch16_224,305311,128,0.01,10,SGD,vit_tiny_patch16_224,698.0727435699991,88724.740253733,0.6959,0.8566,0.7069044299140809,0.8567166152922964,0.698773038867436,0.8573837092880132,0.9969282799319592,0.998551513785738,0.8517,0.3426948639347132,0.6282911779046135,0.0,0.0,48000,08,480000
305312_vit_tiny_patch16_224,305312,128,0.01,10,SGD,vit_tiny_patch16_224,697.8850178209977,89092.7258899194,0.7173,0.8597,0.7252826771388585,0.8596350085191793,0.7175914246302811,0.8601165063789453,0.9971444419567196,0.9985828270482056,0.852,0.3722574933361297,0.6347495414617823,0.0,0.0,48000,08,480000
305313_vit_tiny_patch16_224,305313,128,0.01,10,SGD,vit_tiny_patch16_224,696.9753153480015,89134.38727388244,0.7152,0.8554,0.7248543252115125,0.8556697841622999,0.7170293510690794,0.8564553573979977,0.9971232301780004,0.9985393928502068,0.854,0.3706500032393059,0.6259582607632511,0.0,0.0,48000,08,480000
305314_vit_tiny_patch16_224,305314,128,0.01,10,SGD,vit_tiny_patch16_224,679.0310932069988,96173.1074172528,0.6882,0.8517,0.6962386127807421,0.8509554226366592,0.6879987395266286,0.8513286872951535,0.9968505024641636,0.9985020189718904,0.8504,0.328617319003247,0.6160836350317614,0.0,0.0,48000,08,480000
305315_vit_tiny_patch16_224,305315,128,0.01,10,SGD,vit_tiny_patch16_224,680.6198655810003,95049.7466842332,0.6999,0.8509,0.7058997193910771,0.8498435692927495,0.7006757942701972,0.8505334013723608,0.996968684629184,0.9984939382812776,0.8532,0.3451259653023537,0.6141215286987324,0.0,0.0,48000,08,480000
305316_vit_tiny_patch16_224,305316,128,0.01,10,SGD,vit_tiny_patch16_224,679.0954112260006,95811.16740879673,0.7116,0.8502,0.7189783397202063,0.8509796604159469,0.7130104018390709,0.8502784634183304,0.9970868664791708,0.9984868675401518,0.8519,0.3637312438004972,0.6142480930623659,0.0,0.0,48000,08,480000
305317_vit_tiny_patch16_224,305317,128,0.01,10,SGD,vit_tiny_patch16_224,697.1110958540012,89728.29644930387,0.72,0.8505,0.729232781653416,0.850344937520128,0.719619094131281,0.8506593619031007,0.997171715605658,0.9984898981537352,0.8515,0.3767656574972628,0.6142834431003632,0.0,0.0,48000,08,480000
305318_vit_tiny_patch16_224,305318,128,0.01,10,SGD,vit_tiny_patch16_224,683.9626419369961,93906.73905391368,0.6985,0.8552,0.7080478486462344,0.854502466471191,0.6982775830475185,0.8547310904178298,0.9969545431122392,0.9985373726124454,0.8521,0.3442963945299286,0.6236986992625768,0.0,0.0,48000,08,480000
305319_vit_tiny_patch16_224,305319,128,0.01,10,SGD,vit_tiny_patch16_224,683.4198386080025,93870.70167410027,0.7152,0.8492,0.7249238586706985,0.8499557934180705,0.7175414766583511,0.85003308812131,0.9971232303263898,0.9984767666194508,0.8532,0.3709503144542921,0.6126044101863272,0.0,0.0,48000,08,480000
305411_vit_tiny_patch16_224,305411,256,0.01,10,SGD,vit_tiny_patch16_224,676.5863917829993,97995.06757038744,0.3438,0.853,0.3346362332398505,0.8532609738773956,0.346317074609111,0.8537718850184106,0.9933717109219058,0.9985151501150872,0.8495,0.0395789736250213,0.6204794773231432,0.0,0.0,48000,08,480000
305412_vit_tiny_patch16_224,305412,256,0.01,10,SGD,vit_tiny_patch16_224,698.145567395004,100432.8974202048,0.3464,0.8588,0.3449922833103114,0.8588238536596124,0.3476950598725639,0.8593806206010473,0.9933979740463807,0.9985737361311948,0.8502,0.0412770883058924,0.6329389604131246,0.0,0.0,48000,08,480000
305413_vit_tiny_patch16_224,305413,256,0.01,10,SGD,vit_tiny_patch16_224,700.0932004780043,100667.71327205269,0.3699,0.8493,0.3578850414517645,0.8502185133674004,0.3739590137014445,0.8503105342290103,0.9936353487891788,0.9984777766426428,0.8495,0.0491902371974568,0.6130665827217371,0.0,0.0,48000,08,480000
305414_vit_tiny_patch16_224,305414,256,0.01,10,SGD,vit_tiny_patch16_224,685.9905729059974,99186.9189623676,0.3024,0.8474,0.292119276878144,0.8471893396468263,0.3049040319248415,0.8470907761819744,0.9929535295670324,0.9984585845927882,0.846,0.0267444761052518,0.6071960674094298,0.0,0.0,48000,08,480000
305415_vit_tiny_patch16_224,305415,256,0.01,10,SGD,vit_tiny_patch16_224,695.6531316870023,100500.76640737728,0.3483,0.8473,0.3402745133793636,0.8463675044956024,0.3526667116334417,0.8469326622558729,0.9934171668538464,0.9984575746180488,0.8493,0.0415220727463898,0.6064216322189668,0.0,0.0,48000,08,480000
305416_vit_tiny_patch16_224,305416,256,0.01,10,SGD,vit_tiny_patch16_224,690.86148331,99739.4920521786,0.3551,0.8471,0.3574035400549384,0.8476894592072203,0.357671535191121,0.8473236164659456,0.993485853649158,0.998455554385108,0.8517,0.045097824110696,0.6075045192980372,0.0,0.0,48000,08,480000
305417_vit_tiny_patch16_224,305417,256,0.01,10,SGD,vit_tiny_patch16_224,698.7825454830017,100620.94830810804,0.3966,0.8438,0.3833383729954523,0.8439720846607645,0.3948166209973201,0.843788435046747,0.9939050471301928,0.9984222213485848,0.8483,0.0596589119386901,0.5999504868358371,0.0,0.0,48000,08,480000
305418_vit_tiny_patch16_224,305418,256,0.01,10,SGD,vit_tiny_patch16_224,697.8053506360011,100501.49164593636,0.3271,0.8525,0.316061374803522,0.8527775905704105,0.3264528362946708,0.8520976802345266,0.9932030250753762,0.9985100998641968,0.8463,0.0335204969739539,0.6185460133076616,0.0,0.0,48000,08,480000
305419_vit_tiny_patch16_224,305419,256,0.01,10,SGD,vit_tiny_patch16_224,695.864781804994,100182.81426561468,0.4183,0.8477,0.4093334610597262,0.8484325066944522,0.4174383542197752,0.8485960004293895,0.9941242383457196,0.9984616150937822,0.8486,0.0710555694710915,0.6093851079875467,0.0,0.0,48000,08,480000
305511_vit_tiny_patch16_224,305511,64,0.01,10,SGD,vit_tiny_patch16_224,714.5666827360037,88385.9046993198,0.7863,0.8615,0.7957005904213484,0.8616748658988578,0.787703671545531,0.862264776083709,0.9978414121060823,0.9986010087819016,0.8566,0.4917703603241606,0.6391920323828499,0.0,0.0,48000,08,480000
305512_vit_tiny_patch16_224,305512,64,0.01,10,SGD,vit_tiny_patch16_224,713.0110219319977,88625.5885178208,0.795,0.8608,0.8025423979957208,0.8610617863141437,0.7954925515786359,0.8615736329640084,0.9979292911253184,0.9985939381689968,0.859,0.5064901475495036,0.6377021763361749,0.0,0.0,48000,08,480000
305513_vit_tiny_patch16_224,305513,64,0.01,10,SGD,vit_tiny_patch16_224,704.5512539889969,87699.77056178785,0.7826,0.8591,0.7970353086506339,0.8599035503498049,0.7834170112762091,0.8600616524068166,0.9978040387664936,0.9985767666154504,0.8563,0.487590976430211,0.6344603736081103,0.0,0.0,48000,08,480000
305514_vit_tiny_patch16_224,305514,64,0.01,10,SGD,vit_tiny_patch16_224,717.7901889540008,89208.13501727028,0.7851,0.8577,0.795015961566917,0.8565970873859876,0.7854929053272621,0.8572932168003013,0.9978292911467248,0.998562625082266,0.8569,0.4892145224471464,0.6289508347169267,0.0,0.0,48000,08,480000
305515_vit_tiny_patch16_224,305515,64,0.01,10,SGD,vit_tiny_patch16_224,708.1047800199958,88246.55901839255,0.7793,0.8569,0.786521108933552,0.8565075705613191,0.7783532399425616,0.8570683755352541,0.9977707054237286,0.9985545443866586,0.8549,0.4760170904998407,0.6281286632466995,0.0,0.0,48000,08,480000
305516_vit_tiny_patch16_224,305516,64,0.01,10,SGD,vit_tiny_patch16_224,715.2094124860014,88971.93202210777,0.7798,0.8542,0.7895291172514909,0.8549658241190614,0.7809146684339222,0.854469046995115,0.9977757558901296,0.9985272716111758,0.8559,0.4797200935199007,0.623109808725688,0.0,0.0,48000,08,480000
305517_vit_tiny_patch16_224,305517,64,0.01,10,SGD,vit_tiny_patch16_224,700.7636710769948,88343.58380219892,0.7801,0.8581,0.793466171697013,0.8585424886532835,0.7786611957122402,0.858537644226286,0.997778786648872,0.99856666587301,0.8537,0.4809074361846278,0.6315912455753829,0.0,0.0,48000,08,480000
305518_vit_tiny_patch16_224,305518,64,0.01,10,SGD,vit_tiny_patch16_224,706.7773244499986,89317.28342727684,0.7827,0.8585,0.792426056507012,0.8574679245664568,0.7835450978169126,0.8580403108871998,0.997805048816881,0.9985707059714156,0.8538,0.484912943121739,0.6307317537802423,0.0,0.0,48000,08,480000
305519_vit_tiny_patch16_224,305519,64,0.01,10,SGD,vit_tiny_patch16_224,710.6900231410036,88704.372401838,0.7865,0.8539,0.7975917671490481,0.8548269960035525,0.788261237300288,0.8548717650746259,0.9978434328465036,0.998524241399879,0.8592,0.4934145631351596,0.6230814597615868,0.0,0.0,48000,08,480000
306113_vit_b_16,306113,128,0.03,10,SGD,vit_b_16,1979.28643979202,403869.4473338384,0.7693,0.8718,0.7777433591983172,0.8734203954936801,0.7705618352185722,0.8729529798781163,0.9976696952319688,0.9987050495393948,0.8743,0.4599666240859118,0.6638474498098701,0.0,0.0,48000,08,480000
306114_vit_b_16,306114,128,0.03,10,SGD,vit_b_16,1982.5353165010456,406566.49781425967,0.7616,0.8702,0.7725149676574757,0.8701602277258274,0.7613179582318184,0.8698796098681402,0.9975919172144216,0.9986888878122144,0.876,0.4468408137230362,0.6578209139142989,0.0,0.0,48000,08,480000
306114_vit_b_16,306114,128,0.03,10,SGD,vit_b_16,1982.576116807002,404258.3180894009,0.7616,0.8702,0.7725149676574757,0.8701602277258274,0.7613179582318184,0.8698796098681402,0.9975919172144216,0.9986888878122144,0.876,0.4468408137230362,0.6578209139142989,0.0,0.0,48000,08,480000
306115_vit_b_16,306115,128,0.03,10,SGD,vit_b_16,2005.803599680076,409136.5492938133,0.7749,0.869,0.782235343567753,0.8691717319314446,0.7742205746490112,0.8688198335247748,0.9977262609464492,0.9986767666991776,0.875,0.4682299690858887,0.6553601692534116,0.0,0.0,48000,08,480000
306115_vit_b_16,306115,128,0.03,10,SGD,vit_b_16,1994.511165879987,405997.9685854636,0.7749,0.869,0.782235343567753,0.8691717319314446,0.7742205746490112,0.8688198335247748,0.9977262609464492,0.9986767666991776,0.875,0.4682299690858887,0.6553601692534116,0.0,0.0,48000,08,480000
306116_vit_b_16,306116,128,0.03,10,SGD,vit_b_16,1974.3844721110072,403672.2468080746,0.7756,0.8696,0.784515722147106,0.8695891896046894,0.7756960143298567,0.8690639355243079,0.9977333316155546,0.9986828272846182,0.8785,0.4709182191265963,0.6563159718589007,0.0,0.0,48000,08,480000
306117_vit_b_16,306117,128,0.03,10,SGD,vit_b_16,1989.051310414012,405444.9640480265,0.7663,0.8727,0.7775190323366765,0.8731515702989738,0.7678493058405924,0.87290275761654,0.9976393926322936,0.9987141407021436,0.8763,0.4564145065462813,0.664296065032958,0.0,0.0,48000,08,480000
306118_vit_b_16,306118,128,0.03,10,SGD,vit_b_16,1981.3729563000088,403891.8303083382,0.7792,0.8743,0.7839489506294963,0.874162156285646,0.78004182377271,0.8742292193214266,0.9977696952543366,0.9987303020537596,0.8731,0.4754281856677422,0.6673075281949518,0.0,0.0,48000,08,480000
306119_vit_b_16,306119,128,0.03,10,SGD,vit_b_16,1991.429519327008,405520.2260762659,0.743,0.8761,0.7555041633081866,0.8769700758585618,0.7450466573484346,0.8768652976299152,0.9974040386021144,0.9987484839797742,0.874,0.4171384938069822,0.6728642757036786,0.0,0.0,48000,08,480000
306311_vit_b_16,306311,64,0.03,10,SGD,vit_b_16,2039.418905793922,416844.9177303956,0.7717,0.8824,0.7885548570008103,0.8831527547722245,0.7724525055600178,0.8826125837205225,0.9976939372195536,0.9988121200920698,0.8758,0.4689748256669934,0.6869976414656157,0.0,0.0,48000,08,480000
306311_vit_b_16,306311,64,0.03,10,SGD,vit_b_16,2025.850652021996,413357.0845380531,0.7717,0.8824,0.7885548570008103,0.8831527547722245,0.7724525055600178,0.8826125837205225,0.9976939372195536,0.9988121200920698,0.8758,0.4689748256669934,0.6869976414656157,0.0,0.0,48000,08,480000
306312_vit_b_16,306312,64,0.03,10,SGD,vit_b_16,2029.37742246408,415756.81696764927,0.7844,0.8782,0.7962459057249223,0.8783986684096955,0.7848253902596157,0.8788990288693758,0.997822220324969,0.998769695897872,0.8754,0.4891150349222995,0.6771571100939053,0.0,0.0,48000,08,480000
306312_vit_b_16,306312,64,0.03,10,SGD,vit_b_16,2027.4207651840115,413599.8826494986,0.7844,0.8782,0.7962459057249223,0.8783986684096955,0.7848253902596157,0.8788990288693758,0.997822220324969,0.998769695897872,0.8754,0.4891150349222995,0.6771571100939053,0.0,0.0,48000,08,480000
306313_vit_b_16,306313,64,0.03,10,SGD,vit_b_16,2035.807225544937,415999.6619271336,0.7692,0.8739,0.7834126431837122,0.8753537194232516,0.7706178454208288,0.8750015706295632,0.9976686851302056,0.998726261676425,0.8772,0.4632924836786866,0.6684987864800224,0.0,0.0,48000,08,480000
306313_vit_b_16,306313,64,0.03,10,SGD,vit_b_16,2032.049246167008,413862.8033542712,0.7692,0.8739,0.7834126431837122,0.8753537194232516,0.7706178454208288,0.8750015706295632,0.9976686851302056,0.998726261676425,0.8772,0.4632924836786866,0.6684987864800224,0.0,0.0,48000,08,480000
306314_vit_b_16,306314,64,0.03,10,SGD,vit_b_16,2039.5922887329943,417089.6147639602,0.789,0.8754,0.8034820734894658,0.87525135780076,0.7892735079290476,0.8751654832470684,0.9978686851184688,0.9987414131078732,0.8751,0.4992914333599421,0.669703509001643,0.0,0.0,48000,08,480000
306314_vit_b_16,306314,64,0.03,10,SGD,vit_b_16,2032.3244299289945,414126.694674869,0.789,0.8754,0.8034820734894658,0.87525135780076,0.7892735079290476,0.8751654832470684,0.9978686851184688,0.9987414131078732,0.8751,0.4992914333599421,0.669703509001643,0.0,0.0,48000,08,480000
306315_vit_b_16,306315,64,0.03,10,SGD,vit_b_16,2044.0083190011792,418255.5942279245,0.7788,0.8731,0.7888677981922015,0.8735678450233968,0.7771588383414829,0.8728710430180608,0.9977656549149468,0.9987181808711876,0.877,0.4763964452925555,0.6648959234045643,0.0,0.0,48000,08,480000
306315_vit_b_16,306315,64,0.03,10,SGD,vit_b_16,2034.7669997869816,414276.60767400975,0.7788,0.8731,0.7888677981922015,0.8735678450233968,0.7771588383414829,0.8728710430180608,0.9977656549149468,0.9987181808711876,0.877,0.4763964452925555,0.6648959234045643,0.0,0.0,48000,08,480000
306317_vit_b_16,306317,64,0.03,10,SGD,vit_b_16,2039.7879254550207,417477.4914232577,0.7841,0.874,0.7945576642403723,0.8745544282749068,0.7848542817731768,0.874771751076852,0.9978191907116484,0.998727272022546,0.88,0.487907797971848,0.6677900363946238,0.0,0.0,48000,08,480000
306317_vit_b_16,306317,64,0.03,10,SGD,vit_b_16,2030.970163350983,413896.9373325806,0.7841,0.874,0.7945576642403723,0.8745544282749068,0.7848542817731768,0.874771751076852,0.9978191907116484,0.998727272022546,0.88,0.487907797971848,0.6677900363946238,0.0,0.0,48000,08,480000
306318_vit_b_16,306318,64,0.03,10,SGD,vit_b_16,2041.4175863801504,417990.9957791109,0.7775,0.8772,0.7923797855809263,0.877295088152202,0.7787369229658535,0.8772801143723344,0.9977525235239578,0.998759595005582,0.8745,0.4786823198277645,0.6742851117740801,0.0,0.0,48000,08,480000
306318_vit_b_16,306318,64,0.03,10,SGD,vit_b_16,2037.1951870860064,414156.7296528113,0.7775,0.8772,0.7923797855809263,0.877295088152202,0.7787369229658535,0.8772801143723344,0.9977525235239578,0.998759595005582,0.8745,0.4786823198277645,0.6742851117740801,0.0,0.0,48000,08,480000
306319_vit_b_16,306319,64,0.03,10,SGD,vit_b_16,2033.515151384985,416753.7516817934,0.7818,0.879,0.7924173378864923,0.8802478224783898,0.7830065829416901,0.8797807508901084,0.9977959580660754,0.9987777769294002,0.8768,0.4840127353509458,0.6798876630455504,0.0,0.0,48000,08,480000
306319_vit_b_16,306319,64,0.03,10,SGD,vit_b_16,2029.9193701329928,413283.6170567053,0.7818,0.879,0.7924173378864923,0.8802478224783898,0.7830065829416901,0.8797807508901084,0.9977959580660754,0.9987777769294002,0.8768,0.4840127353509458,0.6798876630455504,0.0,0.0,48000,08,480000
306316_vit_b_32,306316,64,0.03,10,SGD,vit_b_32,928.7820250579972,153941.6181997548,0.7392,0.8556,0.754066258296697,0.8558538146773006,0.7399549917444911,0.855901146090118,0.9973656545692362,0.998541413036034,0.8599,0.4113686385168868,0.625835300193714,0.0,0.0,48000,08,480000
306620_vit_b_32,306620,128,0.035,10,SGD,vit_b_32,899.6181106610165,147767.82284464705,0.7367,0.8572,0.7530279751732639,0.8568224393052319,0.7371169089773878,0.8568368135766132,0.9973404018904416,0.9985575745915496,0.8575,0.4078322513208156,0.6284116415784858,0.0,0.0,48000,08,480000
306621_vit_b_32,306621,128,0.035,10,SGD,vit_b_32,915.2549895909906,149066.87432606568,0.7317,0.854,0.7451384880121468,0.8547929273058166,0.7328414334865246,0.8549849599561976,0.997289897177938,0.9985252515392432,0.8602,0.3984753734773145,0.6232127331661858,0.0,0.0,48000,08,480000
306622_vit_b_32,306622,128,0.035,10,SGD,vit_b_32,907.1946601180244,147880.7616689089,0.7111,0.854,0.7360864322239332,0.8543239625641715,0.7112881621919703,0.8547124748020682,0.9970818160428322,0.9985252514442836,0.8662,0.3712238480944207,0.6226723101405591,0.0,0.0,48000,08,480000
306623_vit_b_32,306623,128,0.035,10,SGD,vit_b_32,916.3255083039984,149178.489617313,0.7468,0.862,0.7560868276456785,0.8613129866484489,0.7453392850687308,0.8609262302816053,0.9974424222499436,0.9986060595201114,0.8612,0.4197762165915569,0.6383052231048604,0.0,0.0,48000,08,480000
306624_vit_b_32,306624,128,0.035,10,SGD,vit_b_32,901.1927000159922,147446.06411878308,0.7295,0.858,0.7441653628132717,0.8572056277246284,0.7275155698497785,0.8572147256396818,0.9972676746146316,0.9985656554354072,0.8609,0.3938662629945268,0.6295620622262029,0.0,0.0,48000,08,480000
306625_vit_b_32,306625,128,0.035,10,SGD,vit_b_32,924.8854371829948,149998.7678463702,0.7393,0.8625,0.7521655589702817,0.8622930127417842,0.7395366642698149,0.8630187613246275,0.997366664417358,0.9986111099247668,0.8594,0.4101556592461935,0.6409595182348629,0.0,0.0,48000,08,480000
306626_vit_b_32,306626,128,0.035,10,SGD,vit_b_32,918.7246798190172,149547.3825918359,0.7422,0.8596,0.7551795456553989,0.8603123665096333,0.7452273654413052,0.8605268236877286,0.9973959575878528,0.9985818170881866,0.8628,0.4166079626061081,0.6354781736433724,0.0,0.0,48000,08,480000
306627_vit_b_32,306627,128,0.035,10,SGD,vit_b_32,918.8183635660098,149127.6105368111,0.7421,0.8593,0.7588824117813683,0.8599299527657491,0.7431859635671247,0.8595924043186995,0.9973949476587473,0.9985787868770288,0.8651,0.4174472281501923,0.6342825936517414,0.0,0.0,48000,08,480000
306628_vit_b_32,306628,128,0.035,10,SGD,vit_b_32,914.7723286410036,148638.0907221023,0.7402,0.8652,0.7583599756433841,0.8645216849993198,0.7394618853567664,0.8651411145614608,0.9973757554866,0.998638382754402,0.8627,0.4139988030543161,0.6462307328103131,0.0,0.0,48000,08,480000
306629_vit_b_32,306629,128,0.035,10,SGD,vit_b_32,917.4827170519856,148975.7755407541,0.7318,0.8619,0.7400921405164581,0.8615938707583233,0.7313492656827837,0.8619907713741886,0.9972909060492838,0.9986050489388744,0.859,0.3950252766480869,0.6392280959480943,0.0,0.0,48000,08,480000
306630_vit_b_32,306630,128,0.035,10,SGD,vit_b_32,907.3425654320164,148077.53573805108,0.7251,0.8569,0.7474324883679655,0.8569262570025781,0.7234031693925438,0.856133537515101,0.9972232301391014,0.9985545443175896,0.8616,0.3909693122261325,0.6277502517991854,0.0,0.0,48000,08,480000
306720_vit_b_32,306720,128,0.025,10,SGD,vit_b_32,899.9411510630162,147240.9427451479,0.7344,0.8565,0.745991939074241,0.8562597890319157,0.734959042952095,0.8562780510377525,0.9973171695484288,0.9985505038787632,0.8582,0.401571827010946,0.6270725122552371,0.0,0.0,48000,08,480000
306721_vit_b_32,306721,128,0.025,10,SGD,vit_b_32,914.6919403869832,148832.49572949889,0.7335,0.8528,0.7427048690283893,0.8538641966560145,0.7358714089611236,0.8538594102227895,0.9973080790082764,0.998513130319018,0.8602,0.399804479666824,0.6208349311939815,0.0,0.0,48000,08,480000
306722_vit_b_32,306722,128,0.025,10,SGD,vit_b_32,920.4280525050126,149350.4933540202,0.7125,0.8546,0.7321410604870703,0.8550878278764258,0.7130677982311506,0.8552091887974528,0.997095957467339,0.9985313120547864,0.8588,0.3708919544479002,0.6240331477270774,0.0,0.0,48000,08,480000
306723_vit_b_32,306723,128,0.025,10,SGD,vit_b_32,915.8276822229964,148968.53704516822,0.7329,0.8605,0.7411570470715172,0.858943717097192,0.7316709767112437,0.8592273448517324,0.9973020181001578,0.9985909079931562,0.8603,0.3963670003808791,0.6341781569296822,0.0,0.0,48000,08,480000
306724_vit_b_32,306724,128,0.025,10,SGD,vit_b_32,908.1891857640004,148208.9070284154,0.7369,0.8561,0.7482276726466232,0.8555057033608376,0.7345342569917983,0.8552333930478782,0.9973424221482794,0.9985464635010924,0.8593,0.4039230807262355,0.6254611426382638,0.0,0.0,48000,08,480000
306725_vit_b_32,306725,128,0.025,10,SGD,vit_b_32,914.6238219730149,148932.12625017806,0.7322,0.8565,0.7437744445979788,0.8565708422905017,0.7327572802954218,0.8569777784583827,0.9972949471843824,0.9985505038123932,0.8601,0.3979740343247749,0.6278129216337153,0.0,0.0,48000,08,480000
306726_vit_b_32,306726,128,0.025,10,SGD,vit_b_32,906.9272410720004,148248.13444239888,0.7357,0.86,0.7471480765440691,0.8608347364825917,0.7388871234442641,0.8612312152757106,0.9973303009715652,0.9985858574953428,0.8612,0.4050648431056299,0.6366832259237407,0.0,0.0,48000,08,480000
306727_vit_b_32,306727,128,0.025,10,SGD,vit_b_32,916.7984546610096,149366.46812553683,0.7425,0.8559,0.7542183347609464,0.856913245528689,0.7440580582902782,0.8562801428247218,0.9973989880656356,0.998544443418478,0.8607,0.4155940215991937,0.6271091743827361,0.0,0.0,48000,08,480000
306728_vit_b_32,306728,128,0.025,10,SGD,vit_b_32,922.4476267999852,149859.6349779007,0.7353,0.8621,0.7504838439440475,0.8614504075086015,0.7343772606507328,0.8621521816150406,0.9973262604977022,0.9986070695981608,0.8615,0.404168431348003,0.6393909628489126,0.0,0.0,48000,08,480000
306729_vit_b_32,306729,128,0.025,10,SGD,vit_b_32,923.0470531409956,149785.05672927215,0.7311,0.8614,0.7400784333178949,0.8608304854748429,0.7306167395524834,0.8616886738461134,0.9972838353342746,0.9985999984281534,0.8602,0.3942420374407877,0.6380643079491863,0.0,0.0,48000,08,480000
306730_vit_b_32,306730,128,0.025,10,SGD,vit_b_32,920.0133397239842,149766.23278856123,0.7361,0.8511,0.7491187411556938,0.8509717363281191,0.7342430102155153,0.8503464534291545,0.9973343413376096,0.9984959584129216,0.8587,0.4038016360570561,0.6149473615408162,0.0,0.0,48000,08,480000
306820_vit_b_32,306820,128,0.02,10,SGD,vit_b_32,910.6611019059784,148584.10084992432,0.7293,0.8556,0.738073869986615,0.8557631520836807,0.73007767785328,0.8556075723342886,0.99726565435527,0.9985414129623232,0.8599,0.3919096670960668,0.625554365430635,0.0,0.0,48000,08,480000
306821_vit_b_32,306821,128,0.02,10,SGD,vit_b_32,914.8735120049968,149089.14179203607,0.7189,0.8548,0.7314591212224308,0.855191506497178,0.7211124358157214,0.8557855323482754,0.9971606041622006,0.9985333323527268,0.8604,0.3781173806563081,0.6246768323150467,0.0,0.0,48000,08,480000
306822_vit_b_32,306822,128,0.02,10,SGD,vit_b_32,919.2935709960002,149885.52872186736,0.7025,0.8511,0.7172403751964603,0.8516819045616841,0.7034114471831461,0.8519179676033114,0.99699494729229,0.9984959584935192,0.8603,0.3533567945895094,0.6165979831388125,0.0,0.0,48000,08,480000
306823_vit_b_32,306823,128,0.02,10,SGD,vit_b_32,933.0328578519984,151585.15664709648,0.7146,0.8582,0.7280713890986165,0.8569473164278173,0.7136136182133558,0.8567513772108749,0.997117169471303,0.9985676756518248,0.8605,0.3702084272687561,0.6291800564597734,0.0,0.0,48000,08,480000
306824_vit_b_32,306824,128,0.02,10,SGD,vit_b_32,928.669877503009,151406.25468839423,0.735,0.8525,0.7484824877500736,0.8521598949849941,0.7328759777665711,0.8515712743124405,0.9973232302139644,0.9985100998360744,0.8566,0.4021012325055267,0.617716133134161,0.0,0.0,48000,08,480000
306825_vit_b_32,306825,128,0.02,10,SGD,vit_b_32,917.54133474399,149427.48308173704,0.7162,0.8573,0.7260482828226147,0.8576962174961174,0.7169792685081808,0.8575222599698209,0.9971333308847188,0.9985585846273765,0.8602,0.3717574247487553,0.6296297941260182,0.0,0.0,48000,08,480000
306826_vit_b_32,306826,128,0.02,10,SGD,vit_b_32,916.6254008139948,149318.37014517502,0.7189,0.859,0.7346232302692907,0.8595888737900503,0.7219965867350868,0.8601879081643419,0.9971606038710062,0.9985757564774524,0.8614,0.3802186342038843,0.6342468232247704,0.0,0.0,48000,08,480000
306827_vit_b_32,306827,128,0.02,10,SGD,vit_b_32,913.8682406540028,149096.21054685337,0.7266,0.8577,0.7424730736919584,0.8592618987482712,0.7288158826934942,0.8583244454347785,0.9972383818918242,0.9985626252494756,0.8614,0.3920964548015305,0.6316663668944272,0.0,0.0,48000,08,480000
306828_vit_b_32,306828,128,0.02,10,SGD,vit_b_32,914.2303962789885,148867.42657919615,0.7251,0.8603,0.7371689486940529,0.8594141155031665,0.723730284579585,0.8604382854889572,0.9972232301126496,0.9985888877655044,0.861,0.3857749924260093,0.6352707516888119,0.0,0.0,48000,08,480000
306829_vit_b_32,306829,128,0.02,10,SGD,vit_b_32,916.0059301260044,149223.61088142876,0.721,0.8594,0.7276006333461134,0.858991851387204,0.7204002997711605,0.8598142703028079,0.9971818150177114,0.9985797963852696,0.8569,0.3768569838531077,0.6338285786846345,0.0,0.0,48000,08,480000
306830_vit_b_32,306830,128,0.02,10,SGD,vit_b_32,917.87197202901,149302.07585575306,0.7328,0.8543,0.7453018084367455,0.8543099001125403,0.7310815890601812,0.8536269735794703,0.9973010079780572,0.9985282816706694,0.8604,0.3982077799881869,0.622091611806822,0.0,0.0,48000,08,480000
306920_vit_b_32,306920,128,0.04,10,SGD,vit_b_32,919.8683972109866,149442.00468375385,0.7291,0.8585,0.7429045701670968,0.8578012500442311,0.7293311989597016,0.8582891476958714,0.9972636341516165,0.9985707059152964,0.8618,0.3939625163624564,0.6311599266260534,0.0,0.0,48000,08,480000
306921_vit_b_32,306921,128,0.04,10,SGD,vit_b_32,906.2446770370008,148137.88089732372,0.7293,0.8529,0.7424850472119608,0.8534497595980715,0.7312225543876008,0.8538232348470018,0.9972656547374874,0.9985141404207034,0.8603,0.3948702062110094,0.6205806976037016,0.0,0.0,48000,08,480000
306922_vit_b_32,306922,128,0.04,10,SGD,vit_b_32,899.3639756490011,147222.26517089628,0.7083,0.8529,0.7360151105705736,0.8528624934551349,0.7086801796363015,0.8535767113111642,0.9970535331938184,0.998514140325028,0.8612,0.3683602302818008,0.6199746142577467,0.0,0.0,48000,08,480000
306923_vit_b_32,306923,128,0.04,10,SGD,vit_b_32,913.2072961230006,148528.91950553196,0.741,0.8619,0.7488718730887801,0.8612412763387772,0.7397465492271336,0.8608697964578386,0.9973838363457166,0.9986050494183144,0.8637,0.4094218354064154,0.638135558447549,0.0,0.0,48000,08,480000
306924_vit_b_32,306924,128,0.04,10,SGD,vit_b_32,916.9203306590208,148943.7835951835,0.7321,0.8581,0.7477292007677425,0.8577609247915816,0.7298941642382069,0.8573280811672734,0.9972939372615888,0.9985666655372132,0.8608,0.3984720080380567,0.6301272675136683,0.0,0.0,48000,08,480000
306925_vit_b_32,306925,128,0.04,10,SGD,vit_b_32,900.4604358779907,147414.265209756,0.7348,0.8614,0.7498290259157411,0.8608898478610213,0.7353353013938769,0.861547015518551,0.9973212098330776,0.9985999988041652,0.861,0.4040655888767537,0.638003406176014,0.0,0.0,48000,08,480000
306926_vit_b_32,306926,128,0.04,10,SGD,vit_b_32,913.6121012139774,148594.02801515136,0.7358,0.8608,0.7579342654738146,0.8614987462896733,0.7388178157873975,0.8618630993478575,0.9973313110733542,0.9985939383096551,0.8603,0.4109302745796931,0.6382401490003001,0.0,0.0,48000,08,480000
306927_vit_b_32,306927,128,0.04,10,SGD,vit_b_32,920.7811984989968,149557.58588170656,0.7416,0.8536,0.755555124057737,0.8542090635145896,0.7424947853670377,0.8540383021862755,0.9973898971501368,0.99852121107887,0.8629,0.4149485478605382,0.621803589654898,0.0,0.0,48000,08,480000
306928_vit_b_32,306928,128,0.04,10,SGD,vit_b_32,912.8153353479864,148586.31496975175,0.7319,0.8611,0.7513062590881959,0.8606235932294016,0.7306080652041826,0.8612197937714607,0.997291917036018,0.9985969685800182,0.8598,0.4006595651390883,0.6373398636517351,0.0,0.0,48000,08,480000
306929_vit_b_32,306929,128,0.04,10,SGD,vit_b_32,919.2318818009808,149331.7029966523,0.7318,0.8597,0.7449976798742151,0.859250240647017,0.7316734064308651,0.8601571920976498,0.9972909060492838,0.9985828266917022,0.863,0.3978198548715674,0.634495442697113,0.0,0.0,48000,08,480000
306930_vit_b_32,306930,128,0.04,10,SGD,vit_b_32,910.887746145978,148370.36601787416,0.7368,0.8548,0.7528655767995052,0.8547474578223292,0.7355478902683472,0.854422688733373,0.9973414120502418,0.9985333321796926,0.8605,0.4069320198752477,0.6233581906336348,0.0,0.0,48000,08,480000
307020_vit_tiny_patch16_224,307020,128,0.035,10,SGD,vit_tiny_patch16_224,711.4282549420022,89728.19329167613,0.7694,0.8611,0.7814778919318384,0.8608965210486201,0.7698969642745426,0.8612212286990539,0.9976707051877548,0.998596968562789,0.8652,0.4618369810597453,0.6375430441876477,0.0,0.0,48000,08,480000
307021_vit_tiny_patch16_224,307021,128,0.035,10,SGD,vit_tiny_patch16_224,704.814278106991,89542.53747087445,0.77,0.8673,0.7873486341984447,0.8677478837700364,0.7712596966547624,0.8681888622024408,0.9976767661234656,0.998659595063408,0.8638,0.4664964029706633,0.6525211587028709,0.0,0.0,48000,08,480000
307022_vit_tiny_patch16_224,307022,128,0.035,10,SGD,vit_tiny_patch16_224,700.8995392420038,89196.2464411818,0.766,0.8521,0.7820632626423432,0.8513306769406356,0.7654516448996724,0.8523281342357817,0.9976363619038516,0.998506059511024,0.8639,0.4574679633404354,0.6173712160511142,0.0,0.0,48000,08,480000
307023_vit_tiny_patch16_224,307023,128,0.035,10,SGD,vit_tiny_patch16_224,703.5071393740072,89235.61436768544,0.7808,0.8674,0.7924309993023071,0.8659575368069531,0.7810963866614701,0.8663155287497666,0.9977858568609308,0.9986606050171506,0.8627,0.4822177958652716,0.6498453739895755,0.0,0.0,48000,08,480000
307024_vit_tiny_patch16_224,307024,128,0.035,10,SGD,vit_tiny_patch16_224,708.6168952400039,90115.69703125356,0.7767,0.8667,0.7932416042466154,0.866083611109083,0.7761143169904254,0.8660948157451027,0.9977444426670878,0.9986535342925338,0.8661,0.4770938318339639,0.6492454271702676,0.0,0.0,48000,08,480000
307025_vit_tiny_patch16_224,307025,128,0.035,10,SGD,vit_tiny_patch16_224,703.9131987829751,90187.65189033048,0.7754,0.8662,0.7877541317469408,0.8668217527415496,0.7772272139298109,0.8667010978949733,0.9977313111934738,0.998648483694064,0.8655,0.473672407316463,0.6498752153561763,0.0,0.0,48000,08,480000
307026_vit_tiny_patch16_224,307026,128,0.035,10,SGD,vit_tiny_patch16_224,706.1791323119542,90204.27492951971,0.7703,0.8624,0.7858906387065946,0.862863881223473,0.7722161860291673,0.863426354473292,0.9976797961905732,0.9986100999382798,0.8605,0.466393072839727,0.6416117264332604,0.0,0.0,48000,08,480000
307027_vit_tiny_patch16_224,307027,128,0.035,10,SGD,vit_tiny_patch16_224,686.4814697299735,93562.52073708132,0.7774,0.8599,0.7881945827502507,0.8604318395489143,0.7778412143693079,0.8601456125626958,0.9977515135666426,0.9985848474873612,0.8617,0.4755446805071807,0.635508512015919,0.0,0.0,48000,08,480000
307028_vit_tiny_patch16_224,307028,128,0.035,10,SGD,vit_tiny_patch16_224,693.1216825710144,89573.58730884708,0.7761,0.8667,0.7875044042606321,0.8654894258889699,0.7741366837438861,0.8664793893702172,0.9977383820379128,0.9986535342816156,0.8628,0.4720684781990556,0.64908809374528,0.0,0.0,48000,08,480000
307029_vit_tiny_patch16_224,307029,128,0.035,10,SGD,vit_tiny_patch16_224,692.6081700859941,91198.80162230796,0.7794,0.8648,0.7931539590109382,0.8642452871265934,0.777326407362191,0.864972543979188,0.9977717146699182,0.9986343419010558,0.864,0.4794601399402423,0.6455970244099253,0.0,0.0,48000,08,480000
307030_vit_tiny_patch16_224,307030,128,0.035,10,SGD,vit_tiny_patch16_224,680.8146597949672,94898.08780806528,0.7671,0.8644,0.7810442884337975,0.864655303695585,0.7656953705122487,0.8645257553544898,0.9976474728970416,0.998630301952936,0.8631,0.4576787743286259,0.6452684690490252,0.0,0.0,48000,08,480000
307120_vit_tiny_patch16_224,307120,128,0.025,10,SGD,vit_tiny_patch16_224,695.2990744279814,90369.42710509583,0.7743,0.861,0.7836895515715528,0.8604075220628913,0.7749004289292308,0.8604947777709484,0.9977202001772604,0.9985959584609624,0.8628,0.4691459616956767,0.6365688647588997,0.0,0.0,48000,08,480000
307121_vit_tiny_patch16_224,307121,128,0.025,10,SGD,vit_tiny_patch16_224,680.5296802540543,95425.64349291431,0.7711,0.863,0.7854324187750085,0.8630144928883827,0.7724319804980537,0.8637970411563668,0.9976878772420054,0.9986161606909338,0.8678,0.466739404164117,0.6424497831004551,0.0,0.0,48000,08,480000
307122_vit_tiny_patch16_224,307122,128,0.025,10,SGD,vit_tiny_patch16_224,711.0898830799852,89584.58409112872,0.771,0.8565,0.7830346492464868,0.8553097142761403,0.7706088169093083,0.8563802725963694,0.9976868669913762,0.9985505039880456,0.8649,0.4641555921060122,0.6264515116296882,0.0,0.0,48000,08,480000
307123_vit_tiny_patch16_224,307123,128,0.025,10,SGD,vit_tiny_patch16_224,695.7027602960006,89844.03678028248,0.7801,0.8678,0.7896393323332512,0.8661764137631812,0.7799269888723488,0.8668370825960027,0.9977787861483516,0.9986646454243387,0.8612,0.4793660421272102,0.6507035206727768,0.0,0.0,48000,08,480000
307124_vit_tiny_patch16_224,307124,128,0.025,10,SGD,vit_tiny_patch16_224,687.8813953750068,92822.43707269596,0.7818,0.8647,0.7939898605065281,0.8639968664699041,0.7816398908535956,0.8642543620247628,0.9977959578591964,0.9986333322564128,0.8621,0.4841267480913234,0.6448003496873118,0.0,0.0,48000,08,480000
307125_vit_tiny_patch16_224,307125,128,0.025,10,SGD,vit_tiny_patch16_224,704.6508654130157,89673.10529852989,0.7793,0.8664,0.7894753723913378,0.8665792993274386,0.7814219017157898,0.8673452789392332,0.9977707051665168,0.9986505038978098,0.8628,0.4796888141441016,0.6503277685676296,0.0,0.0,48000,08,480000
307126_vit_tiny_patch16_224,307126,128,0.025,10,SGD,vit_tiny_patch16_224,712.2903142420109,90344.30317558488,0.7749,0.8637,0.7890160398833376,0.8640666629458367,0.776554713370653,0.8647181202330357,0.9977262608728692,0.9986232312615372,0.8631,0.4737126216812115,0.6444457945854817,0.0,0.0,48000,08,480000
307127_vit_tiny_patch16_224,307127,128,0.025,10,SGD,vit_tiny_patch16_224,703.933028834057,90952.61900496372,0.7783,0.8618,0.788570114435766,0.862216803438523,0.7791236452777279,0.8621257043384876,0.9977606044821414,0.9986040394200808,0.8632,0.4771117162202591,0.6397155159843056,0.0,0.0,48000,08,480000
307128_vit_tiny_patch16_224,307128,128,0.025,10,SGD,vit_tiny_patch16_224,680.0717367450125,95437.04685555852,0.7843,0.8663,0.7927420732337582,0.8648261917984541,0.7825865940798671,0.8655974096399014,0.9978212103866808,0.9986494938743588,0.862,0.4855112063630044,0.6476288435675511,0.0,0.0,48000,08,480000
307129_vit_tiny_patch16_224,307129,128,0.025,10,SGD,vit_tiny_patch16_224,692.385045065952,90675.19327566492,0.784,0.8645,0.7927290127412635,0.8634625578358228,0.7820864104064565,0.8649238728027022,0.9978181793685508,0.9986313115946234,0.8607,0.4850058394034134,0.6447503268473229,0.0,0.0,48000,08,480000
307130_vit_tiny_patch16_224,307130,128,0.025,10,SGD,vit_tiny_patch16_224,698.1767760170042,89490.02547158461,0.7783,0.8635,0.7901947647273879,0.8639201889040232,0.7771204554492858,0.8630832835308128,0.9977606042991588,0.9986212110366944,0.863,0.4768654647131543,0.6429681444465138,0.0,0.0,48000,08,480000
307220_vit_tiny_patch16_224,307220,128,0.02,10,SGD,vit_tiny_patch16_224,693.5136777070002,90703.61087460768,0.7651,0.8566,0.7743785297776398,0.8554434748373195,0.7652353512744068,0.8564068765231587,0.997627270809209,0.9985515139805898,0.8602,0.4523085969723553,0.6266427339160681,0.0,0.0,48000,08,480000
307221_vit_tiny_patch16_224,307221,128,0.02,10,SGD,vit_tiny_patch16_224,698.9510962310014,88999.30081791901,0.7698,0.8635,0.7807733283120961,0.8634557752580139,0.7706293853136447,0.864317628229926,0.9976747459200944,0.9986212111993612,0.8609,0.4621015447580401,0.6435415582416423,0.0,0.0,48000,08,480000
307222_vit_tiny_patch16_224,307222,128,0.02,10,SGD,vit_tiny_patch16_224,695.5384470840218,89910.12130162632,0.7571,0.8535,0.769896317195926,0.8523722526951656,0.757420469077682,0.8539354329355386,0.9975464628480578,0.9985202009355312,0.8628,0.4404084661696638,0.6203184792784715,0.0,0.0,48000,08,480000
307223_vit_tiny_patch16_224,307223,128,0.02,10,SGD,vit_tiny_patch16_224,707.886801058019,89629.21249109531,0.7801,0.8674,0.785933465748344,0.86611990434982,0.7793996726953349,0.8666000432936325,0.9977787861483516,0.9986606050171506,0.8622,0.4767937401834169,0.6501806820086931,0.0,0.0,48000,08,480000
307224_vit_tiny_patch16_224,307224,128,0.02,10,SGD,vit_tiny_patch16_224,708.3054422929999,89986.95367505963,0.772,0.8627,0.7834376251584346,0.8621686278056424,0.7720369373837873,0.8621807889928295,0.9976969678822032,0.9986131302202916,0.861,0.4658632551720502,0.6403945506940687,0.0,0.0,48000,08,480000
307225_vit_tiny_patch16_224,307225,128,0.02,10,SGD,vit_tiny_patch16_224,694.4130303779966,90427.03868297915,0.7719,0.8668,0.7786616442287777,0.8672882981662887,0.773725630401052,0.8676153552673433,0.9976959576279224,0.9986545443053017,0.8635,0.4639754690955592,0.6513657241806984,0.0,0.0,48000,08,480000
307226_vit_tiny_patch16_224,307226,128,0.02,10,SGD,vit_tiny_patch16_224,696.234937022964,90659.46108061045,0.7654,0.862,0.7794322960686917,0.8623780051021552,0.7669563044970338,0.8628090315708817,0.9976303012029102,0.9986060595311236,0.8583,0.4564646059745219,0.6404921578956336,0.0,0.0,48000,08,480000
307227_vit_tiny_patch16_224,307227,128,0.02,10,SGD,vit_tiny_patch16_224,685.7361865990097,94012.6702725054,0.7749,0.8599,0.7851778026325329,0.8604150999968496,0.775323213429821,0.8603328512248614,0.9977262610235904,0.9985848474873612,0.8602,0.4706606223466343,0.6356344847094261,0.0,0.0,48000,08,480000
307228_vit_tiny_patch16_224,307228,128,0.02,10,SGD,vit_tiny_patch16_224,703.2834466649801,89317.37078878428,0.785,0.865,0.79093491022429,0.8636915713577829,0.7833194820458345,0.8641374506095195,0.9978282810993804,0.9986363625507736,0.8621,0.4852942420208966,0.6447108688208262,0.0,0.0,48000,08,480000
307229_vit_tiny_patch16_224,307229,128,0.02,10,SGD,vit_tiny_patch16_224,677.3083677840186,96861.24499977108,0.7777,0.8575,0.7849453172993586,0.8566535754335858,0.7751058106500135,0.8575033169875,0.997754542933467,0.99856060444453,0.8587,0.4721024001949009,0.6289984820008724,0.0,0.0,48000,08,480000
307230_vit_tiny_patch16_224,307230,128,0.02,10,SGD,vit_tiny_patch16_224,697.0674207519623,90811.08250869816,0.7697,0.8621,0.7830681420083221,0.861906150184723,0.7683663916500563,0.8618176634836275,0.9976737355439615,0.99860706961143,0.8617,0.4620382625588273,0.6394810097302592,0.0,0.0,48000,08,480000
307320_vit_tiny_patch16_224,307320,128,0.04,10,SGD,vit_tiny_patch16_224,701.7861690390273,89784.30278855881,0.7694,0.8591,0.7841100548888695,0.8585749010267472,0.7696792202007768,0.858760752990893,0.9976707051877548,0.998576766526256,0.8605,0.4632614761818659,0.6325218797580231,0.0,0.0,48000,08,480000
307321_vit_tiny_patch16_224,307321,128,0.04,10,SGD,vit_tiny_patch16_224,708.2004415639676,89657.40616026407,0.7565,0.8611,0.7814773640877015,0.8612236960281393,0.7579848365805713,0.8620490626495699,0.9975404023959298,0.9985969687589102,0.8636,0.4470090826590951,0.6383983961507461,0.0,0.0,48000,08,480000
307322_vit_tiny_patch16_224,307322,128,0.04,10,SGD,vit_tiny_patch16_224,702.1256433939561,89686.29646561967,0.7575,0.8559,0.776569909234214,0.855396300431582,0.7572441114708317,0.8562013915241508,0.9975505032550598,0.9985444433775428,0.8671,0.4443590119471593,0.6259414658633301,0.0,0.0,48000,08,480000
307323_vit_tiny_patch16_224,307323,128,0.04,10,SGD,vit_tiny_patch16_224,679.519258218992,94942.39776897996,0.7789,0.8665,0.7947571341787883,0.8652152747610153,0.7791929469450811,0.8654750988725306,0.9977666649267874,0.9986515141009772,0.8625,0.4812714972838401,0.6479795305485407,0.0,0.0,48000,08,480000
307324_vit_tiny_patch16_224,307324,128,0.04,10,SGD,vit_tiny_patch16_224,707.7279480300494,89549.55306318168,0.7734,0.8619,0.7886480751509549,0.8611390232225219,0.7732946329782371,0.8613345819022119,0.997711109307488,0.9986050494058432,0.8631,0.4705840676963961,0.6384042839790007,0.0,0.0,48000,08,480000
307325_vit_tiny_patch16_224,307325,128,0.04,10,SGD,vit_tiny_patch16_224,705.2699901300366,89238.626675055,0.773,0.8622,0.7871705567445343,0.862620917542239,0.7749424027986376,0.862783991782186,0.9977070687485244,0.998608079619148,0.8644,0.4704579475096936,0.6408039168812405,0.0,0.0,48000,08,480000
307326_vit_tiny_patch16_224,307326,128,0.04,10,SGD,vit_tiny_patch16_224,707.4600771599798,89319.20641696008,0.7719,0.8646,0.7894788316699443,0.8653501140475816,0.7734323990677495,0.8657218629919402,0.9976959578191978,0.9986323221776388,0.859,0.4702427451719534,0.6468313940952198,0.0,0.0,48000,08,480000
307327_vit_tiny_patch16_224,307327,128,0.04,10,SGD,vit_tiny_patch16_224,709.8024446939817,89735.75016717851,0.7655,0.8612,0.7805769802887645,0.8611187242333987,0.7661706459727662,0.8613236022910497,0.9976313114617148,0.9985979788097484,0.8638,0.4567268198193596,0.6378581142296473,0.0,0.0,48000,08,480000
307328_vit_tiny_patch16_224,307328,128,0.04,10,SGD,vit_tiny_patch16_224,691.8471730059828,91241.86349443968,0.7766,0.8669,0.7925662032684309,0.8660523965297438,0.7742240303283573,0.866546589727037,0.997743432546984,0.9986555544852442,0.864,0.475464898029693,0.6497118832301246,0.0,0.0,48000,08,480000
307329_vit_tiny_patch16_224,307329,128,0.04,10,SGD,vit_tiny_patch16_224,696.8247329780133,89827.35481260109,0.7801,0.8664,0.7940866397401162,0.8663397995784312,0.7794734031655193,0.8670507456685683,0.9977787853849274,0.998650503535363,0.8607,0.4817855096832974,0.6499272574335333,0.0,0.0,48000,08,480000
307330_vit_tiny_patch16_224,307330,128,0.04,10,SGD,vit_tiny_patch16_224,706.5588937060093,89971.551509625,0.771,0.8649,0.7852882009365014,0.8649327716943218,0.770513075393173,0.864625866637056,0.9976868668674216,0.9986353524619592,0.8634,0.4654335854790677,0.6459269574357607,0.0,0.0,48000,08,480000
